asset_id,asset_type,age_days,days_since_last_pm,cumulative_downtime_hours,historical_work_order_count,vibration_rms,operating_temperature_c,power_consumption_kwh,ambient_humidity,thermal_vibration_index,pm_overdue_ratio,downtime_intensity,failed_within_30_days
AST-ELE-214,Elevator,132,190,0.0,0,5.49,85.2,35.3,47.2,3.119,2.111,0.0,1
AST-GEN-242,Generator,449,174,0.0,0,6.12,92.2,48.8,56.5,3.761,1.933,0.0,1
AST-IT -189,IT Server,2448,109,19.6,9,1.9,60.9,18.4,31.7,0.771,1.211,0.24,1
AST-HVA-323,HVAC,982,130,21.7,5,3.18,64.4,21.5,54.5,1.367,1.444,0.663,0
AST-IT -303,IT Server,2262,108,69.2,10,2.61,57.3,15.3,49.9,0.996,1.2,0.918,0
AST-IT -384,IT Server,56,195,6.5,1,4.17,54.8,20.8,52.4,1.526,2.167,3.482,0
AST-ELE-532,Elevator,1423,72,18.9,8,1.58,54.6,26.1,62.7,0.575,0.8,0.398,0
AST-WAT-444,Water Pump,448,24,19.4,2,2.12,64.9,36.9,61.2,0.917,0.267,1.299,0
AST-MED-967,Medical,1438,155,15.6,7,3.99,51.5,14.4,53.6,1.369,1.722,0.325,0
AST-HVA-847,HVAC,1911,138,74.9,10,4.78,81.8,25.9,68.8,2.606,1.533,1.176,1
AST-LAB-180,Lab Equipment,2291,76,2.0,13,1.44,51.9,13.6,50.2,0.499,0.844,0.026,0
AST-IT -982,IT Server,1511,148,95.6,6,4.15,73.7,20.4,53.8,2.04,1.644,1.898,1
AST-HVA-146,HVAC,963,198,9.3,6,6.19,74.2,22.2,54.1,3.059,2.2,0.29,1
AST-HVA-975,HVAC,983,222,17.6,4,5.67,91.5,32.9,29.9,3.456,2.467,0.537,1
AST-MED-564,Medical,1524,42,9.8,5,1.6,43.0,8.0,36.0,0.458,0.467,0.193,0
AST-GEN-786,Generator,1123,180,5.1,9,4.89,96.5,64.0,60.5,3.147,2.0,0.136,0
AST-ELE-173,Elevator,730,137,0.0,0,4.08,57.9,34.2,39.0,1.576,1.522,0.0,0
AST-GEN-573,Generator,1584,70,45.3,10,2.87,72.8,35.3,64.3,1.393,0.778,0.858,0
AST-ELE-804,Elevator,2311,57,150.1,11,4.07,70.9,25.1,52.8,1.922,0.633,1.949,1
AST-WAT-886,Water Pump,259,59,0.0,0,2.74,53.2,41.0,55.7,0.972,0.656,0.0,0
AST-WAT-423,Water Pump,1673,69,20.3,11,3.9,61.1,37.8,56.5,1.586,0.767,0.364,1
AST-IT -997,IT Server,1318,55,37.3,6,1.64,54.9,14.0,59.3,0.601,0.611,0.849,0
AST-LAB-758,Lab Equipment,1909,37,20.6,9,2.16,41.1,12.3,54.6,0.594,0.411,0.324,0
AST-GEN-862,Generator,2329,138,74.5,13,5.93,88.3,54.9,62.8,3.49,1.533,0.96,1
AST-IT -538,IT Server,2420,103,33.4,16,2.45,58.0,17.2,85.0,0.949,1.144,0.414,0
AST-GEN-621,Generator,2051,24,101.7,14,4.02,81.2,37.2,32.0,2.176,0.267,1.488,0
AST-WAT-212,Water Pump,656,161,7.5,2,3.19,76.8,35.9,51.0,1.633,1.789,0.343,0
AST-ELE-532,Elevator,2472,17,53.2,12,2.77,68.4,24.9,52.6,1.264,0.189,0.646,0
AST-IT -579,IT Server,2197,65,93.2,12,2.49,59.0,17.4,42.5,0.982,0.722,1.273,0
AST-WAT-111,Water Pump,499,175,0.3,2,4.41,88.5,37.5,46.2,2.6,1.944,0.018,0
AST-WAT-373,Water Pump,1423,29,93.6,11,4.16,73.7,27.6,49.3,2.044,0.322,1.973,1
AST-GEN-564,Generator,43,185,0.0,0,4.86,76.5,63.9,32.8,2.478,2.056,0.0,0
AST-MED-612,Medical,761,130,11.8,2,3.0,48.4,10.2,55.5,0.967,1.444,0.465,0
AST-WAT-740,Water Pump,1252,216,50.7,3,5.35,99.1,39.5,75.3,3.538,2.4,1.215,1
AST-IT -303,IT Server,656,96,3.8,6,1.22,49.0,17.5,44.4,0.398,1.067,0.174,0
AST-IT -897,IT Server,2202,236,71.6,10,6.84,85.8,29.0,57.6,3.911,2.622,0.975,1
AST-MED-600,Medical,109,29,0.0,0,1.36,40.7,8.0,51.4,0.368,0.322,0.0,0
AST-WAT-926,Water Pump,1289,62,25.5,11,2.83,68.9,30.7,42.6,1.298,0.689,0.593,0
AST-IT -180,IT Server,380,188,12.0,5,4.31,71.0,24.6,57.5,2.038,2.089,0.947,0
AST-HVA-878,HVAC,2211,197,2.1,6,4.44,90.4,29.9,59.6,2.675,2.189,0.028,1
AST-ELE-586,Elevator,2281,43,60.2,7,2.71,65.7,29.0,43.9,1.187,0.478,0.792,0
AST-WAT-721,Water Pump,1763,55,70.4,7,3.04,77.0,22.2,68.8,1.558,0.611,1.198,0
AST-WAT-847,Water Pump,853,183,11.4,3,5.85,73.0,42.2,68.4,2.845,2.033,0.401,1
AST-ELE-765,Elevator,1559,113,106.5,8,4.38,70.8,30.3,40.7,2.067,1.256,2.049,0
AST-LAB-223,Lab Equipment,1045,58,15.8,8,2.65,41.2,10.5,42.8,0.728,0.644,0.454,0
AST-HVA-702,HVAC,2298,59,63.1,12,1.97,63.9,23.9,61.6,0.84,0.656,0.824,0
AST-HVA-172,HVAC,271,59,0.0,0,2.33,62.9,24.3,48.4,0.975,0.656,0.0,0
AST-HVA-980,HVAC,1383,19,29.9,3,1.49,66.5,21.6,64.9,0.659,0.211,0.649,0
AST-MED-785,Medical,2018,55,3.5,10,1.82,43.5,9.8,53.7,0.527,0.611,0.052,0
AST-ELE-684,Elevator,2390,122,8.3,10,3.84,70.1,33.7,36.5,1.798,1.356,0.104,1
AST-LAB-926,Lab Equipment,1697,49,2.1,12,2.09,52.4,10.3,58.2,0.729,0.544,0.037,0
AST-ELE-541,Elevator,1481,109,13.8,4,2.96,67.5,35.9,50.9,1.333,1.211,0.28,0
AST-WAT-846,Water Pump,251,173,11.9,1,5.07,82.0,37.6,30.0,2.771,1.922,1.422,0
AST-ELE-200,Elevator,278,104,12.0,2,2.54,58.8,24.5,55.9,0.994,1.156,1.295,0
AST-WAT-982,Water Pump,477,64,5.1,4,1.86,55.1,25.1,47.7,0.684,0.711,0.321,0
AST-IT -559,IT Server,604,109,28.9,3,1.8,53.5,16.3,47.3,0.642,1.211,1.435,0
AST-LAB-355,Lab Equipment,338,114,2.8,2,2.04,36.2,11.3,66.4,0.492,1.267,0.249,0
AST-WAT-663,Water Pump,431,13,3.5,2,3.08,61.5,46.8,63.4,1.263,0.144,0.244,0
AST-IT -956,IT Server,90,24,0.0,0,0.61,46.4,13.3,32.9,0.187,0.267,0.0,0
AST-WAT-342,Water Pump,711,105,0.0,0,2.48,54.3,41.3,60.6,0.898,1.167,0.0,0
AST-GEN-985,Generator,1672,232,56.1,9,5.99,112.0,57.0,51.5,4.472,2.578,1.007,1
AST-LAB-102,Lab Equipment,1629,68,10.1,5,1.91,41.9,12.5,49.4,0.533,0.756,0.186,0
AST-WAT-565,Water Pump,1198,109,39.8,6,3.82,72.8,25.6,56.5,1.853,1.211,0.997,0
AST-ELE-902,Elevator,2306,170,37.5,16,5.66,60.6,32.7,46.3,2.288,1.889,0.488,1
AST-GEN-294,Generator,1245,56,14.8,6,2.24,78.1,52.5,59.3,1.166,0.622,0.357,0
AST-IT -853,IT Server,2250,16,41.4,13,2.1,51.4,15.8,42.8,0.721,0.178,0.552,0
AST-HVA-151,HVAC,2422,123,8.3,20,3.89,75.1,24.4,51.4,1.95,1.367,0.103,0
AST-WAT-643,Water Pump,674,15,30.3,3,3.17,77.2,36.2,46.1,1.629,0.167,1.349,0
AST-HVA-971,HVAC,791,18,41.3,5,1.5,56.8,21.2,59.9,0.569,0.2,1.566,0
AST-ELE-982,Elevator,993,104,66.4,7,3.82,79.5,29.9,53.0,2.028,1.156,2.006,1
AST-IT -352,IT Server,2401,153,15.4,9,3.97,66.0,19.5,59.9,1.744,1.7,0.192,1
AST-HVA-529,HVAC,2420,145,191.1,17,5.21,70.0,25.1,54.5,2.433,1.611,2.369,1
AST-MED-309,Medical,1316,62,114.8,8,2.11,55.2,8.8,49.3,0.777,0.689,2.617,0
AST-GEN-787,Generator,1258,118,49.4,4,4.0,86.0,50.6,52.7,2.292,1.311,1.178,1
AST-WAT-174,Water Pump,68,118,5.2,1,2.11,78.3,35.2,51.2,1.099,1.311,2.294,0
AST-IT -202,IT Server,330,138,50.3,2,3.45,62.2,17.7,48.4,1.43,1.533,4.573,0
AST-MED-235,Medical,1459,226,18.5,4,5.73,72.0,20.9,40.2,2.753,2.511,0.38,1
AST-GEN-478,Generator,1197,41,16.6,4,3.37,70.3,52.3,27.9,1.579,0.456,0.416,0
AST-IT -820,IT Server,1269,157,3.9,4,3.17,60.2,20.6,51.9,1.273,1.744,0.092,0
AST-WAT-769,Water Pump,2196,3,108.1,13,4.32,69.4,29.2,43.4,1.998,0.033,1.477,0
AST-IT -406,IT Server,454,225,0.0,0,4.94,73.5,25.7,68.0,2.424,2.5,0.0,1
AST-HVA-209,HVAC,2296,40,39.9,13,2.18,61.0,23.0,46.9,0.887,0.444,0.521,0
AST-IT -315,IT Server,1434,53,45.3,6,1.77,51.4,13.4,41.3,0.605,0.589,0.948,0
AST-WAT-370,Water Pump,2100,126,8.6,13,3.72,73.7,29.1,58.6,1.83,1.4,0.123,1
AST-WAT-152,Water Pump,408,163,0.0,0,5.35,76.7,36.4,63.9,2.739,1.811,0.0,0
AST-MED-145,Medical,44,86,2.1,1,0.63,45.3,6.5,40.2,0.191,0.956,1.432,0
AST-ELE-368,Elevator,691,190,19.3,4,4.17,74.3,40.4,49.6,2.067,2.111,0.838,0
AST-ELE-537,Elevator,2327,3,2.2,16,2.94,48.7,22.3,58.9,0.953,0.033,0.028,0
AST-ELE-252,Elevator,2264,10,199.7,8,2.98,69.2,21.2,56.6,1.373,0.111,2.646,0
AST-IT -665,IT Server,636,111,3.5,4,2.08,60.2,14.5,56.1,0.834,1.233,0.165,0
AST-MED-473,Medical,193,231,8.8,2,5.37,68.0,18.0,57.0,2.437,2.567,1.368,1
AST-ELE-355,Elevator,451,91,15.2,2,2.72,45.8,36.8,46.3,0.831,1.011,1.011,0
AST-WAT-516,Water Pump,663,237,5.5,3,6.55,90.1,56.5,48.8,3.93,2.633,0.249,1
AST-WAT-266,Water Pump,755,226,23.4,3,8.72,88.1,35.9,45.2,5.121,2.511,0.93,1
AST-GEN-854,Generator,1390,201,144.0,8,6.09,100.1,61.4,51.4,4.063,2.233,3.108,1
AST-WAT-785,Water Pump,1046,69,73.4,10,4.18,66.6,34.1,47.4,1.858,0.767,2.105,1
AST-ELE-210,Elevator,1596,224,4.8,10,5.82,93.7,38.1,51.6,3.632,2.489,0.09,1
AST-LAB-327,Lab Equipment,847,210,1.0,7,5.2,73.1,21.1,66.9,2.533,2.333,0.035,0
AST-MED-412,Medical,962,58,23.6,9,1.32,37.5,5.7,35.5,0.331,0.644,0.736,0
AST-GEN-508,Generator,1374,72,283.8,10,4.75,93.5,34.4,50.9,2.959,0.8,6.197,1
AST-WAT-385,Water Pump,1468,165,104.3,5,7.41,79.5,34.3,55.7,3.927,1.833,2.131,1
AST-ELE-963,Elevator,2226,85,24.3,16,4.56,67.4,24.5,52.0,2.048,0.944,0.327,0
AST-HVA-998,HVAC,1099,46,28.4,9,1.59,51.2,21.9,71.5,0.542,0.511,0.775,0
AST-MED-139,Medical,474,153,6.9,1,2.5,48.6,14.7,54.1,0.81,1.7,0.437,0
AST-ELE-905,Elevator,1314,112,191.5,15,4.14,72.0,34.9,40.2,1.985,1.244,4.372,1
AST-IT -218,IT Server,1607,231,28.8,5,5.91,79.1,28.4,33.8,3.114,2.567,0.538,1
AST-MED-145,Medical,1816,1,25.8,12,1.79,44.3,5.8,61.6,0.529,0.011,0.426,0
AST-WAT-651,Water Pump,837,94,51.1,6,3.16,49.0,35.8,63.0,1.035,1.044,1.832,0
AST-ELE-438,Elevator,1315,170,4.1,8,5.62,82.5,33.7,36.2,3.09,1.889,0.094,0
AST-ELE-407,Elevator,2107,80,109.9,18,2.66,63.0,27.8,52.9,1.118,0.889,1.565,0
AST-MED-512,Medical,1241,142,11.0,4,3.12,56.2,12.7,55.5,1.168,1.578,0.266,0
AST-LAB-780,Lab Equipment,1582,174,8.0,10,4.1,71.6,18.9,32.8,1.958,1.933,0.152,0
AST-GEN-730,Generator,2361,78,11.3,6,2.51,82.0,43.1,49.7,1.375,0.867,0.144,0
AST-WAT-100,Water Pump,1274,74,31.4,8,2.86,59.9,43.5,49.7,1.141,0.822,0.739,0
AST-WAT-693,Water Pump,1349,120,13.0,5,2.93,65.6,43.1,57.7,1.282,1.333,0.289,0
AST-ELE-318,Elevator,2123,122,16.5,15,3.95,61.7,38.3,54.3,1.627,1.356,0.233,0
AST-WAT-853,Water Pump,725,169,67.6,5,6.85,81.8,48.5,41.7,3.735,1.878,2.797,1
AST-IT -779,IT Server,1402,24,61.6,5,1.73,49.2,16.4,63.6,0.568,0.267,1.318,0
AST-WAT-340,Water Pump,1301,58,1.7,9,2.58,48.2,33.9,57.8,0.828,0.644,0.039,0
AST-GEN-125,Generator,219,63,5.6,2,2.5,77.8,56.4,44.5,1.297,0.7,0.767,0
AST-IT -970,IT Server,328,117,5.8,3,2.03,52.6,18.4,35.0,0.71,1.3,0.53,0
AST-ELE-689,Elevator,826,184,8.1,5,5.13,83.7,38.1,45.6,2.862,2.044,0.294,0
AST-LAB-509,Lab Equipment,1029,38,104.6,5,2.98,45.7,14.0,41.5,0.907,0.422,3.05,0
AST-HVA-868,HVAC,466,200,3.2,2,4.01,77.0,30.3,64.8,2.06,2.222,0.206,0
AST-GEN-923,Generator,2151,119,66.2,9,4.1,80.1,45.2,74.9,2.188,1.322,0.923,1
AST-GEN-968,Generator,527,117,9.4,5,3.3,69.3,46.4,37.6,1.525,1.3,0.535,0
AST-LAB-783,Lab Equipment,2205,144,80.7,19,4.76,65.0,18.3,20.0,2.06,1.6,1.098,1
AST-WAT-553,Water Pump,2097,110,9.9,11,2.88,71.8,35.0,42.2,1.38,1.222,0.142,0
AST-IT -556,IT Server,681,191,40.4,7,4.58,75.9,25.9,64.2,2.317,2.122,1.78,0
AST-LAB-365,Lab Equipment,1042,216,223.3,5,6.99,77.0,23.1,67.2,3.592,2.4,6.429,1
AST-WAT-896,Water Pump,2165,125,72.7,11,5.36,80.0,33.5,66.5,2.862,1.389,1.007,1
AST-MED-550,Medical,347,183,4.7,1,3.66,51.1,14.7,68.6,1.245,2.033,0.406,0
AST-MED-443,Medical,1339,229,33.1,5,5.8,80.0,20.8,46.1,3.09,2.544,0.742,1
AST-GEN-254,Generator,977,99,8.6,3,4.01,56.9,61.5,58.7,1.519,1.1,0.264,0
AST-ELE-319,Elevator,293,107,5.2,4,2.47,61.9,28.6,56.6,1.021,1.189,0.532,0
AST-IT -577,IT Server,1733,16,17.2,9,1.4,48.4,16.2,38.4,0.45,0.178,0.298,0
AST-LAB-498,Lab Equipment,2422,179,66.7,9,5.43,65.0,21.9,49.1,2.351,1.989,0.826,1
AST-WAT-689,Water Pump,1588,123,109.9,10,4.72,81.7,38.3,41.6,2.568,1.367,2.076,1
AST-MED-405,Medical,1627,219,107.3,9,6.48,74.6,18.8,48.2,3.22,2.433,1.978,1
AST-WAT-529,Water Pump,2234,192,20.6,13,7.65,71.8,42.0,50.0,3.66,2.133,0.277,1
AST-WAT-717,Water Pump,933,125,4.6,7,4.29,79.4,33.1,47.6,2.27,1.389,0.148,1
AST-LAB-597,Lab Equipment,148,100,0.0,0,1.41,39.2,11.7,35.3,0.369,1.111,0.0,0
AST-ELE-917,Elevator,1686,186,18.8,8,6.43,71.1,43.0,55.0,3.05,2.067,0.335,1
AST-LAB-230,Lab Equipment,2217,7,59.5,12,2.16,54.0,10.4,51.0,0.78,0.078,0.805,0
AST-IT -677,IT Server,141,22,0.0,0,1.21,38.0,13.8,33.1,0.305,0.244,0.0,0
AST-GEN-987,Generator,1921,47,177.2,16,5.83,84.2,46.3,46.3,3.273,0.522,2.767,1
AST-LAB-435,Lab Equipment,896,117,8.7,4,2.15,43.2,10.9,56.1,0.619,1.3,0.291,0
AST-WAT-488,Water Pump,1169,193,102.0,10,7.69,86.4,41.9,53.9,4.429,2.144,2.618,1
AST-LAB-358,Lab Equipment,365,121,6.2,2,2.62,44.9,14.6,49.9,0.783,1.344,0.51,0
AST-IT -153,IT Server,1463,58,30.2,11,1.74,50.5,10.9,42.2,0.587,0.644,0.619,0
AST-WAT-767,Water Pump,194,194,0.7,1,4.5,83.7,48.0,64.6,2.51,2.156,0.108,1
AST-GEN-304,Generator,113,160,0.0,0,4.16,94.9,51.8,46.0,2.634,1.778,0.0,1
AST-GEN-584,Generator,498,145,1.6,2,3.52,77.5,47.0,52.0,1.822,1.611,0.096,0
AST-LAB-816,Lab Equipment,1079,197,104.5,8,5.33,72.3,18.8,28.4,2.569,2.189,2.905,1
AST-IT -721,IT Server,499,200,9.7,3,4.37,68.6,26.1,40.4,1.999,2.222,0.583,0
AST-MED-210,Medical,2400,7,11.6,8,1.93,46.0,8.1,38.3,0.592,0.078,0.145,0
AST-IT -793,IT Server,1567,102,24.1,8,2.27,51.1,14.5,62.5,0.772,1.133,0.461,0
AST-GEN-177,Generator,2455,177,28.2,16,5.76,100.3,61.8,64.6,3.848,1.967,0.345,1
AST-GEN-204,Generator,1265,218,47.9,7,6.61,101.3,46.6,38.3,4.461,2.422,1.136,1
AST-WAT-223,Water Pump,2348,201,71.5,11,6.74,87.0,42.6,41.5,3.91,2.233,0.914,1
AST-IT -538,IT Server,1547,18,44.0,5,1.52,60.4,14.3,47.0,0.612,0.2,0.853,0
AST-MED-112,Medical,1750,211,34.7,14,5.29,60.4,20.6,36.8,2.131,2.344,0.595,1
AST-LAB-470,Lab Equipment,1913,182,13.2,17,4.85,64.4,17.3,61.0,2.082,2.022,0.207,1
AST-GEN-851,Generator,2167,167,33.3,9,5.89,96.5,55.9,64.1,3.786,1.856,0.461,1
AST-WAT-651,Water Pump,2010,120,175.5,7,5.02,76.4,38.4,56.9,2.555,1.333,2.619,1
AST-ELE-706,Elevator,1129,83,56.0,8,3.13,67.3,25.4,55.7,1.404,0.922,1.488,0
AST-WAT-188,Water Pump,1172,226,15.6,2,8.15,85.5,44.6,33.2,4.646,2.511,0.399,1
AST-WAT-575,Water Pump,2364,157,20.0,16,6.4,73.1,36.9,50.2,3.115,1.744,0.254,1
AST-MED-129,Medical,2054,218,115.0,14,6.27,71.9,18.1,40.2,3.006,2.422,1.68,1
AST-LAB-317,Lab Equipment,1483,205,58.0,10,6.24,69.5,21.9,40.0,2.89,2.278,1.173,1
AST-MED-710,Medical,1161,143,68.7,7,3.96,53.9,11.4,50.0,1.422,1.589,1.775,1
AST-GEN-187,Generator,1018,185,5.7,6,4.84,73.6,52.4,48.5,2.374,2.056,0.168,1
AST-IT -876,IT Server,1014,177,98.9,9,5.04,60.2,19.4,54.2,2.025,1.967,2.926,1
AST-ELE-602,Elevator,1865,203,1.4,9,6.06,69.9,38.8,48.2,2.827,2.256,0.023,1
AST-MED-326,Medical,1686,178,70.3,9,4.25,63.6,16.4,59.3,1.802,1.978,1.251,1
AST-ELE-695,Elevator,1541,122,13.9,7,2.95,60.1,29.7,54.4,1.182,1.356,0.271,0
AST-MED-535,Medical,2284,85,35.8,10,1.99,45.2,8.1,36.4,0.598,0.944,0.47,0
AST-LAB-377,Lab Equipment,1285,65,26.0,8,2.3,41.9,10.0,56.8,0.643,0.722,0.607,0
AST-ELE-297,Elevator,1322,31,12.1,7,2.66,66.0,23.7,50.7,1.17,0.344,0.275,0
AST-WAT-806,Water Pump,788,50,18.4,5,1.68,60.5,29.8,74.1,0.678,0.556,0.701,0
AST-LAB-383,Lab Equipment,2444,195,56.8,12,5.76,68.5,20.4,66.5,2.63,2.167,0.697,1
AST-MED-202,Medical,825,76,3.6,2,1.24,36.1,8.1,69.5,0.298,0.844,0.131,0
AST-GEN-409,Generator,87,182,0.0,0,4.75,73.3,58.6,49.1,2.322,2.022,0.0,0
AST-MED-146,Medical,253,142,12.8,2,2.74,54.5,12.5,32.7,0.993,1.578,1.518,0
AST-GEN-753,Generator,2040,27,46.5,9,4.23,80.1,50.2,47.7,2.258,0.3,0.684,0
AST-IT -391,IT Server,1952,123,78.6,11,3.13,67.6,17.0,45.2,1.411,1.367,1.208,1
AST-GEN-152,Generator,1064,221,77.1,6,7.24,114.1,55.4,55.4,5.508,2.456,2.174,1
AST-WAT-166,Water Pump,1671,126,34.5,7,5.94,72.8,31.1,57.2,2.883,1.4,0.619,1
AST-ELE-802,Elevator,249,39,15.3,4,2.11,65.1,27.6,23.1,0.917,0.433,1.843,0
AST-IT -411,IT Server,378,64,14.9,2,1.05,44.4,13.5,25.6,0.311,0.711,1.183,0
AST-WAT-526,Water Pump,2471,203,93.1,16,8.36,89.3,43.4,49.7,4.977,2.256,1.13,1
AST-WAT-635,Water Pump,1588,116,69.7,6,4.88,68.0,38.3,33.8,2.214,1.289,1.317,0
AST-MED-980,Medical,2440,110,35.0,16,3.09,44.2,10.5,58.0,0.911,1.222,0.43,0
AST-IT -161,IT Server,436,196,2.8,4,3.9,53.6,24.2,63.2,1.393,2.178,0.193,0
AST-GEN-370,Generator,362,41,6.6,2,2.2,72.8,42.1,59.0,1.066,0.456,0.547,0
AST-IT -176,IT Server,671,1,59.3,3,1.51,57.3,13.8,59.7,0.576,0.011,2.651,0
AST-ELE-708,Elevator,1954,75,109.5,15,3.04,67.7,20.1,46.4,1.374,0.833,1.681,1
AST-MED-823,Medical,1188,180,39.7,6,4.82,62.2,16.4,42.2,2.001,2.0,1.003,0
AST-HVA-803,HVAC,986,237,53.4,5,6.48,89.0,37.5,56.0,3.849,2.633,1.625,1
AST-WAT-740,Water Pump,2445,170,78.7,18,4.69,79.6,45.7,45.8,2.491,1.889,0.966,1
AST-GEN-535,Generator,500,140,36.4,5,4.27,68.1,47.5,39.9,1.941,1.556,2.184,0
AST-GEN-372,Generator,612,19,12.3,7,2.15,51.4,43.5,25.2,0.738,0.211,0.603,0
AST-WAT-414,Water Pump,2467,192,19.8,10,6.47,73.9,39.0,41.0,3.188,2.133,0.241,1
AST-MED-549,Medical,539,120,2.7,5,1.92,46.4,10.6,24.1,0.594,1.333,0.15,0
AST-ELE-512,Elevator,1145,129,22.2,7,3.92,70.1,24.6,60.7,1.832,1.433,0.582,0
AST-LAB-182,Lab Equipment,2479,11,109.3,18,3.19,52.1,10.7,54.1,1.109,0.122,1.323,0
AST-ELE-430,Elevator,1055,7,2.2,5,2.18,53.0,28.7,55.3,0.771,0.078,0.063,0
AST-ELE-956,Elevator,2386,151,81.1,15,5.5,83.0,34.7,57.6,3.044,1.678,1.02,1
AST-WAT-788,Water Pump,1133,148,0.3,4,2.96,67.0,49.7,44.2,1.321,1.644,0.008,1
AST-WAT-279,Water Pump,1957,133,14.7,3,5.56,65.1,40.2,55.1,2.415,1.478,0.225,0
AST-MED-285,Medical,2427,112,100.6,15,3.21,50.4,9.5,67.2,1.079,1.244,1.244,0
AST-LAB-193,Lab Equipment,1955,90,52.4,10,2.93,41.5,13.9,63.5,0.812,1.0,0.804,0
AST-MED-786,Medical,458,220,3.4,1,4.88,63.5,18.9,48.1,2.065,2.444,0.223,1
AST-LAB-810,Lab Equipment,2059,74,5.8,13,1.3,42.5,13.7,69.4,0.369,0.822,0.085,0
AST-LAB-933,Lab Equipment,2283,10,292.1,11,3.94,53.3,11.9,36.2,1.399,0.111,3.838,1
AST-MED-358,Medical,1354,30,0.8,4,1.18,39.3,5.8,45.7,0.311,0.333,0.018,0
AST-LAB-985,Lab Equipment,2137,212,318.4,17,7.08,78.0,24.3,54.4,3.682,2.356,4.47,1
AST-ELE-990,Elevator,2252,119,61.4,21,4.53,56.7,31.2,35.8,1.711,1.322,0.818,1
AST-GEN-630,Generator,1511,160,17.6,7,3.35,92.7,43.6,52.9,2.068,1.778,0.349,0
AST-ELE-552,Elevator,241,53,6.2,2,2.9,68.7,22.8,56.0,1.33,0.589,0.772,0
AST-GEN-394,Generator,1824,226,93.8,10,7.98,103.0,60.5,45.6,5.478,2.511,1.543,1
AST-HVA-129,HVAC,1010,182,10.9,8,4.61,82.9,22.6,85.0,2.549,2.022,0.324,1
AST-IT -114,IT Server,2292,105,308.1,13,3.48,59.6,17.2,67.9,1.38,1.167,4.033,1
AST-WAT-216,Water Pump,1920,31,12.5,18,2.93,71.3,34.8,20.0,1.39,0.344,0.195,0
AST-GEN-610,Generator,1225,131,14.9,7,4.86,75.2,42.4,41.8,2.439,1.456,0.365,0
AST-LAB-954,Lab Equipment,2006,121,698.7,19,4.41,63.8,15.9,56.2,1.876,1.344,10.449,1
AST-IT -248,IT Server,1601,49,31.4,10,1.56,49.7,13.2,46.3,0.517,0.544,0.588,0
AST-IT -864,IT Server,589,222,8.5,4,5.12,68.3,27.5,61.3,2.333,2.467,0.433,1
AST-WAT-908,Water Pump,1729,88,48.8,5,3.27,70.4,30.7,57.6,1.533,0.978,0.847,0
AST-IT -373,IT Server,40,73,0.0,0,0.93,45.2,11.3,64.4,0.28,0.811,0.0,0
AST-WAT-701,Water Pump,2405,169,197.6,15,4.69,89.0,47.2,64.9,2.783,1.878,2.465,1
AST-GEN-557,Generator,2236,124,10.0,6,4.67,84.8,49.4,66.4,2.637,1.378,0.134,1
AST-IT -881,IT Server,2255,97,107.5,12,2.86,48.4,14.0,45.1,0.921,1.078,1.43,0
AST-MED-990,Medical,802,179,0.0,3,3.82,57.5,16.6,37.6,1.465,1.989,0.0,0
AST-LAB-339,Lab Equipment,1712,12,24.3,3,1.79,45.7,9.6,40.2,0.547,0.133,0.426,0
AST-LAB-822,Lab Equipment,1591,99,0.3,13,2.26,42.9,13.1,50.8,0.646,1.1,0.006,0
AST-WAT-940,Water Pump,653,127,36.5,4,3.68,70.5,37.0,48.5,1.728,1.411,1.677,0
AST-GEN-614,Generator,2447,85,47.7,13,2.97,66.1,41.6,48.2,1.309,0.944,0.585,0
AST-WAT-965,Water Pump,1833,26,134.7,13,3.79,74.3,30.2,75.2,1.878,0.289,2.205,1
AST-LAB-115,Lab Equipment,620,105,3.5,4,2.48,50.6,15.2,33.6,0.836,1.167,0.169,0
AST-GEN-176,Generator,1953,201,13.3,10,5.99,100.2,50.6,48.0,4.0,2.233,0.204,1
AST-MED-738,Medical,1658,167,12.3,5,3.96,47.1,15.4,21.1,1.245,1.856,0.223,1
AST-MED-972,Medical,2215,98,48.7,13,2.5,49.9,7.2,63.4,0.831,1.089,0.66,0
AST-ELE-835,Elevator,2028,224,61.8,7,7.08,91.7,43.3,41.1,4.33,2.489,0.914,1
AST-IT -170,IT Server,991,162,6.4,3,3.45,62.2,21.4,52.9,1.432,1.8,0.194,0
AST-MED-332,Medical,400,112,1.2,3,1.67,40.1,11.8,48.7,0.446,1.244,0.09,0
AST-WAT-748,Water Pump,441,114,19.0,1,3.46,66.8,28.0,42.6,1.542,1.267,1.293,0
AST-MED-129,Medical,218,84,0.0,0,1.55,40.7,6.7,53.0,0.42,0.933,0.0,0
AST-MED-467,Medical,1565,111,10.5,11,1.98,45.5,9.8,57.0,0.6,1.233,0.201,0
AST-IT -521,IT Server,2348,175,68.3,10,4.8,69.7,21.7,66.5,2.229,1.944,0.873,1
AST-GEN-279,Generator,353,157,2.2,2,3.2,80.0,47.7,57.1,1.706,1.744,0.187,0
AST-IT -799,IT Server,1016,128,58.4,10,3.01,59.1,16.7,55.9,1.188,1.422,1.724,0
AST-GEN-337,Generator,1918,164,17.0,10,6.28,97.9,52.7,35.6,4.098,1.822,0.266,1
AST-MED-782,Medical,68,231,0.1,1,4.98,68.8,20.8,44.6,2.281,2.567,0.044,0
AST-MED-793,Medical,2268,41,50.4,15,2.28,44.4,7.0,54.1,0.674,0.456,0.667,0
AST-MED-701,Medical,1255,164,58.9,7,3.73,63.8,13.3,59.5,1.584,1.822,1.408,0
AST-ELE-356,Elevator,1901,217,70.6,11,6.59,85.6,32.2,50.4,3.761,2.411,1.114,1
AST-LAB-973,Lab Equipment,2009,28,3.5,3,1.77,49.7,12.2,57.0,0.588,0.311,0.052,0
AST-IT -467,IT Server,2384,76,52.4,12,1.98,59.4,16.8,46.5,0.784,0.844,0.659,0
AST-MED-122,Medical,1651,71,4.9,11,0.94,42.5,8.5,54.9,0.267,0.789,0.089,1
AST-WAT-802,Water Pump,230,234,8.8,1,6.02,91.1,44.5,62.6,3.656,2.6,1.148,1
AST-LAB-952,Lab Equipment,1202,199,26.1,3,4.92,68.3,19.1,37.0,2.242,2.211,0.651,0
AST-IT -921,IT Server,1473,57,40.9,2,1.89,44.1,16.5,55.6,0.555,0.633,0.833,0
AST-IT -356,IT Server,590,161,30.5,3,3.42,55.9,24.2,29.4,1.273,1.789,1.551,0
AST-ELE-761,Elevator,191,80,4.7,1,1.52,59.1,29.8,66.8,0.6,0.889,0.738,0
AST-HVA-693,HVAC,1524,188,30.3,7,4.11,78.0,33.7,61.9,2.14,2.089,0.596,1
AST-MED-434,Medical,1731,45,18.2,17,2.01,46.2,7.6,49.1,0.619,0.5,0.315,0
AST-WAT-652,Water Pump,1528,136,163.8,8,5.44,74.3,39.2,55.1,2.697,1.511,3.216,1
AST-MED-950,Medical,703,66,48.1,4,1.65,39.6,8.8,45.3,0.435,0.733,2.053,0
AST-LAB-925,Lab Equipment,1238,192,47.1,7,5.23,65.2,18.7,36.8,2.274,2.133,1.141,0
AST-WAT-217,Water Pump,1948,20,22.0,9,2.64,75.0,29.4,29.5,1.32,0.222,0.339,0
AST-GEN-980,Generator,1657,217,75.1,9,7.02,97.9,52.2,30.0,4.582,2.411,1.36,1
AST-MED-192,Medical,1646,4,23.0,9,1.37,40.4,7.9,32.6,0.37,0.044,0.419,0
AST-HVA-565,HVAC,1539,173,108.9,6,5.51,77.9,34.4,66.1,2.865,1.922,2.123,1
AST-MED-698,Medical,1590,211,15.2,8,5.66,67.6,18.7,54.1,2.553,2.344,0.287,1
AST-MED-210,Medical,987,121,26.2,5,2.49,41.6,10.5,56.0,0.691,1.344,0.796,0
AST-IT -435,IT Server,936,166,17.1,5,3.68,61.1,21.0,59.9,1.499,1.844,0.548,1
AST-WAT-575,Water Pump,1267,167,16.0,3,6.66,86.8,42.3,38.3,3.855,1.856,0.379,1
AST-GEN-146,Generator,182,78,0.0,0,2.54,73.2,40.3,39.6,1.24,0.867,0.0,0
AST-HVA-199,HVAC,991,228,26.8,4,6.75,86.8,28.9,52.5,3.904,2.533,0.811,1
AST-LAB-564,Lab Equipment,1549,172,135.4,10,5.87,73.7,22.7,41.0,2.883,1.911,2.622,1
AST-ELE-653,Elevator,1746,151,21.5,10,4.09,72.3,36.4,49.8,1.97,1.678,0.369,0
AST-GEN-524,Generator,435,214,3.2,1,5.08,100.8,53.5,46.6,3.413,2.378,0.221,1
AST-LAB-386,Lab Equipment,164,177,0.0,0,4.28,61.4,20.3,61.6,1.751,1.967,0.0,0
AST-LAB-555,Lab Equipment,997,219,13.0,3,4.74,73.4,24.6,44.4,2.321,2.433,0.391,1
AST-ELE-476,Elevator,2260,231,235.3,16,8.02,98.9,40.1,23.4,5.285,2.567,3.123,1
AST-MED-162,Medical,1660,71,94.1,14,2.71,44.7,7.5,46.5,0.806,0.789,1.701,0
AST-HVA-968,HVAC,1892,24,53.3,7,2.97,72.0,21.1,55.1,1.424,0.267,0.845,0
AST-ELE-754,Elevator,2475,6,18.1,12,4.62,64.1,22.2,43.2,1.976,0.067,0.219,1
AST-MED-349,Medical,545,202,13.4,4,5.32,64.1,16.3,56.4,2.271,2.244,0.738,0
AST-HVA-949,HVAC,2300,54,159.5,13,4.02,81.1,22.8,39.0,2.174,0.6,2.08,1
AST-WAT-990,Water Pump,984,85,4.2,3,3.51,58.5,32.2,32.6,1.369,0.944,0.128,0
AST-WAT-710,Water Pump,41,71,0.0,0,4.77,49.7,39.0,62.0,1.582,0.789,0.0,0
AST-GEN-233,Generator,2242,65,69.4,9,4.56,78.8,47.4,54.1,2.397,0.722,0.929,0
AST-HVA-776,HVAC,135,34,9.4,1,1.14,51.6,19.4,49.2,0.393,0.378,2.089,0
AST-WAT-907,Water Pump,1004,151,50.4,4,5.8,59.1,34.2,52.5,2.286,1.678,1.506,1
AST-GEN-371,Generator,244,33,70.5,2,1.48,79.0,40.7,35.7,0.778,0.367,8.668,0
AST-IT -216,IT Server,290,122,2.8,1,2.33,50.5,20.6,61.6,0.783,1.356,0.29,0
AST-MED-625,Medical,2461,28,0.5,15,2.02,45.6,7.1,51.0,0.615,0.311,0.006,0
AST-GEN-729,Generator,207,187,29.2,3,4.55,90.5,60.3,68.3,2.744,2.078,4.232,0
AST-WAT-774,Water Pump,2165,78,18.2,14,3.5,67.2,32.9,53.7,1.567,0.867,0.252,0
AST-HVA-162,HVAC,1991,217,158.4,12,8.53,98.2,32.3,35.4,5.579,2.411,2.387,1
AST-ELE-210,Elevator,2038,183,17.6,13,4.81,73.9,34.2,33.1,2.372,2.033,0.259,0
AST-HVA-182,HVAC,1349,156,63.7,9,4.88,72.3,22.8,63.3,2.353,1.733,1.417,1
AST-GEN-381,Generator,2427,141,78.3,11,5.61,77.3,55.0,35.2,2.892,1.567,0.968,1
AST-LAB-711,Lab Equipment,2203,76,8.3,15,1.66,54.2,11.2,49.2,0.601,0.844,0.113,0
AST-IT -540,IT Server,436,204,12.7,1,4.65,60.2,24.7,46.8,1.866,2.267,0.874,0
AST-WAT-770,Water Pump,2288,185,144.6,11,7.74,88.4,37.7,57.7,4.561,2.056,1.896,1
AST-LAB-562,Lab Equipment,965,106,81.7,2,3.35,49.2,14.0,53.8,1.099,1.178,2.54,0
AST-LAB-508,Lab Equipment,1733,187,13.4,5,5.0,73.0,22.0,34.3,2.433,2.078,0.232,1
AST-LAB-420,Lab Equipment,1074,96,11.7,2,2.07,51.7,16.1,62.3,0.715,1.067,0.327,0
AST-ELE-585,Elevator,304,24,36.9,5,1.51,54.8,31.0,51.9,0.552,0.267,3.641,0
AST-HVA-542,HVAC,425,191,97.8,3,6.31,86.6,28.5,51.5,3.643,2.122,6.904,1
AST-WAT-233,Water Pump,2308,16,81.5,12,4.41,67.5,32.0,34.7,1.985,0.178,1.059,0
AST-IT -675,IT Server,1380,172,59.5,9,4.3,70.7,25.3,60.2,2.027,1.911,1.293,1
AST-MED-994,Medical,1762,223,2.5,13,5.4,67.7,20.2,53.1,2.438,2.478,0.043,0
AST-HVA-394,HVAC,2489,80,27.1,19,3.2,53.4,25.0,42.4,1.137,0.889,0.327,0
AST-IT -619,IT Server,901,40,2.3,6,1.09,45.8,14.5,41.0,0.333,0.444,0.077,0
AST-GEN-967,Generator,473,90,0.0,0,2.2,55.8,41.7,46.6,0.818,1.0,0.0,0
AST-MED-217,Medical,1171,147,17.1,8,3.19,51.6,11.8,34.4,1.096,1.633,0.438,0
AST-LAB-965,Lab Equipment,2327,197,21.3,15,5.27,71.3,22.5,45.4,2.505,2.189,0.275,1
AST-IT -791,IT Server,2310,7,31.8,8,2.03,41.3,14.2,53.6,0.558,0.078,0.413,0
AST-ELE-949,Elevator,1125,8,22.2,6,3.2,55.3,27.5,42.4,1.181,0.089,0.592,0
AST-ELE-880,Elevator,1295,236,48.4,12,7.22,101.5,45.4,49.3,4.883,2.622,1.121,1
AST-HVA-285,HVAC,616,145,34.5,4,3.83,64.7,32.9,69.5,1.654,1.611,1.68,0
AST-HVA-245,HVAC,155,24,1.6,1,0.6,58.5,19.1,54.8,0.236,0.267,0.31,0
AST-GEN-485,Generator,1749,117,28.2,10,3.39,89.2,48.0,39.9,2.016,1.3,0.484,1
AST-MED-419,Medical,1358,199,0.0,8,4.87,64.0,18.7,58.3,2.077,2.211,0.0,0
AST-IT -186,IT Server,245,40,0.0,0,0.83,43.9,16.9,49.7,0.243,0.444,0.0,0
AST-IT -150,IT Server,364,70,0.0,0,0.88,41.3,14.8,60.7,0.242,0.778,0.0,0
AST-LAB-597,Lab Equipment,1840,107,10.1,10,1.56,47.3,12.5,66.7,0.493,1.189,0.165,0
AST-WAT-624,Water Pump,496,89,2.7,2,2.7,43.2,35.7,52.6,0.779,0.989,0.163,0
AST-MED-794,Medical,2459,125,4.3,14,2.95,48.2,12.4,47.4,0.947,1.389,0.052,0
AST-MED-146,Medical,933,102,3.6,1,1.6,43.9,7.2,59.0,0.469,1.133,0.116,0
AST-HVA-107,HVAC,867,78,44.5,5,2.96,49.2,24.5,51.4,0.971,0.867,1.54,0
AST-WAT-240,Water Pump,1076,75,21.0,2,4.31,62.8,28.6,35.5,1.805,0.833,0.586,0
AST-HVA-609,HVAC,1793,45,257.9,13,4.06,74.9,20.0,47.2,2.029,0.5,4.315,1
AST-IT -820,IT Server,972,129,95.0,6,3.38,55.0,18.4,20.0,1.238,1.433,2.932,0
AST-ELE-925,Elevator,1480,19,14.3,10,1.92,70.4,31.9,47.2,0.902,0.211,0.29,0
AST-ELE-143,Elevator,1816,5,79.7,10,2.07,66.4,20.0,49.2,0.915,0.056,1.317,0
AST-HVA-982,HVAC,1312,148,45.1,7,5.53,75.3,26.1,60.3,2.775,1.644,1.031,1
AST-LAB-826,Lab Equipment,1740,75,4.5,6,1.93,42.4,12.8,75.0,0.545,0.833,0.078,0
AST-HVA-432,HVAC,733,206,5.0,1,5.75,76.0,25.4,39.7,2.912,2.289,0.205,0
AST-LAB-951,Lab Equipment,1512,23,22.8,4,2.18,39.0,13.9,44.3,0.566,0.256,0.452,0
AST-HVA-349,HVAC,1814,151,15.0,10,5.04,65.7,25.7,63.8,2.21,1.678,0.248,1
AST-HVA-505,HVAC,1300,191,27.1,7,4.8,74.6,30.9,50.6,2.39,2.122,0.625,1
AST-MED-897,Medical,718,20,2.2,3,1.52,40.2,7.3,52.7,0.408,0.222,0.092,0
AST-HVA-643,HVAC,2118,50,31.0,10,2.99,61.6,16.8,66.6,1.226,0.556,0.439,0
AST-MED-459,Medical,634,61,2.6,1,1.84,36.0,7.3,52.5,0.441,0.678,0.123,0
AST-MED-302,Medical,740,155,21.1,2,3.45,51.9,11.6,53.9,1.196,1.722,0.855,0
AST-WAT-771,Water Pump,338,46,39.1,3,4.13,72.3,39.0,43.3,1.989,0.511,3.47,0
AST-ELE-605,Elevator,1930,194,36.9,11,6.61,86.0,37.6,47.0,3.791,2.156,0.574,1
AST-IT -559,IT Server,2342,165,44.0,13,4.44,66.7,22.7,44.3,1.974,1.833,0.564,1
AST-IT -430,IT Server,1324,39,9.5,5,1.37,50.9,13.1,65.4,0.466,0.433,0.215,0
AST-LAB-552,Lab Equipment,1270,204,51.7,8,5.33,73.0,19.2,56.9,2.593,2.267,1.221,1
AST-HVA-460,HVAC,2108,19,29.2,9,2.53,56.0,26.9,44.3,0.944,0.211,0.416,0
AST-LAB-138,Lab Equipment,263,95,3.0,1,1.98,52.0,11.5,42.7,0.686,1.056,0.342,0
AST-HVA-760,HVAC,399,158,0.0,0,4.25,63.9,27.2,58.9,1.812,1.756,0.0,0
AST-LAB-573,Lab Equipment,2407,142,25.6,5,3.69,58.7,16.0,50.4,1.446,1.578,0.319,0
AST-ELE-142,Elevator,1872,233,3.2,13,5.67,97.3,40.1,55.3,3.679,2.589,0.051,1
AST-ELE-292,Elevator,1346,155,20.0,6,4.86,75.2,30.4,41.5,2.436,1.722,0.446,1
AST-GEN-163,Generator,1875,27,12.3,5,3.43,66.1,44.9,42.1,1.51,0.3,0.197,0
AST-WAT-451,Water Pump,375,130,9.1,2,4.03,58.5,38.3,58.6,1.573,1.444,0.728,0
AST-HVA-353,HVAC,1823,113,1.3,6,3.99,54.3,25.6,36.3,1.445,1.256,0.021,0
AST-IT -262,IT Server,1520,96,11.2,11,1.49,58.1,12.8,60.7,0.578,1.067,0.221,0
AST-LAB-518,Lab Equipment,1415,174,35.0,11,3.86,60.3,21.1,52.5,1.553,1.933,0.742,0
AST-WAT-746,Water Pump,1400,17,105.9,8,4.48,63.3,34.8,45.2,1.889,0.189,2.269,0
AST-IT -794,IT Server,1613,73,21.3,11,1.45,54.2,12.6,59.1,0.523,0.811,0.396,0
AST-WAT-772,Water Pump,2498,224,22.2,15,8.36,93.9,41.8,24.6,5.232,2.489,0.267,1
AST-HVA-696,HVAC,609,235,1.5,3,5.71,95.7,29.9,52.3,3.64,2.611,0.074,1
AST-ELE-815,Elevator,1635,34,4.5,8,1.37,65.5,27.3,59.3,0.597,0.378,0.083,0
AST-HVA-417,HVAC,2319,97,16.7,8,4.01,61.0,23.0,51.8,1.632,1.078,0.216,0
AST-MED-932,Medical,553,172,7.6,4,4.0,51.5,16.3,70.8,1.373,1.911,0.412,0
AST-ELE-801,Elevator,2186,24,48.8,10,2.53,60.6,29.0,57.8,1.021,0.267,0.67,0
AST-LAB-620,Lab Equipment,1512,5,37.4,5,1.61,44.0,12.0,46.4,0.472,0.056,0.742,0
AST-GEN-319,Generator,1429,197,5.4,9,5.39,90.2,63.5,20.1,3.242,2.189,0.113,1
AST-GEN-240,Generator,664,20,40.2,6,1.88,82.0,47.3,38.7,1.027,0.222,1.816,0
AST-WAT-203,Water Pump,2109,198,49.7,7,7.7,93.7,41.0,63.0,4.811,2.2,0.707,1
AST-ELE-639,Elevator,184,170,0.3,2,4.14,60.1,39.1,54.2,1.657,1.889,0.049,0
AST-WAT-732,Water Pump,566,153,19.9,1,4.61,65.9,42.6,77.8,2.024,1.7,1.055,0
AST-GEN-285,Generator,708,185,0.7,1,6.21,107.8,57.4,34.8,4.467,2.056,0.03,1
AST-LAB-473,Lab Equipment,1002,114,8.8,4,2.74,50.7,14.6,65.4,0.926,1.267,0.263,0
AST-WAT-866,Water Pump,1868,60,79.9,13,2.53,66.6,34.4,71.6,1.124,0.667,1.283,0
AST-MED-928,Medical,1951,232,1.1,9,5.84,69.8,20.8,62.1,2.718,2.578,0.017,1
AST-MED-794,Medical,2366,113,33.3,11,2.75,56.2,10.7,48.4,1.029,1.256,0.422,0
AST-MED-896,Medical,1594,129,25.4,6,3.14,47.0,9.9,29.8,0.983,1.433,0.478,0
AST-GEN-936,Generator,847,206,31.3,5,6.39,99.6,71.2,43.5,4.239,2.289,1.109,1
AST-WAT-356,Water Pump,243,165,2.5,1,4.5,66.4,40.7,41.3,1.991,1.833,0.309,0
AST-MED-667,Medical,450,183,4.8,1,4.37,58.9,13.5,61.0,1.716,2.033,0.32,0
AST-WAT-227,Water Pump,1197,22,6.9,7,4.6,50.5,34.4,67.9,1.55,0.244,0.173,0
AST-MED-560,Medical,2132,38,58.3,15,2.65,48.4,7.2,60.8,0.855,0.422,0.82,0
AST-HVA-327,HVAC,1877,227,212.2,17,7.93,74.4,35.7,51.5,3.937,2.522,3.392,1
AST-HVA-524,HVAC,248,102,0.4,3,1.88,60.8,22.4,37.2,0.764,1.133,0.048,0
AST-GEN-495,Generator,364,96,11.0,2,2.41,77.6,43.5,32.6,1.248,1.067,0.907,0
AST-MED-201,Medical,1403,203,209.1,11,6.79,76.0,18.1,34.7,3.44,2.256,4.471,1
AST-HVA-393,HVAC,1965,179,4.1,11,5.94,77.9,24.3,51.6,3.086,1.989,0.063,1
AST-WAT-822,Water Pump,1951,115,42.0,12,3.81,66.9,31.8,34.9,1.699,1.278,0.646,0
AST-HVA-119,HVAC,1078,56,43.9,4,2.57,49.2,27.6,72.8,0.845,0.622,1.222,0
AST-IT -844,IT Server,2191,109,327.8,17,3.75,65.8,15.5,59.9,1.643,1.211,4.488,1
AST-MED-343,Medical,1263,32,13.2,3,1.4,36.4,9.2,24.7,0.339,0.356,0.314,0
AST-LAB-754,Lab Equipment,1902,17,33.3,5,1.76,57.2,7.2,46.1,0.67,0.189,0.525,0
AST-LAB-711,Lab Equipment,2225,5,150.7,8,3.78,58.8,10.3,30.8,1.481,0.056,2.032,0
AST-IT -347,IT Server,618,75,1.2,1,1.22,52.6,11.8,81.7,0.428,0.833,0.058,0
AST-IT -461,IT Server,1015,147,74.7,6,3.56,67.6,16.3,29.6,1.606,1.633,2.208,0
AST-ELE-784,Elevator,380,135,23.6,3,4.9,55.2,33.6,55.7,1.802,1.5,1.863,0
AST-HVA-638,HVAC,2258,130,120.1,17,4.73,66.0,18.0,63.2,2.081,1.444,1.596,1
AST-IT -667,IT Server,113,100,0.0,0,1.31,42.3,13.6,46.6,0.37,1.111,0.0,0
AST-HVA-750,HVAC,1614,96,49.8,13,4.22,71.3,24.7,40.3,2.006,1.067,0.926,1
AST-HVA-465,HVAC,306,89,0.0,0,2.09,62.8,24.9,37.1,0.875,0.989,0.0,0
AST-ELE-743,Elevator,454,198,9.1,5,6.73,68.6,29.2,51.4,3.08,2.2,0.601,1
AST-WAT-440,Water Pump,576,12,0.0,0,3.47,52.3,32.3,45.7,1.21,0.133,0.0,0
AST-MED-933,Medical,747,213,17.7,3,4.53,70.2,19.4,50.6,2.122,2.367,0.711,0
AST-LAB-812,Lab Equipment,1990,162,83.1,7,5.26,67.5,20.3,54.7,2.369,1.8,1.253,1
AST-GEN-164,Generator,1904,10,146.5,10,2.96,83.2,39.4,42.3,1.64,0.111,2.308,1
AST-HVA-910,HVAC,847,227,2.6,5,5.3,81.9,31.0,31.2,2.894,2.522,0.092,1
AST-MED-627,Medical,1661,209,6.0,6,5.2,69.6,20.2,59.0,2.41,2.322,0.108,1
AST-MED-137,Medical,812,74,9.5,6,1.36,42.1,7.4,45.6,0.381,0.822,0.351,0
AST-WAT-148,Water Pump,1389,70,109.6,12,4.6,76.9,31.5,55.0,2.357,0.778,2.367,1
AST-MED-547,Medical,1668,191,31.2,10,4.69,61.3,16.5,50.9,1.918,2.122,0.561,1
AST-LAB-447,Lab Equipment,795,128,2.7,7,2.31,51.2,13.7,36.6,0.789,1.422,0.102,0
AST-MED-916,Medical,2156,69,116.8,10,2.75,52.8,8.4,51.7,0.966,0.767,1.625,0
AST-ELE-534,Elevator,353,111,12.5,2,2.13,61.0,33.9,42.6,0.866,1.233,1.062,0
AST-WAT-284,Water Pump,2264,76,310.6,17,5.35,62.1,35.5,57.1,2.216,0.844,4.116,1
AST-HVA-435,HVAC,1240,79,3.0,9,2.08,67.4,20.8,62.6,0.934,0.878,0.073,0
AST-ELE-536,Elevator,712,177,22.9,3,6.79,77.3,40.6,48.2,3.499,1.967,0.965,1
AST-LAB-143,Lab Equipment,1474,158,130.5,10,5.41,74.8,16.0,40.0,2.697,1.756,2.656,0
AST-MED-754,Medical,264,20,6.0,2,1.37,39.1,6.3,34.2,0.357,0.222,0.682,0
AST-LAB-472,Lab Equipment,2131,206,34.9,10,5.77,77.3,19.6,50.3,2.976,2.289,0.491,1
AST-GEN-131,Generator,614,218,13.1,2,5.11,110.7,65.1,45.4,3.771,2.422,0.64,1
AST-WAT-548,Water Pump,172,33,0.0,0,1.56,72.0,24.1,46.6,0.747,0.367,0.0,0
AST-WAT-760,Water Pump,1530,93,29.3,9,2.6,67.8,33.8,52.0,1.174,1.033,0.575,0
AST-IT -133,IT Server,658,174,5.1,2,3.95,54.7,20.7,53.9,1.441,1.933,0.233,0
AST-MED-480,Medical,1848,196,8.8,7,4.89,61.7,16.1,63.1,2.013,2.178,0.143,1
AST-GEN-642,Generator,1533,102,234.1,9,3.57,89.5,47.5,50.2,2.129,1.133,4.581,1
AST-MED-355,Medical,494,7,5.1,2,1.5,37.2,9.2,44.0,0.371,0.078,0.31,0
AST-LAB-630,Lab Equipment,1615,234,3.2,2,5.43,76.6,20.7,35.3,2.773,2.6,0.059,1
AST-MED-893,Medical,1096,181,12.7,6,3.97,54.7,16.1,43.4,1.448,2.011,0.348,0
AST-IT -392,IT Server,2041,52,100.9,7,2.62,53.8,13.2,51.0,0.94,0.578,1.483,0
AST-WAT-175,Water Pump,1881,45,212.1,18,4.4,69.0,32.0,46.1,2.021,0.5,3.383,1
AST-LAB-189,Lab Equipment,1339,171,10.5,10,3.88,64.2,18.8,26.4,1.661,1.9,0.235,0
AST-HVA-663,HVAC,2250,75,66.5,14,3.01,56.3,20.3,48.9,1.129,0.833,0.887,0
AST-WAT-261,Water Pump,743,204,4.7,4,6.59,81.6,43.4,43.4,3.587,2.267,0.19,1
AST-GEN-224,Generator,853,203,6.4,5,6.86,96.9,53.0,43.7,4.427,2.256,0.225,1
AST-WAT-605,Water Pump,137,93,0.0,0,1.66,55.9,38.2,54.6,0.618,1.033,0.0,0
AST-MED-578,Medical,2289,34,14.5,11,1.7,39.6,9.4,70.1,0.448,0.378,0.19,0
AST-HVA-167,HVAC,1296,102,90.4,7,4.23,56.0,21.8,48.2,1.58,1.133,2.093,0
AST-ELE-590,Elevator,2183,106,38.1,13,3.14,63.7,24.9,49.5,1.334,1.178,0.524,0
AST-WAT-688,Water Pump,332,33,40.5,2,3.5,55.6,36.8,51.5,1.299,0.367,3.66,0
AST-ELE-175,Elevator,1873,120,14.4,11,2.84,56.2,27.4,64.3,1.064,1.333,0.231,0
AST-MED-231,Medical,2288,164,109.2,20,5.03,58.9,15.1,40.0,1.973,1.822,1.432,1
AST-WAT-232,Water Pump,1802,129,176.6,18,5.01,86.6,34.7,43.2,2.893,1.433,2.94,1
AST-HVA-951,HVAC,538,133,5.0,4,3.48,73.4,23.4,38.8,1.703,1.478,0.279,0
AST-GEN-265,Generator,1351,240,9.5,12,7.8,91.3,58.7,64.6,4.75,2.667,0.211,1
AST-MED-631,Medical,1193,217,123.0,9,6.36,71.7,19.0,64.8,3.041,2.411,3.093,1
AST-GEN-750,Generator,2286,71,127.2,11,4.77,78.4,45.7,48.3,2.493,0.789,1.669,1
AST-MED-729,Medical,2215,24,54.0,16,2.46,43.1,10.6,56.8,0.707,0.267,0.731,0
AST-GEN-706,Generator,2408,40,2.3,9,3.45,57.0,47.8,60.6,1.312,0.444,0.029,0
AST-IT -837,IT Server,1412,216,17.3,8,5.77,81.8,22.9,54.2,3.15,2.4,0.368,0
AST-HVA-945,HVAC,146,21,0.0,0,1.89,53.2,17.8,54.6,0.67,0.233,0.0,0
AST-ELE-889,Elevator,2392,68,83.0,15,5.75,58.7,29.0,25.0,2.252,0.756,1.041,1
AST-WAT-685,Water Pump,1736,159,20.5,8,3.34,77.0,27.8,46.2,1.714,1.767,0.354,0
AST-LAB-742,Lab Equipment,2264,75,86.9,18,2.81,61.6,16.3,54.5,1.152,0.833,1.152,0
AST-MED-594,Medical,1033,207,43.6,4,5.14,64.3,19.6,50.3,2.204,2.3,1.266,0
AST-LAB-404,Lab Equipment,1887,19,3.0,4,1.86,43.1,11.1,58.4,0.536,0.211,0.048,0
AST-GEN-550,Generator,1732,124,19.2,7,4.11,76.9,49.7,62.2,2.106,1.378,0.333,0
AST-MED-721,Medical,618,81,34.0,4,1.34,37.2,9.0,49.6,0.331,0.9,1.65,0
AST-MED-851,Medical,1444,103,159.1,8,3.53,46.0,9.4,43.5,1.083,1.144,3.305,1
AST-MED-627,Medical,2330,28,15.4,19,2.39,45.6,9.2,47.2,0.727,0.311,0.198,0
AST-LAB-225,Lab Equipment,1125,116,47.4,7,2.53,50.1,13.9,69.4,0.844,1.289,1.264,0
AST-HVA-151,HVAC,1218,99,3.8,4,2.3,54.0,21.4,67.7,0.828,1.1,0.094,0
AST-LAB-354,Lab Equipment,684,209,0.2,1,5.6,66.1,23.5,51.0,2.467,2.322,0.009,1
AST-IT -838,IT Server,1310,49,72.4,10,2.14,49.5,14.7,50.9,0.705,0.544,1.658,0
AST-LAB-627,Lab Equipment,1942,128,19.6,9,3.7,52.5,17.1,47.8,1.296,1.422,0.303,0
AST-LAB-123,Lab Equipment,398,101,4.7,2,1.56,52.4,11.0,75.4,0.546,1.122,0.354,0
AST-GEN-320,Generator,2419,91,5.8,16,2.82,57.4,42.0,37.5,1.079,1.011,0.072,0
AST-MED-606,Medical,2477,226,63.0,12,7.06,78.9,21.4,41.8,3.712,2.511,0.763,1
AST-ELE-581,Elevator,1200,138,19.5,3,3.92,65.9,31.8,54.1,1.722,1.533,0.487,1
AST-HVA-541,HVAC,578,226,20.5,7,5.8,81.7,26.1,65.8,3.157,2.511,1.064,1
AST-MED-882,Medical,1681,94,12.8,10,1.73,40.2,8.1,68.1,0.465,1.044,0.228,0
AST-HVA-683,HVAC,2331,50,24.3,10,2.64,61.9,22.0,53.7,1.089,0.556,0.313,0
AST-MED-175,Medical,1612,130,9.8,8,2.74,51.4,14.2,41.4,0.938,1.444,0.182,0
AST-IT -386,IT Server,516,33,9.2,1,1.11,52.3,11.2,81.7,0.389,0.367,0.535,0
AST-LAB-482,Lab Equipment,1418,143,23.9,12,3.28,49.4,15.0,51.8,1.081,1.589,0.506,0
AST-WAT-247,Water Pump,845,155,6.8,3,4.44,69.2,41.2,27.7,2.048,1.722,0.241,0
AST-IT -141,IT Server,215,10,10.0,1,1.0,46.3,14.2,30.3,0.309,0.111,1.395,0
AST-MED-923,Medical,1970,133,420.1,13,4.28,52.3,8.7,60.1,1.492,1.478,6.397,1
AST-IT -627,IT Server,602,84,23.5,5,1.35,59.6,17.9,42.7,0.534,0.933,1.171,0
AST-MED-266,Medical,1639,158,15.2,10,3.27,56.1,10.2,57.1,1.223,1.756,0.278,0
AST-MED-707,Medical,1407,130,30.1,10,2.91,53.3,10.4,35.0,1.033,1.444,0.642,0
AST-IT -601,IT Server,2335,77,53.8,12,1.91,59.3,14.7,43.7,0.757,0.856,0.691,0
AST-HVA-477,HVAC,1386,173,24.7,7,5.13,73.5,31.5,36.7,2.514,1.922,0.535,1
AST-LAB-697,Lab Equipment,1290,204,8.5,6,5.14,74.0,20.7,45.9,2.535,2.267,0.198,0
AST-WAT-804,Water Pump,139,153,1.3,1,5.43,59.5,32.2,51.5,2.155,1.7,0.281,0
AST-ELE-901,Elevator,2399,148,15.9,11,5.77,67.9,30.4,35.1,2.614,1.644,0.199,1
AST-HVA-697,HVAC,1997,44,18.3,8,2.61,45.1,23.6,54.6,0.785,0.489,0.275,0
AST-ELE-734,Elevator,1587,38,18.9,6,3.52,52.6,24.8,62.4,1.234,0.422,0.357,0
AST-GEN-132,Generator,2375,180,60.3,17,6.96,104.6,59.8,69.2,4.854,2.0,0.762,1
AST-HVA-551,HVAC,1314,108,43.9,10,1.99,60.9,23.6,33.9,0.81,1.2,1.002,0
AST-ELE-308,Elevator,1710,129,68.1,11,4.56,79.1,28.7,75.2,2.403,1.433,1.195,1
AST-LAB-993,Lab Equipment,285,181,6.1,1,4.13,57.2,20.3,28.3,1.574,2.011,0.642,0
AST-GEN-674,Generator,1361,170,62.9,5,3.84,108.8,53.7,40.7,2.783,1.889,1.386,1
AST-LAB-421,Lab Equipment,739,118,1.2,4,2.13,47.1,13.1,32.8,0.67,1.311,0.049,0
AST-MED-659,Medical,1481,174,176.1,11,5.49,68.8,16.6,65.9,2.52,1.933,3.567,1
AST-ELE-797,Elevator,1112,157,13.5,5,4.86,77.3,30.8,49.3,2.504,1.744,0.364,1
AST-GEN-385,Generator,2315,77,190.0,12,2.98,90.5,40.0,50.5,1.799,0.856,2.462,1
AST-MED-889,Medical,1213,181,57.5,9,4.8,61.0,13.4,23.2,1.952,2.011,1.422,1
AST-ELE-600,Elevator,1328,123,10.3,8,3.88,69.4,22.6,40.9,1.795,1.367,0.233,0
AST-WAT-838,Water Pump,1150,74,6.1,5,2.92,56.1,32.5,42.9,1.09,0.822,0.159,0
AST-ELE-656,Elevator,1585,230,65.0,8,6.59,95.1,36.0,45.9,4.177,2.556,1.23,1
AST-WAT-453,Water Pump,629,75,3.3,5,2.91,69.1,38.2,56.5,1.342,0.833,0.157,0
AST-ELE-180,Elevator,1448,237,46.8,9,7.68,85.5,38.0,42.2,4.375,2.633,0.97,1
AST-MED-865,Medical,1992,55,68.3,8,2.64,47.1,8.5,38.5,0.831,0.611,1.029,0
AST-IT -377,IT Server,2332,179,69.0,10,5.25,75.9,21.3,27.7,2.657,1.989,0.888,1
AST-HVA-730,HVAC,2433,62,28.9,11,1.87,61.9,21.3,54.6,0.771,0.689,0.356,0
AST-ELE-643,Elevator,954,164,104.9,6,4.72,86.5,31.7,38.8,2.723,1.822,3.299,1
AST-HVA-523,HVAC,1382,184,3.7,4,5.28,67.6,28.2,62.9,2.378,2.044,0.08,1
AST-ELE-889,Elevator,593,2,1.2,5,2.87,55.6,33.1,53.1,1.063,0.022,0.061,0
AST-GEN-516,Generator,1978,123,305.0,13,5.58,82.1,49.2,46.4,3.054,1.367,4.626,1
AST-WAT-394,Water Pump,1345,74,5.0,12,3.22,59.3,38.7,60.1,1.275,0.822,0.112,0
AST-WAT-191,Water Pump,2381,60,1.7,10,4.44,52.2,33.3,46.3,1.544,0.667,0.021,0
AST-ELE-970,Elevator,182,234,0.0,0,7.51,73.7,39.0,55.2,3.693,2.6,0.0,0
AST-LAB-957,Lab Equipment,750,240,66.6,7,6.45,77.0,26.0,43.0,3.312,2.667,2.664,1
AST-WAT-506,Water Pump,2059,48,25.1,10,3.29,64.8,26.3,46.4,1.423,0.533,0.366,0
AST-WAT-396,Water Pump,183,3,0.9,2,3.12,59.5,37.9,49.9,1.235,0.033,0.148,0
AST-IT -209,IT Server,1402,73,32.1,7,1.64,51.2,14.4,65.5,0.559,0.811,0.687,0
AST-ELE-656,Elevator,2177,127,195.9,15,6.17,66.2,26.2,72.0,2.723,1.411,2.7,1
AST-GEN-971,Generator,2095,120,0.7,7,3.46,82.4,52.1,39.9,1.9,1.333,0.01,1
AST-WAT-215,Water Pump,1384,42,1.1,9,1.77,77.9,30.8,50.1,0.92,0.467,0.024,0
AST-ELE-363,Elevator,792,4,8.5,6,2.77,48.7,26.7,64.4,0.899,0.044,0.322,0
AST-WAT-402,Water Pump,2355,173,66.4,10,5.65,62.4,41.4,35.4,2.351,1.922,0.846,1
AST-GEN-725,Generator,1690,212,192.1,13,7.86,103.6,70.1,56.7,5.431,2.356,3.41,1
AST-MED-188,Medical,1671,172,25.0,8,4.37,61.2,15.5,20.0,1.784,1.911,0.449,1
AST-GEN-588,Generator,1355,240,43.9,7,8.2,95.8,62.2,63.3,5.241,2.667,0.972,1
AST-MED-492,Medical,994,115,106.2,4,3.65,50.2,8.8,58.0,1.221,1.278,3.205,0
AST-MED-409,Medical,2415,186,31.8,10,4.64,59.4,15.6,53.3,1.839,2.067,0.395,1
AST-MED-769,Medical,1502,178,52.9,6,4.6,67.5,15.2,57.1,2.071,1.978,1.057,1
AST-ELE-221,Elevator,1936,79,177.7,13,3.35,71.7,29.7,54.3,1.604,0.878,2.754,1
AST-ELE-614,Elevator,1303,177,31.1,5,5.34,75.6,36.1,56.2,2.689,1.967,0.716,1
AST-MED-476,Medical,934,57,7.4,2,1.22,40.4,8.0,74.0,0.328,0.633,0.238,0
AST-LAB-256,Lab Equipment,1893,192,12.6,13,4.64,69.5,21.0,61.5,2.148,2.133,0.2,0
AST-MED-525,Medical,2279,234,76.9,13,7.1,74.6,16.3,51.5,3.534,2.6,1.012,1
AST-IT -921,IT Server,924,196,13.0,4,4.6,66.8,24.7,42.1,2.05,2.178,0.422,1
AST-WAT-710,Water Pump,365,135,0.0,0,4.93,63.3,38.9,34.8,2.079,1.5,0.0,0
AST-ELE-470,Elevator,349,235,1.6,2,6.65,91.5,39.2,37.6,4.057,2.611,0.138,1
AST-HVA-948,HVAC,2273,232,68.3,8,7.43,83.2,36.0,50.2,4.126,2.578,0.901,1
AST-IT -649,IT Server,643,43,56.3,5,1.59,57.5,14.8,24.9,0.609,0.478,2.627,0
AST-IT -552,IT Server,506,175,7.3,3,3.62,61.2,21.8,53.2,1.477,1.944,0.433,0
AST-IT -600,IT Server,402,231,2.2,1,5.26,73.4,31.6,72.0,2.573,2.567,0.164,1
AST-WAT-156,Water Pump,1887,34,181.8,9,2.91,65.5,30.7,30.8,1.27,0.378,2.89,1
AST-LAB-677,Lab Equipment,266,144,7.4,1,3.05,52.2,15.3,63.9,1.062,1.6,0.835,0
AST-WAT-415,Water Pump,119,102,8.1,1,3.15,59.4,39.3,39.5,1.248,1.133,2.042,0
AST-HVA-863,HVAC,922,149,2.1,4,3.83,67.5,27.2,59.6,1.723,1.656,0.068,1
AST-LAB-452,Lab Equipment,291,139,6.5,1,2.77,53.6,16.2,67.9,0.99,1.544,0.67,0
AST-HVA-583,HVAC,159,74,0.0,0,1.35,42.2,22.8,69.2,0.379,0.822,0.0,0
AST-WAT-238,Water Pump,1751,96,48.7,3,4.64,70.3,22.0,43.6,2.177,1.067,0.834,0
AST-LAB-559,Lab Equipment,1576,97,3.9,10,2.37,51.6,12.8,48.3,0.815,1.078,0.074,0
AST-ELE-995,Elevator,2238,35,13.7,8,1.85,55.9,17.2,46.3,0.69,0.389,0.184,0
AST-MED-221,Medical,761,138,0.7,2,2.62,49.8,12.1,65.1,0.868,1.533,0.028,0
AST-GEN-845,Generator,942,214,21.6,4,6.17,94.3,59.3,57.4,3.876,2.378,0.688,1
AST-HVA-405,HVAC,1926,173,7.6,8,5.54,82.6,26.1,55.7,3.052,1.922,0.118,1
AST-LAB-644,Lab Equipment,1583,211,141.8,8,6.28,72.3,21.1,48.5,3.024,2.344,2.687,1
AST-LAB-454,Lab Equipment,665,71,5.2,2,1.82,46.7,11.3,37.8,0.567,0.789,0.235,0
AST-ELE-883,Elevator,492,9,9.6,1,1.61,60.6,24.6,46.7,0.652,0.1,0.585,0
AST-LAB-729,Lab Equipment,94,62,25.6,1,1.38,50.7,13.5,51.9,0.466,0.689,8.17,0
AST-HVA-708,HVAC,167,115,2.9,1,2.88,64.6,27.0,54.4,1.24,1.278,0.521,0
AST-ELE-993,Elevator,229,63,9.4,2,2.77,61.4,23.2,54.4,1.134,0.7,1.231,0
AST-LAB-549,Lab Equipment,989,139,9.9,4,3.15,53.3,19.9,60.7,1.117,1.544,0.3,0
AST-WAT-894,Water Pump,261,36,1.5,2,2.33,60.0,33.9,50.0,0.932,0.4,0.172,0
AST-MED-339,Medical,2389,82,42.7,7,2.42,45.2,8.1,41.3,0.729,0.911,0.536,0
AST-WAT-788,Water Pump,1343,61,50.5,10,3.13,72.4,31.8,56.0,1.512,0.678,1.128,0
AST-GEN-776,Generator,2165,57,127.3,7,4.69,78.0,42.8,60.0,2.439,0.633,1.764,1
AST-MED-162,Medical,2310,152,15.7,7,3.72,62.0,15.0,49.0,1.538,1.689,0.204,0
AST-GEN-741,Generator,1779,143,81.4,13,5.2,85.4,69.8,57.5,2.964,1.589,1.373,1
AST-MED-758,Medical,1591,202,1.4,6,5.05,70.8,15.4,50.7,2.382,2.244,0.026,1
AST-ELE-526,Elevator,1702,39,19.2,10,2.74,61.7,25.7,50.3,1.128,0.433,0.338,0
AST-GEN-872,Generator,2233,122,80.9,22,4.76,88.3,47.3,41.2,2.804,1.356,1.087,1
AST-GEN-407,Generator,621,207,7.9,3,5.99,82.5,58.1,61.9,3.293,2.3,0.382,1
AST-HVA-675,HVAC,1720,107,18.7,11,4.32,55.4,28.8,54.6,1.598,1.189,0.326,0
AST-GEN-497,Generator,1024,66,140.1,5,3.7,63.7,40.5,27.1,1.57,0.733,4.104,1
AST-ELE-180,Elevator,1872,217,179.8,14,7.81,91.4,33.5,36.5,4.758,2.411,2.881,1
AST-IT -841,IT Server,810,14,35.0,3,1.24,46.6,10.7,35.0,0.385,0.156,1.296,0
AST-ELE-719,Elevator,2499,11,23.7,13,2.16,60.3,30.6,31.3,0.87,0.122,0.285,0
AST-GEN-923,Generator,2436,186,160.9,18,8.4,118.5,41.3,52.7,6.642,2.067,1.982,1
AST-GEN-590,Generator,885,223,10.9,2,6.96,97.5,51.1,49.7,4.524,2.478,0.369,1
AST-MED-115,Medical,897,240,21.9,7,6.05,70.1,21.6,36.5,2.827,2.667,0.732,1
AST-ELE-220,Elevator,1991,235,180.2,18,8.19,92.6,43.0,64.3,5.055,2.611,2.715,1
AST-IT -820,IT Server,867,102,43.1,8,2.42,50.4,17.5,49.9,0.812,1.133,1.491,0
AST-IT -429,IT Server,1189,98,22.3,8,1.59,54.3,15.6,40.0,0.576,1.089,0.563,0
AST-ELE-467,Elevator,1293,67,17.7,2,2.33,59.8,30.2,55.1,0.929,0.744,0.411,0
AST-LAB-577,Lab Equipment,433,206,23.4,3,4.87,64.5,20.6,56.4,2.094,2.289,1.621,0
AST-LAB-879,Lab Equipment,1341,235,44.2,4,6.86,77.6,23.9,47.5,3.548,2.611,0.989,1
AST-MED-523,Medical,217,145,11.2,2,3.08,48.2,11.5,49.9,0.99,1.611,1.548,0
AST-ELE-249,Elevator,96,67,0.0,0,1.9,47.8,29.1,25.1,0.606,0.744,0.0,0
AST-IT -693,IT Server,1740,76,42.2,5,1.65,48.3,12.4,53.1,0.53,0.844,0.728,0
AST-MED-335,Medical,1585,146,2.9,6,3.42,53.5,11.7,33.3,1.221,1.622,0.055,0
AST-LAB-663,Lab Equipment,1412,66,10.2,8,1.73,52.8,10.4,31.7,0.61,0.733,0.217,0
AST-LAB-840,Lab Equipment,2039,118,28.6,15,2.91,51.3,14.6,59.2,0.993,1.311,0.421,0
AST-WAT-460,Water Pump,723,36,4.1,5,3.31,60.2,35.6,45.3,1.329,0.4,0.17,0
AST-LAB-288,Lab Equipment,2250,165,3.3,15,4.37,59.2,17.3,35.6,1.727,1.833,0.044,0
AST-IT -134,IT Server,334,210,6.3,2,5.25,63.7,24.0,55.0,2.23,2.333,0.566,0
AST-WAT-106,Water Pump,1719,36,43.0,12,4.02,69.6,36.7,49.8,1.865,0.4,0.75,0
AST-GEN-169,Generator,648,3,72.1,6,2.34,70.1,41.8,32.2,1.095,0.033,3.338,0
AST-LAB-482,Lab Equipment,277,159,0.9,1,3.71,47.8,14.2,41.0,1.181,1.767,0.097,0
AST-IT -594,IT Server,2028,5,114.6,14,2.87,54.4,12.0,58.7,1.041,0.056,1.695,1
AST-IT -521,IT Server,78,5,0.0,0,0.68,49.3,14.1,59.4,0.225,0.056,0.0,0
AST-MED-648,Medical,1204,5,1.8,4,1.29,43.2,9.2,57.2,0.37,0.056,0.045,0
AST-ELE-790,Elevator,1793,207,25.4,16,6.9,87.5,36.7,63.0,4.026,2.3,0.425,1
AST-GEN-209,Generator,424,135,0.0,0,3.07,69.5,46.9,64.8,1.423,1.5,0.0,0
AST-GEN-734,Generator,2186,65,32.1,13,3.03,86.4,38.4,44.6,1.748,0.722,0.441,0
AST-MED-914,Medical,1655,21,3.6,5,1.96,42.4,8.2,49.9,0.554,0.233,0.065,0
AST-LAB-570,Lab Equipment,2344,63,444.4,15,2.56,52.2,8.7,56.4,0.891,0.7,5.688,0
AST-GEN-407,Generator,360,168,0.0,0,5.63,82.8,44.7,38.3,3.105,1.867,0.0,0
AST-ELE-877,Elevator,159,24,0.0,0,2.69,51.0,29.8,46.3,0.913,0.267,0.0,0
AST-LAB-665,Lab Equipment,1979,15,110.2,9,2.57,56.4,8.9,43.3,0.967,0.167,1.671,0
AST-ELE-275,Elevator,368,128,7.9,3,3.76,40.6,35.9,39.0,1.02,1.422,0.644,0
AST-ELE-903,Elevator,1386,145,7.4,12,3.66,69.6,31.6,46.1,1.697,1.611,0.16,0
AST-HVA-640,HVAC,204,59,9.6,1,1.66,64.3,17.9,36.5,0.713,0.656,1.412,0
AST-WAT-808,Water Pump,2351,122,1.2,16,3.98,80.0,32.9,43.9,2.121,1.356,0.015,1
AST-HVA-800,HVAC,1178,231,67.6,10,7.47,86.6,33.8,39.4,4.312,2.567,1.722,1
AST-ELE-133,Elevator,764,238,103.3,5,6.77,79.7,37.4,51.9,3.598,2.644,4.056,1
AST-HVA-312,HVAC,2434,37,2.2,19,3.21,46.7,23.5,47.0,0.999,0.411,0.027,0
AST-ELE-940,Elevator,1661,238,41.4,8,7.36,94.9,41.2,41.3,4.652,2.644,0.748,1
AST-GEN-677,Generator,1014,146,9.3,5,3.71,87.4,47.1,26.3,2.162,1.622,0.275,0
AST-LAB-793,Lab Equipment,2244,85,26.4,19,1.85,46.5,6.5,59.3,0.572,0.944,0.353,0
AST-ELE-243,Elevator,351,129,39.4,4,2.65,63.7,25.7,59.5,1.126,1.433,3.368,0
AST-MED-154,Medical,430,112,0.0,0,2.01,44.7,6.7,43.7,0.6,1.244,0.0,0
AST-HVA-448,HVAC,2469,102,11.4,10,3.47,58.6,18.5,71.2,1.356,1.133,0.139,0
AST-MED-130,Medical,1149,201,15.5,5,5.33,67.7,15.6,63.0,2.406,2.233,0.405,0
AST-LAB-333,Lab Equipment,1487,142,15.6,7,3.58,57.8,15.7,51.5,1.379,1.578,0.315,0
AST-LAB-290,Lab Equipment,2429,170,12.3,14,4.72,62.3,14.0,34.5,1.96,1.889,0.152,1
AST-WAT-733,Water Pump,1239,205,29.1,4,6.55,90.1,44.1,48.6,3.936,2.278,0.705,1
AST-HVA-184,HVAC,1127,40,38.7,7,2.45,52.6,14.8,69.2,0.858,0.444,1.03,0
AST-WAT-749,Water Pump,661,190,3.9,3,6.3,80.1,41.8,53.5,3.363,2.111,0.177,1
AST-MED-209,Medical,404,2,2.1,2,1.01,35.8,10.2,60.3,0.24,0.022,0.156,0
AST-LAB-468,Lab Equipment,1134,27,42.7,4,1.79,53.6,13.1,22.9,0.641,0.3,1.13,0
AST-GEN-541,Generator,1868,143,68.9,7,4.35,82.3,57.0,50.2,2.389,1.589,1.107,1
AST-LAB-205,Lab Equipment,137,23,0.0,0,1.86,38.5,14.4,52.5,0.477,0.256,0.0,0
AST-HVA-711,HVAC,2479,201,3.7,15,5.89,80.3,32.7,39.0,3.154,2.233,0.045,1
AST-LAB-112,Lab Equipment,1225,106,27.1,9,2.03,51.7,13.0,57.7,0.7,1.178,0.664,0
AST-HVA-842,HVAC,2321,232,20.7,15,7.6,86.3,36.4,50.6,4.372,2.578,0.268,0
AST-GEN-685,Generator,2164,44,9.2,12,2.44,79.4,45.2,58.3,1.292,0.489,0.128,0
AST-GEN-242,Generator,1131,78,16.5,4,2.43,68.3,38.4,26.5,1.106,0.867,0.438,0
AST-GEN-164,Generator,714,112,15.4,3,3.9,92.3,41.2,64.6,2.4,1.244,0.647,1
AST-MED-595,Medical,345,93,0.3,3,1.65,45.5,7.6,47.0,0.501,1.033,0.026,0
AST-GEN-838,Generator,2060,153,34.4,13,5.98,90.0,40.5,58.2,3.589,1.7,0.501,1
AST-LAB-209,Lab Equipment,584,78,1.7,1,1.41,48.1,12.8,52.6,0.452,0.867,0.087,1
AST-LAB-440,Lab Equipment,1586,206,41.2,9,5.58,76.3,20.3,49.6,2.837,2.289,0.779,1
AST-LAB-442,Lab Equipment,1793,209,209.9,12,6.75,76.0,22.3,48.7,3.421,2.322,3.512,1
AST-ELE-708,Elevator,587,77,35.3,4,2.31,62.4,28.3,65.8,0.958,0.856,1.804,0
AST-ELE-305,Elevator,1992,81,52.2,10,2.69,73.1,34.1,61.3,1.313,0.9,0.786,1
AST-LAB-426,Lab Equipment,1223,189,19.8,5,4.73,70.1,19.5,52.9,2.208,2.1,0.486,0
AST-LAB-689,Lab Equipment,1022,84,54.5,6,1.86,51.8,12.3,58.9,0.642,0.933,1.6,0
AST-WAT-904,Water Pump,1639,94,161.7,10,4.08,74.9,32.6,36.6,2.036,1.044,2.96,1
AST-IT -304,IT Server,2455,140,28.2,9,3.67,59.0,16.3,48.0,1.444,1.556,0.345,1
AST-WAT-663,Water Pump,140,187,0.0,0,5.65,69.8,48.3,56.3,2.63,2.078,0.0,0
AST-ELE-314,Elevator,1825,205,14.4,17,6.58,80.7,36.9,49.7,3.54,2.278,0.237,1
AST-ELE-170,Elevator,1705,173,50.1,11,6.1,81.4,36.6,44.9,3.31,1.922,0.882,1
AST-ELE-410,Elevator,1021,65,1.6,6,2.02,68.4,24.8,42.8,0.92,0.722,0.047,0
AST-ELE-533,Elevator,1574,19,3.8,3,2.29,42.8,22.3,36.7,0.652,0.211,0.072,0
AST-IT -590,IT Server,2414,103,10.7,18,2.24,61.7,14.7,51.2,0.92,1.144,0.133,0
AST-WAT-808,Water Pump,1743,140,6.1,9,3.36,71.7,25.3,47.5,1.609,1.556,0.105,1
AST-MED-818,Medical,2229,153,47.3,14,4.3,57.3,12.6,60.2,1.643,1.7,0.637,0
AST-HVA-211,HVAC,1046,169,2.1,5,4.07,83.9,23.4,84.0,2.274,1.878,0.06,0
AST-GEN-762,Generator,211,145,1.3,1,4.48,72.4,51.7,34.4,2.165,1.611,0.185,0
AST-ELE-762,Elevator,1666,193,44.6,7,6.51,82.6,43.3,39.7,3.586,2.144,0.803,1
AST-WAT-540,Water Pump,463,3,7.3,2,4.28,57.5,31.2,55.3,1.64,0.033,0.473,0
AST-GEN-622,Generator,2154,143,102.9,12,5.7,88.6,46.6,71.8,3.368,1.589,1.433,1
AST-IT -326,IT Server,1855,96,39.3,10,2.0,38.8,12.6,53.9,0.519,1.067,0.636,0
AST-WAT-795,Water Pump,2440,177,114.4,19,7.08,82.5,27.6,58.2,3.898,1.967,1.407,1
AST-MED-125,Medical,2007,27,40.6,12,2.66,47.5,7.2,46.6,0.841,0.3,0.607,0
AST-HVA-218,HVAC,610,90,39.9,4,1.32,58.2,23.0,58.0,0.514,1.0,1.962,0
AST-LAB-903,Lab Equipment,877,134,9.3,3,2.49,50.3,16.3,35.6,0.833,1.489,0.318,0
AST-LAB-199,Lab Equipment,1824,185,11.8,9,4.45,73.4,18.3,20.5,2.179,2.056,0.194,0
AST-MED-168,Medical,1259,12,7.7,6,1.51,42.0,7.1,38.9,0.422,0.133,0.183,0
AST-HVA-123,HVAC,1435,166,36.9,5,3.91,75.5,25.6,53.9,1.968,1.844,0.771,1
AST-WAT-268,Water Pump,1029,133,14.3,8,2.14,67.1,34.5,58.6,0.958,1.478,0.417,0
AST-GEN-438,Generator,2323,110,119.6,11,5.65,99.0,53.6,43.6,3.725,1.222,1.545,1
AST-GEN-916,Generator,1689,162,73.9,6,4.01,85.6,49.8,36.8,2.29,1.8,1.313,1
AST-ELE-773,Elevator,1800,102,5.4,12,2.68,64.6,31.1,73.9,1.151,1.133,0.09,1
AST-IT -302,IT Server,1871,152,11.7,14,3.57,62.5,16.2,39.7,1.487,1.689,0.188,0
AST-HVA-821,HVAC,909,53,28.2,5,2.01,61.9,24.5,41.9,0.831,0.589,0.931,0
AST-ELE-928,Elevator,286,148,0.0,0,5.85,69.0,29.3,65.9,2.69,1.644,0.0,1
AST-WAT-649,Water Pump,795,94,3.8,5,2.8,49.1,34.7,60.0,0.916,1.044,0.143,0
AST-LAB-216,Lab Equipment,1104,172,26.8,5,4.64,60.0,19.3,51.4,1.856,1.911,0.728,0
AST-IT -754,IT Server,1313,153,7.2,10,3.26,71.6,20.0,45.5,1.555,1.7,0.165,0
AST-LAB-701,Lab Equipment,497,90,0.1,2,1.57,37.0,12.8,52.8,0.387,1.0,0.006,0
AST-LAB-732,Lab Equipment,736,209,2.3,3,5.91,69.4,24.8,43.2,2.735,2.322,0.094,0
AST-WAT-404,Water Pump,2447,22,17.9,14,3.76,69.9,36.5,35.3,1.753,0.244,0.219,0
AST-MED-220,Medical,1007,79,29.4,5,1.36,39.7,6.9,43.4,0.36,0.878,0.876,0
AST-MED-810,Medical,609,131,32.7,4,2.82,51.7,11.7,63.1,0.972,1.456,1.611,0
AST-IT -241,IT Server,2384,99,38.9,9,2.43,56.3,17.8,48.4,0.913,1.1,0.49,0
AST-LAB-750,Lab Equipment,2231,178,83.2,15,5.31,70.9,21.3,31.9,2.511,1.978,1.119,1
AST-GEN-668,Generator,713,126,3.6,1,2.97,60.7,43.1,43.9,1.201,1.4,0.151,0
AST-GEN-422,Generator,1877,159,16.1,12,5.68,72.4,56.3,59.8,2.742,1.767,0.257,1
AST-MED-109,Medical,2014,35,50.6,13,2.1,46.3,9.6,56.8,0.649,0.389,0.754,0
AST-LAB-675,Lab Equipment,2100,168,21.4,11,5.03,68.5,17.8,60.3,2.299,1.867,0.306,1
AST-ELE-603,Elevator,1732,182,47.4,12,5.88,78.6,32.2,63.2,3.083,2.022,0.821,1
AST-LAB-271,Lab Equipment,368,145,25.6,2,3.55,48.1,16.9,55.4,1.138,1.611,2.087,0
AST-WAT-325,Water Pump,1226,9,1.5,8,4.18,63.0,37.9,51.6,1.753,0.1,0.037,0
AST-IT -395,IT Server,718,200,1.6,1,4.28,68.0,23.9,59.3,1.939,2.222,0.067,0
AST-ELE-891,Elevator,2058,141,140.7,17,5.23,72.7,32.6,58.9,2.535,1.567,2.051,1
AST-IT -216,IT Server,1127,199,19.9,2,4.75,66.2,22.8,52.8,2.099,2.211,0.53,0
AST-MED-655,Medical,200,195,8.0,1,4.29,52.5,15.3,54.3,1.501,2.167,1.2,0
AST-IT -323,IT Server,1771,27,115.3,9,2.56,58.1,13.3,52.5,0.992,0.3,1.953,0
AST-ELE-869,Elevator,1043,77,45.7,6,4.08,60.7,24.6,36.2,1.651,0.856,1.314,0
AST-HVA-560,HVAC,1106,90,17.5,4,2.02,55.2,21.9,58.2,0.742,1.0,0.475,0
AST-HVA-549,HVAC,510,199,10.5,2,4.44,77.4,37.3,39.4,2.292,2.211,0.618,0
AST-GEN-930,Generator,2438,177,265.2,16,6.35,94.0,47.4,45.9,3.981,1.967,3.263,1
AST-ELE-724,Elevator,1783,43,3.9,6,1.54,56.4,21.0,51.3,0.578,0.478,0.066,0
AST-WAT-311,Water Pump,877,207,138.4,8,8.01,77.7,35.3,45.3,4.153,2.3,4.734,1
AST-MED-645,Medical,1181,153,33.7,9,3.81,60.2,13.2,65.3,1.527,1.7,0.856,0
AST-MED-820,Medical,1228,75,14.4,2,1.41,45.4,4.7,48.2,0.427,0.833,0.352,0
AST-WAT-626,Water Pump,420,35,0.9,1,1.21,66.6,25.9,33.6,0.536,0.389,0.064,0
AST-WAT-521,Water Pump,272,71,0.0,0,2.56,65.8,41.9,57.0,1.124,0.789,0.0,0
AST-GEN-818,Generator,573,64,0.7,2,4.11,53.4,41.6,56.7,1.461,0.711,0.037,0
AST-MED-948,Medical,1043,195,17.5,5,5.1,62.3,16.6,72.6,2.116,2.167,0.503,0
AST-LAB-601,Lab Equipment,612,148,5.6,3,3.1,61.7,18.7,49.7,1.273,1.644,0.275,0
AST-ELE-524,Elevator,1566,116,5.1,3,2.77,66.1,29.3,38.7,1.221,1.289,0.098,0
AST-WAT-887,Water Pump,411,104,1.0,2,2.41,65.4,35.7,57.7,1.051,1.156,0.073,0
AST-MED-811,Medical,1541,117,49.2,8,2.56,48.8,11.9,59.3,0.835,1.3,0.958,0
AST-MED-695,Medical,40,223,18.0,1,5.33,63.5,21.5,54.3,2.254,2.478,13.5,0
AST-ELE-195,Elevator,1907,163,3.3,14,4.54,78.5,33.7,37.0,2.376,1.811,0.052,0
AST-MED-970,Medical,289,204,1.9,1,4.6,59.7,16.3,55.1,1.832,2.267,0.197,0
AST-GEN-539,Generator,897,127,10.0,7,2.85,83.9,57.9,46.2,1.592,1.411,0.334,0
AST-WAT-390,Water Pump,1413,141,15.3,8,4.31,61.4,40.9,63.5,1.762,1.567,0.325,0
AST-IT -972,IT Server,2017,202,101.7,12,6.05,72.6,29.0,40.6,2.93,2.244,1.513,1
AST-ELE-880,Elevator,228,12,0.0,0,1.96,65.5,24.6,76.5,0.857,0.133,0.0,0
AST-WAT-956,Water Pump,1912,5,166.0,15,3.82,80.6,29.6,33.0,2.056,0.056,2.605,1
AST-WAT-261,Water Pump,1837,117,62.4,14,3.9,80.2,28.1,58.6,2.085,1.3,1.019,1
AST-LAB-307,Lab Equipment,570,226,3.8,2,5.43,75.3,22.6,71.7,2.724,2.511,0.2,1
AST-GEN-995,Generator,1152,24,3.3,4,3.36,75.9,33.8,37.6,1.698,0.267,0.086,0
AST-MED-184,Medical,1553,171,31.5,8,4.13,51.8,12.7,72.8,1.427,1.9,0.608,0
AST-GEN-153,Generator,1653,161,7.4,11,5.8,96.9,49.8,63.2,3.743,1.789,0.134,1
AST-ELE-873,Elevator,989,110,17.4,5,3.95,64.5,24.3,55.3,1.698,1.222,0.528,0
AST-ELE-197,Elevator,34,55,0.0,0,2.01,65.3,23.9,70.7,0.874,0.611,0.0,0
AST-GEN-707,Generator,956,133,8.2,4,3.16,81.6,39.9,61.1,1.718,1.478,0.257,0
AST-HVA-108,HVAC,1437,210,0.0,0,6.27,73.9,33.2,51.0,3.092,2.333,0.0,1
AST-WAT-532,Water Pump,571,123,6.1,2,3.66,70.2,31.6,45.6,1.714,1.367,0.32,1
AST-LAB-191,Lab Equipment,449,27,8.7,4,1.43,46.3,12.4,30.2,0.441,0.3,0.581,0
AST-MED-240,Medical,1597,199,32.7,10,4.48,64.0,16.5,48.2,1.911,2.211,0.614,0
AST-WAT-236,Water Pump,615,18,10.6,5,1.45,66.8,35.8,39.2,0.644,0.2,0.517,0
AST-HVA-724,HVAC,702,113,0.0,1,2.44,53.8,24.0,58.8,0.875,1.256,0.0,0
AST-GEN-743,Generator,650,236,11.4,4,7.8,89.3,61.3,29.8,4.646,2.622,0.526,1
AST-ELE-553,Elevator,919,23,33.2,2,3.67,52.0,25.6,45.6,1.27,0.256,1.084,0
AST-GEN-870,Generator,534,151,1.0,1,4.62,75.7,50.3,46.2,2.334,1.678,0.056,0
AST-MED-539,Medical,1318,203,109.5,8,6.19,63.3,16.4,46.0,2.613,2.256,2.492,1
AST-MED-760,Medical,375,64,7.2,2,1.41,44.6,8.1,39.1,0.418,0.711,0.576,0
AST-IT -838,IT Server,1197,200,19.1,6,5.0,63.6,25.2,33.6,2.117,2.222,0.479,0
AST-HVA-968,HVAC,1265,53,190.3,8,4.14,67.0,18.0,67.1,1.849,0.589,4.513,1
AST-IT -293,IT Server,1634,76,26.3,8,1.58,49.8,14.2,59.7,0.526,0.844,0.483,0
AST-WAT-912,Water Pump,1010,127,1.4,3,4.28,67.6,32.9,52.4,1.928,1.411,0.042,0
AST-GEN-611,Generator,2462,19,110.5,10,5.28,91.9,40.4,59.8,3.232,0.211,1.346,1
AST-HVA-469,HVAC,1326,34,9.9,4,2.46,36.7,16.2,47.9,0.603,0.378,0.224,0
AST-WAT-682,Water Pump,1753,94,12.5,9,2.53,62.5,31.7,51.5,1.053,1.044,0.214,0
AST-GEN-881,Generator,1959,198,58.0,10,6.37,109.3,52.7,67.7,4.639,2.2,0.888,1
AST-IT -169,IT Server,86,68,3.7,1,1.08,48.5,12.1,52.6,0.349,0.756,1.291,0
AST-HVA-908,HVAC,1660,130,42.9,9,3.56,59.5,26.2,28.5,1.412,1.444,0.775,0
AST-ELE-613,Elevator,1731,109,51.9,6,4.61,64.5,25.9,53.2,1.981,1.211,0.899,0
AST-HVA-755,HVAC,2227,138,24.3,8,4.46,78.7,22.2,45.3,2.341,1.533,0.327,1
AST-MED-185,Medical,1299,21,28.4,7,1.53,43.5,7.1,52.4,0.444,0.233,0.656,0
AST-GEN-927,Generator,666,138,46.4,10,3.15,80.5,32.9,52.3,1.692,1.533,2.09,0
AST-IT -749,IT Server,300,80,7.2,2,1.14,54.9,13.7,55.3,0.416,0.889,0.72,0
AST-ELE-966,Elevator,1007,15,2.5,3,1.83,54.9,26.8,45.9,0.671,0.167,0.074,0
AST-LAB-218,Lab Equipment,1887,157,130.9,11,4.92,68.0,15.6,71.6,2.228,1.744,2.081,1
AST-MED-782,Medical,749,31,3.6,3,1.55,47.0,8.8,63.0,0.485,0.344,0.144,0
AST-GEN-818,Generator,76,42,0.0,0,2.74,67.4,47.5,38.6,1.233,0.467,0.0,0
AST-MED-635,Medical,2148,201,166.0,17,6.53,62.7,16.4,38.9,2.73,2.233,2.318,1
AST-MED-270,Medical,1553,33,13.7,8,1.98,45.2,8.0,39.2,0.598,0.367,0.265,0
AST-WAT-375,Water Pump,513,198,10.0,1,5.81,73.0,35.0,52.5,2.828,2.2,0.585,0
AST-MED-926,Medical,1788,70,38.1,7,1.95,46.3,8.6,37.0,0.601,0.778,0.639,0
AST-MED-829,Medical,2391,161,34.6,15,4.27,62.8,13.7,64.2,1.787,1.789,0.434,1
AST-LAB-623,Lab Equipment,1505,15,45.6,5,2.64,55.6,14.6,53.4,0.977,0.167,0.909,0
AST-IT -270,IT Server,1536,41,38.3,13,1.79,46.7,11.1,31.0,0.559,0.456,0.748,0
AST-HVA-687,HVAC,502,59,5.4,1,2.37,57.0,24.7,54.0,0.902,0.656,0.323,0
AST-HVA-145,HVAC,80,63,0.0,0,0.8,49.4,16.8,32.1,0.263,0.7,0.0,0
AST-MED-492,Medical,644,46,20.4,3,1.35,36.7,7.9,47.9,0.331,0.511,0.95,0
AST-WAT-136,Water Pump,2294,206,34.3,9,7.22,92.1,51.6,51.9,4.432,2.289,0.449,1
AST-ELE-771,Elevator,1747,58,75.1,10,3.25,64.3,18.7,36.0,1.395,0.644,1.29,0
AST-LAB-837,Lab Equipment,1340,70,1.0,11,1.72,38.1,9.3,58.6,0.436,0.778,0.022,0
AST-IT -481,IT Server,519,129,0.9,4,1.91,49.7,19.5,56.6,0.633,1.433,0.052,0
AST-HVA-283,HVAC,944,206,27.7,6,4.6,66.8,32.5,44.2,2.048,2.289,0.88,0
AST-HVA-510,HVAC,312,225,3.2,1,6.24,69.8,30.5,24.7,2.905,2.5,0.308,1
AST-MED-892,Medical,1302,84,24.8,6,2.34,49.8,7.0,56.7,0.776,0.933,0.571,0
AST-LAB-108,Lab Equipment,1541,52,14.2,6,2.08,42.4,9.9,51.3,0.588,0.578,0.276,0
AST-WAT-411,Water Pump,1023,119,11.2,2,4.52,53.4,31.6,46.9,1.611,1.322,0.328,0
AST-LAB-891,Lab Equipment,830,188,0.3,4,5.47,65.5,20.3,55.7,2.387,2.089,0.011,0
AST-WAT-915,Water Pump,1034,39,57.2,7,2.6,64.4,36.1,57.5,1.114,0.433,1.66,1
AST-LAB-124,Lab Equipment,984,139,75.7,9,3.61,52.8,16.8,58.0,1.272,1.544,2.308,0
AST-WAT-810,Water Pump,69,86,0.0,0,1.21,51.4,34.6,41.2,0.414,0.956,0.0,1
AST-ELE-485,Elevator,1289,27,32.2,6,1.68,71.7,25.3,48.8,0.801,0.3,0.749,0
AST-GEN-529,Generator,2045,16,10.7,11,3.11,65.8,40.8,40.9,1.361,0.178,0.157,0
AST-GEN-828,Generator,1176,24,0.7,6,2.78,87.8,48.9,57.2,1.627,0.267,0.018,0
AST-GEN-965,Generator,2158,106,7.8,7,2.72,68.5,32.1,66.1,1.242,1.178,0.108,0
AST-MED-569,Medical,377,149,21.8,1,3.42,49.3,11.8,45.1,1.124,1.656,1.735,0
AST-GEN-752,Generator,1645,20,9.1,10,2.39,86.5,38.0,46.7,1.377,0.222,0.166,0
AST-HVA-545,HVAC,565,61,17.3,2,2.06,42.6,21.1,63.8,0.585,0.678,0.919,0
AST-WAT-422,Water Pump,1639,180,38.3,6,6.58,94.5,44.3,27.6,4.148,2.0,0.701,1
AST-MED-425,Medical,1884,70,266.4,9,2.75,53.6,6.4,64.1,0.984,0.778,4.242,1
AST-GEN-239,Generator,2424,28,30.2,12,4.51,69.6,49.7,50.2,2.092,0.311,0.374,1
AST-GEN-560,Generator,1938,81,188.1,15,4.14,85.4,41.1,49.1,2.357,0.9,2.912,1
AST-IT -466,IT Server,880,116,3.2,4,2.36,59.2,20.2,50.3,0.931,1.289,0.109,0
AST-MED-972,Medical,521,24,14.3,2,1.87,32.3,6.4,65.7,0.402,0.267,0.823,0
AST-ELE-411,Elevator,195,56,6.7,1,1.34,46.2,29.7,33.5,0.412,0.622,1.031,0
AST-MED-251,Medical,403,183,2.3,1,4.21,61.4,16.9,62.9,1.724,2.033,0.171,0
AST-MED-505,Medical,2133,13,19.1,10,1.85,43.7,7.5,39.9,0.538,0.144,0.269,0
AST-MED-939,Medical,742,8,43.9,3,1.97,45.9,9.9,66.2,0.604,0.089,1.775,0
AST-WAT-563,Water Pump,2307,192,67.8,14,7.22,90.5,51.3,20.0,4.361,2.133,0.882,1
AST-HVA-573,HVAC,447,206,22.9,4,5.44,80.0,37.0,69.6,2.905,2.289,1.537,0
AST-HVA-112,HVAC,282,213,0.0,0,5.54,78.9,30.2,43.9,2.916,2.367,0.0,0
AST-GEN-233,Generator,841,211,11.3,5,4.4,88.1,60.3,45.0,2.581,2.344,0.403,1
AST-ELE-745,Elevator,374,150,5.8,3,2.63,73.2,37.7,33.6,1.285,1.667,0.465,0
AST-WAT-176,Water Pump,119,17,11.5,1,2.68,46.2,30.7,49.7,0.824,0.189,2.899,0
AST-ELE-554,Elevator,557,24,3.7,5,1.12,60.7,27.4,40.5,0.452,0.267,0.199,0
AST-WAT-928,Water Pump,1388,32,64.4,9,3.96,64.4,33.6,64.9,1.702,0.356,1.392,1
AST-LAB-151,Lab Equipment,718,237,7.8,2,6.06,64.0,24.3,60.4,2.585,2.633,0.326,1
AST-WAT-841,Water Pump,1647,128,3.2,10,3.87,68.2,35.7,46.4,1.758,1.422,0.058,1
AST-ELE-536,Elevator,737,91,24.9,5,1.19,52.6,24.3,66.8,0.418,1.011,1.014,0
AST-GEN-381,Generator,1176,115,16.0,7,3.08,76.2,56.1,26.8,1.564,1.278,0.408,0
AST-HVA-728,HVAC,1036,166,25.7,5,4.22,66.3,29.7,56.3,1.866,1.844,0.744,0
AST-LAB-663,Lab Equipment,1992,16,37.5,10,2.29,40.4,12.6,55.7,0.616,0.178,0.565,0
AST-LAB-240,Lab Equipment,1747,52,10.7,12,2.04,46.0,13.0,33.9,0.626,0.578,0.184,0
AST-WAT-638,Water Pump,1050,162,3.2,6,4.76,79.3,44.6,54.3,2.513,1.8,0.091,0
AST-IT -913,IT Server,109,98,0.0,0,1.09,42.5,16.4,45.7,0.309,1.089,0.0,0
AST-MED-591,Medical,2260,201,155.0,9,7.06,80.7,14.9,44.7,3.797,2.233,2.058,1
AST-IT -614,IT Server,1347,100,31.9,17,1.98,61.0,13.0,63.9,0.805,1.111,0.71,0
AST-HVA-426,HVAC,2475,57,40.5,13,3.99,60.6,16.2,37.0,1.612,0.633,0.491,1
AST-WAT-897,Water Pump,1180,15,5.7,7,2.96,65.8,27.0,70.3,1.296,0.167,0.145,0
AST-LAB-642,Lab Equipment,1494,197,5.7,12,4.67,63.6,22.2,42.5,1.982,2.189,0.114,0
AST-GEN-263,Generator,440,64,3.4,1,1.62,67.2,53.0,62.4,0.725,0.711,0.232,0
AST-MED-646,Medical,259,196,36.9,2,4.86,64.1,17.1,45.0,2.076,2.178,4.274,0
AST-GEN-689,Generator,1620,91,46.3,15,3.88,75.6,46.3,40.0,1.954,1.011,0.857,0
AST-WAT-277,Water Pump,751,61,48.1,6,2.16,62.6,31.6,59.2,0.9,0.678,1.921,0
AST-WAT-855,Water Pump,1499,234,28.1,4,8.58,84.0,49.2,62.6,4.801,2.6,0.562,1
AST-ELE-817,Elevator,1470,146,36.1,6,3.9,65.0,29.7,63.5,1.691,1.622,0.737,0
AST-IT -292,IT Server,2046,139,71.6,8,3.67,57.8,23.5,50.9,1.416,1.544,1.05,1
AST-LAB-138,Lab Equipment,399,15,4.2,2,1.17,40.9,10.2,36.6,0.319,0.167,0.316,0
AST-GEN-120,Generator,2186,123,34.5,12,3.45,92.1,50.1,28.3,2.118,1.367,0.473,1
AST-IT -306,IT Server,564,88,0.0,0,1.2,45.4,14.0,52.9,0.362,0.978,0.0,0
AST-WAT-964,Water Pump,1355,16,27.7,15,4.17,62.7,40.0,50.4,1.743,0.178,0.613,1
AST-IT -821,IT Server,610,199,7.9,1,4.34,62.5,22.2,34.5,1.809,2.211,0.389,1
AST-IT -981,IT Server,1524,19,33.6,10,1.54,54.5,17.4,43.3,0.561,0.211,0.661,0
AST-ELE-505,Elevator,2430,26,52.4,15,2.7,73.5,30.4,35.3,1.325,0.289,0.647,0
AST-MED-239,Medical,675,188,270.9,7,5.61,69.5,17.3,54.7,2.603,2.089,12.04,1
AST-WAT-754,Water Pump,2025,167,75.3,6,6.55,86.5,39.4,47.6,3.778,1.856,1.116,1
AST-ELE-675,Elevator,1491,58,3.7,12,3.06,51.4,32.1,47.2,1.047,0.644,0.074,0
AST-WAT-279,Water Pump,1579,79,62.8,5,3.3,68.9,43.0,28.8,1.514,0.878,1.193,0
AST-MED-230,Medical,757,187,0.3,5,3.97,46.8,16.7,28.8,1.239,2.078,0.012,1
AST-ELE-686,Elevator,1633,218,46.7,7,6.48,89.3,35.4,49.3,3.858,2.422,0.858,0
AST-IT -133,IT Server,775,155,18.5,6,3.42,58.0,23.2,46.9,1.324,1.722,0.716,0
AST-WAT-726,Water Pump,934,164,38.8,5,4.55,81.6,37.0,45.4,2.475,1.822,1.246,1
AST-LAB-244,Lab Equipment,1386,191,41.3,7,5.03,66.2,19.7,57.5,2.221,2.122,0.894,1
AST-MED-427,Medical,717,163,39.9,5,4.31,56.8,14.1,60.7,1.633,1.811,1.669,0
AST-HVA-941,HVAC,1405,115,7.1,10,3.54,49.8,24.2,22.7,1.174,1.278,0.152,1
AST-GEN-355,Generator,307,90,0.0,0,2.69,59.5,42.2,20.0,1.065,1.0,0.0,0
AST-HVA-837,HVAC,35,13,0.0,0,1.86,41.6,23.3,69.8,0.517,0.144,0.0,0
AST-ELE-529,Elevator,711,227,16.9,3,5.93,81.8,46.7,78.9,3.237,2.522,0.713,1
AST-LAB-459,Lab Equipment,2266,97,53.2,14,2.82,60.8,9.7,38.5,1.143,1.078,0.704,1
AST-LAB-907,Lab Equipment,2397,167,55.6,15,5.29,64.3,15.7,25.4,2.27,1.856,0.696,1
AST-GEN-266,Generator,1878,19,2.5,12,1.79,75.1,36.3,34.4,0.895,0.211,0.04,0
AST-HVA-401,HVAC,112,82,0.0,0,1.81,48.6,26.6,65.8,0.588,0.911,0.0,0
AST-HVA-175,HVAC,1430,44,22.5,9,2.97,58.4,26.3,49.8,1.155,0.489,0.472,0
AST-GEN-849,Generator,337,141,0.4,1,3.72,74.4,57.7,38.8,1.848,1.567,0.036,0
AST-HVA-446,HVAC,2463,158,24.0,16,5.04,60.3,26.5,35.3,2.024,1.756,0.292,0
AST-ELE-131,Elevator,1796,168,30.5,10,6.02,80.8,34.4,66.4,3.241,1.867,0.509,1
AST-LAB-260,Lab Equipment,249,26,0.0,0,0.96,46.6,12.7,52.0,0.298,0.289,0.0,0
AST-GEN-519,Generator,2299,185,52.5,15,6.13,89.8,48.4,67.2,3.666,2.056,0.685,1
AST-IT -371,IT Server,1183,77,35.7,5,1.67,45.7,13.0,42.4,0.509,0.856,0.905,0
AST-HVA-502,HVAC,2371,141,69.1,20,4.72,69.2,19.5,50.1,2.179,1.567,0.874,0
AST-GEN-155,Generator,1507,1,13.8,8,2.88,59.0,49.4,51.1,1.131,0.011,0.275,0
AST-MED-943,Medical,2488,123,102.0,10,3.37,58.8,12.0,39.8,1.323,1.367,1.23,1
AST-HVA-311,HVAC,729,164,7.3,1,4.17,79.1,25.3,68.5,2.201,1.822,0.3,1
AST-HVA-584,HVAC,503,79,35.5,2,2.31,50.3,22.3,25.2,0.776,0.878,2.117,0
AST-LAB-600,Lab Equipment,1115,24,8.1,4,1.37,37.3,8.3,35.8,0.339,0.267,0.218,0
AST-LAB-289,Lab Equipment,1549,227,0.2,12,5.06,69.1,21.0,52.8,2.329,2.522,0.004,1
AST-GEN-556,Generator,212,68,1.5,1,2.11,37.9,40.3,39.5,0.533,0.756,0.212,0
AST-MED-331,Medical,1130,145,11.1,9,3.14,58.7,13.4,59.7,1.229,1.611,0.295,0
AST-WAT-813,Water Pump,426,22,4.5,2,1.55,65.8,36.9,57.8,0.682,0.244,0.317,0
AST-WAT-654,Water Pump,1725,194,13.2,7,6.47,73.2,39.5,54.0,3.159,2.156,0.23,1
AST-IT -162,IT Server,1615,210,68.8,12,5.42,67.7,25.8,52.0,2.444,2.333,1.278,1
AST-IT -803,IT Server,1974,147,6.2,11,3.27,51.9,19.0,50.1,1.131,1.633,0.094,0
AST-LAB-406,Lab Equipment,353,102,5.1,1,1.9,48.6,14.3,48.3,0.615,1.133,0.433,0
AST-ELE-135,Elevator,2086,147,12.6,15,4.91,83.8,35.6,59.9,2.742,1.633,0.181,0
AST-WAT-685,Water Pump,633,31,7.0,4,3.38,72.0,21.6,42.4,1.622,0.344,0.332,0
AST-LAB-277,Lab Equipment,714,55,47.1,5,3.02,38.3,13.2,64.0,0.773,0.611,1.979,0
AST-GEN-143,Generator,1764,21,54.9,7,3.55,78.2,40.7,54.2,1.851,0.233,0.934,0
AST-LAB-306,Lab Equipment,635,214,108.2,5,6.33,73.0,22.2,63.5,3.083,2.378,5.112,1
AST-MED-844,Medical,304,23,0.0,0,0.91,36.8,8.1,64.3,0.224,0.256,0.0,0
AST-LAB-665,Lab Equipment,1365,220,72.5,5,6.11,72.0,19.7,51.5,2.935,2.444,1.593,1
AST-LAB-994,Lab Equipment,80,202,0.0,0,5.25,60.4,17.5,67.9,2.117,2.244,0.0,0
AST-IT -635,IT Server,1748,29,100.2,10,2.62,61.6,15.7,43.5,1.077,0.322,1.72,0
AST-GEN-680,Generator,2438,150,3.8,15,4.72,83.3,51.3,36.2,2.622,1.667,0.047,0
AST-HVA-208,HVAC,2334,200,212.5,19,6.4,103.0,25.6,44.0,4.396,2.222,2.731,1
AST-MED-988,Medical,2223,226,97.1,17,6.55,77.2,18.6,46.1,3.372,2.511,1.31,1
AST-LAB-370,Lab Equipment,1598,168,39.0,6,4.11,59.4,16.3,39.4,1.628,1.867,0.732,0
AST-IT -584,IT Server,183,45,4.3,1,0.79,55.1,13.5,43.9,0.291,0.5,0.705,0
AST-GEN-733,Generator,1675,10,99.7,12,3.63,73.0,44.6,33.7,1.765,0.111,1.786,0
AST-MED-807,Medical,1003,13,2.0,10,1.36,45.4,7.6,25.9,0.412,0.144,0.06,0
AST-MED-481,Medical,112,87,11.7,1,0.85,37.2,6.2,36.5,0.21,0.967,3.134,0
AST-MED-418,Medical,1178,216,24.8,4,5.71,70.5,18.9,56.8,2.687,2.4,0.632,1
AST-ELE-801,Elevator,432,223,0.1,3,5.86,80.9,35.9,43.3,3.162,2.478,0.007,1
AST-MED-861,Medical,1844,199,301.8,12,5.75,77.6,16.7,57.2,2.974,2.211,4.91,1
AST-MED-846,Medical,1737,155,76.4,9,4.61,59.8,14.2,20.1,1.838,1.722,1.32,0
AST-GEN-552,Generator,895,234,1.2,5,5.65,102.5,59.8,38.7,3.856,2.6,0.04,1
AST-ELE-596,Elevator,2145,223,58.8,14,7.58,97.8,35.5,42.2,4.941,2.478,0.822,1
AST-HVA-627,HVAC,681,17,14.7,3,2.13,69.6,22.3,45.4,0.986,0.189,0.648,0
AST-IT -513,IT Server,585,200,4.2,4,4.62,66.2,23.3,63.6,2.041,2.222,0.215,0
AST-IT -129,IT Server,741,50,64.4,3,1.8,51.6,17.8,37.9,0.62,0.556,2.607,0
AST-GEN-957,Generator,266,64,0.0,0,0.67,69.7,41.5,41.2,0.311,0.711,0.0,0
AST-HVA-469,HVAC,845,71,3.4,3,2.23,48.1,22.7,45.8,0.715,0.789,0.121,0
AST-LAB-617,Lab Equipment,1655,163,67.5,6,5.32,69.5,16.8,76.5,2.464,1.811,1.224,0
AST-ELE-131,Elevator,1020,96,0.8,1,3.1,70.8,26.5,50.7,1.465,1.067,0.024,0
AST-LAB-281,Lab Equipment,1973,151,90.8,10,4.67,72.4,16.5,62.4,2.256,1.678,1.381,1
AST-MED-267,Medical,1089,192,13.0,4,4.4,58.6,19.0,61.7,1.717,2.133,0.358,0
AST-HVA-391,HVAC,142,99,14.8,1,2.13,48.1,22.7,24.1,0.683,1.1,3.127,0
AST-WAT-685,Water Pump,907,220,4.9,4,8.35,77.9,47.2,63.9,4.339,2.444,0.162,1
AST-GEN-793,Generator,876,69,6.2,7,1.37,78.3,51.4,59.5,0.715,0.767,0.212,0
AST-IT -120,IT Server,66,122,0.0,0,1.62,52.0,15.2,35.9,0.562,1.356,0.0,0
AST-ELE-277,Elevator,2492,206,83.9,9,7.22,89.9,34.4,45.9,4.328,2.289,1.01,1
AST-MED-722,Medical,1281,183,1.1,10,4.83,60.8,15.0,56.8,1.958,2.033,0.026,0
AST-ELE-381,Elevator,1765,230,46.5,12,6.39,84.2,42.4,48.2,3.591,2.556,0.79,1
AST-MED-570,Medical,1062,56,27.5,4,2.04,47.1,8.0,43.0,0.64,0.622,0.777,0
AST-ELE-633,Elevator,1656,150,37.1,11,3.44,64.8,29.3,48.1,1.486,1.667,0.672,1
AST-IT -778,IT Server,1562,144,27.1,4,3.34,60.9,18.7,60.6,1.357,1.6,0.52,0
AST-IT -389,IT Server,1252,176,46.4,6,4.28,69.9,21.6,57.0,1.995,1.956,1.112,1
AST-HVA-444,HVAC,1162,164,51.4,7,5.02,63.6,26.5,32.2,2.127,1.822,1.327,1
AST-MED-367,Medical,1253,49,64.8,7,1.97,39.3,9.1,45.4,0.517,0.544,1.551,0
AST-WAT-346,Water Pump,262,207,0.0,0,6.38,76.2,41.1,60.5,3.242,2.3,0.0,0
AST-WAT-714,Water Pump,1685,170,7.0,11,6.16,80.2,44.2,44.8,3.296,1.889,0.125,1
AST-GEN-838,Generator,134,168,0.0,0,3.28,94.7,51.5,61.0,2.072,1.867,0.0,0
AST-MED-365,Medical,1744,104,289.6,13,3.28,57.3,9.9,74.9,1.251,1.156,4.982,1
AST-HVA-697,HVAC,2373,209,54.5,13,5.85,84.4,29.4,44.1,3.291,2.322,0.689,1
AST-ELE-830,Elevator,940,176,22.6,4,5.37,72.7,32.3,58.9,2.602,1.956,0.721,1
AST-WAT-587,Water Pump,1498,130,44.1,8,5.48,67.2,33.1,61.0,2.456,1.444,0.883,1
AST-GEN-960,Generator,2316,47,185.5,17,3.75,100.2,43.3,58.8,2.504,0.522,2.403,1
AST-LAB-231,Lab Equipment,1089,186,27.1,9,4.67,75.5,17.1,46.8,2.349,2.067,0.747,0
AST-WAT-287,Water Pump,1404,168,19.3,7,3.66,70.2,39.1,67.1,1.713,1.867,0.412,1
AST-MED-328,Medical,1287,108,28.1,7,1.92,43.3,10.7,59.0,0.554,1.2,0.655,0
AST-MED-480,Medical,1097,150,49.8,3,3.28,60.2,12.4,45.3,1.317,1.667,1.362,0
AST-WAT-220,Water Pump,1957,14,54.2,12,2.04,71.5,36.9,42.4,0.975,0.156,0.831,0
AST-IT -694,IT Server,321,121,15.0,2,1.95,50.8,13.3,57.4,0.662,1.344,1.402,0
AST-IT -222,IT Server,1593,136,187.0,14,3.98,62.8,14.7,40.6,1.669,1.511,3.522,1
AST-HVA-991,HVAC,647,36,1.3,2,2.88,58.2,22.9,52.3,1.116,0.4,0.06,0
AST-MED-519,Medical,2362,229,18.7,18,5.56,66.6,21.8,69.7,2.471,2.544,0.238,0
AST-LAB-246,Lab Equipment,1325,221,12.6,8,5.78,71.2,22.5,63.7,2.741,2.456,0.285,1
AST-WAT-182,Water Pump,2027,86,101.4,17,3.59,75.7,35.5,46.9,1.814,0.956,1.501,1
AST-GEN-420,Generator,267,2,31.2,3,2.66,70.7,62.4,34.0,1.255,0.022,3.506,0
AST-GEN-879,Generator,720,148,27.1,2,4.13,85.8,53.8,65.4,2.359,1.644,1.129,0
AST-LAB-904,Lab Equipment,390,34,11.8,1,1.71,52.8,10.6,52.5,0.602,0.378,0.908,0
AST-ELE-539,Elevator,1682,110,33.4,13,3.61,49.0,28.9,47.5,1.18,1.222,0.596,0
AST-LAB-104,Lab Equipment,184,137,0.0,0,3.09,52.9,16.1,53.7,1.09,1.522,0.0,0
AST-MED-114,Medical,1349,194,153.8,8,6.3,69.1,15.7,60.7,2.901,2.156,3.42,1
AST-GEN-118,Generator,46,161,0.0,0,4.88,82.0,52.5,64.0,2.669,1.789,0.0,0
AST-GEN-810,Generator,1440,80,48.0,9,3.77,65.8,40.7,42.6,1.653,0.889,1.0,1
AST-LAB-615,Lab Equipment,2441,79,79.8,9,2.95,57.6,10.9,39.6,1.131,0.878,0.981,1
AST-WAT-146,Water Pump,1251,75,67.3,7,4.18,58.6,33.0,47.9,1.633,0.833,1.614,0
AST-IT -710,IT Server,2176,87,33.3,12,1.84,44.0,15.4,39.8,0.539,0.967,0.459,0
AST-ELE-237,Elevator,1433,231,18.1,9,7.39,80.1,40.0,31.1,3.946,2.567,0.379,1
AST-WAT-292,Water Pump,705,233,30.2,5,8.09,87.4,46.8,66.8,4.717,2.589,1.285,1
AST-LAB-119,Lab Equipment,965,58,5.4,5,1.36,47.9,7.3,67.2,0.435,0.644,0.168,0
AST-GEN-316,Generator,119,151,12.1,1,3.93,81.1,63.0,34.1,2.124,1.678,3.05,0
AST-HVA-475,HVAC,183,97,1.0,1,1.42,57.4,20.0,64.5,0.544,1.078,0.164,0
AST-MED-889,Medical,2220,160,44.0,14,4.01,62.7,14.5,64.5,1.676,1.778,0.595,1
AST-HVA-777,HVAC,472,168,11.5,3,4.04,81.8,26.5,42.4,2.204,1.867,0.731,0
AST-HVA-806,HVAC,504,107,0.0,0,2.93,61.0,26.2,50.1,1.191,1.189,0.0,0
AST-HVA-660,HVAC,1065,122,30.2,4,4.07,58.4,28.1,43.7,1.586,1.356,0.851,0
AST-GEN-811,Generator,68,78,0.0,0,1.42,53.4,53.3,41.6,0.506,0.867,0.0,0
AST-HVA-778,HVAC,2161,70,65.4,6,2.57,51.1,23.6,66.6,0.877,0.778,0.908,0
AST-ELE-240,Elevator,1745,213,204.1,11,7.69,87.3,36.3,50.1,4.475,2.367,3.509,1
AST-IT -836,IT Server,512,73,10.8,4,1.17,36.7,15.2,55.6,0.286,0.811,0.633,0
AST-HVA-609,HVAC,843,156,81.2,7,5.4,74.4,19.7,50.2,2.681,1.733,2.89,1
AST-MED-951,Medical,2172,52,25.7,13,2.54,46.2,8.3,46.5,0.782,0.578,0.355,0
AST-LAB-402,Lab Equipment,686,11,12.7,3,0.73,46.5,12.3,42.6,0.227,0.122,0.555,0
AST-GEN-804,Generator,1998,85,173.5,12,3.62,65.3,38.7,51.2,1.577,0.944,2.605,1
AST-HVA-787,HVAC,394,233,5.9,2,6.47,99.4,32.9,51.7,4.287,2.589,0.449,1
AST-IT -785,IT Server,2053,39,4.5,9,1.47,55.7,12.6,54.1,0.548,0.433,0.066,0
AST-WAT-623,Water Pump,337,186,0.0,0,5.04,72.2,52.4,55.0,2.422,2.067,0.0,0
AST-MED-759,Medical,976,117,50.6,8,2.77,48.5,10.2,38.3,0.897,1.3,1.555,0
AST-MED-370,Medical,1931,13,90.8,12,2.08,52.3,8.7,44.4,0.726,0.144,1.411,0
AST-GEN-995,Generator,191,219,12.4,1,5.98,103.3,60.1,41.8,4.117,2.433,1.948,1
AST-WAT-793,Water Pump,1310,110,0.5,4,4.76,73.3,28.3,36.0,2.326,1.222,0.011,0
AST-HVA-971,HVAC,217,3,0.4,1,1.44,57.4,21.1,62.6,0.55,0.033,0.055,0
AST-ELE-762,Elevator,728,85,79.9,6,2.84,60.8,35.7,60.8,1.15,0.944,3.293,0
AST-LAB-736,Lab Equipment,1128,225,45.5,9,6.46,83.0,22.7,60.3,3.575,2.5,1.21,1
AST-MED-934,Medical,1433,47,36.7,3,2.24,48.7,9.3,54.2,0.728,0.522,0.768,0
AST-LAB-567,Lab Equipment,1143,214,42.9,8,5.66,71.6,22.6,55.7,2.703,2.378,1.126,1
AST-WAT-589,Water Pump,1757,167,59.2,16,4.8,83.0,44.5,48.6,2.656,1.856,1.011,1
AST-GEN-215,Generator,572,179,0.0,0,5.72,92.5,53.4,56.9,3.526,1.989,0.0,1
AST-WAT-263,Water Pump,454,107,61.9,4,2.88,77.6,26.7,29.5,1.487,1.189,4.09,0
AST-LAB-921,Lab Equipment,2360,174,7.7,9,5.05,66.9,20.2,51.8,2.252,1.933,0.098,1
AST-IT -488,IT Server,1498,157,3.4,6,3.37,59.4,27.7,60.9,1.333,1.744,0.068,1
AST-ELE-958,Elevator,565,124,6.4,3,1.65,68.8,28.1,45.2,0.758,1.378,0.34,0
AST-HVA-521,HVAC,1835,12,46.2,8,2.36,69.8,22.4,60.6,1.099,0.133,0.755,0
AST-ELE-421,Elevator,80,181,0.0,0,4.68,71.6,27.4,46.3,2.236,2.011,0.0,0
AST-IT -885,IT Server,2391,186,118.3,15,5.75,80.7,26.0,40.5,3.091,2.067,1.484,1
AST-ELE-994,Elevator,1415,133,23.9,7,4.66,69.4,31.8,59.4,2.159,1.478,0.507,0
AST-ELE-733,Elevator,420,111,8.3,3,3.38,64.0,25.1,24.0,1.443,1.233,0.593,0
AST-GEN-593,Generator,1446,170,115.1,13,4.49,91.9,52.1,46.7,2.753,1.889,2.388,1
AST-LAB-252,Lab Equipment,2316,229,117.7,11,7.48,82.5,24.5,37.7,4.115,2.544,1.525,1
AST-HVA-111,HVAC,672,130,22.9,5,2.91,62.9,26.9,59.2,1.22,1.444,1.022,0
AST-WAT-607,Water Pump,707,20,54.0,7,4.74,69.9,26.1,61.4,2.21,0.222,2.291,0
AST-MED-346,Medical,1385,72,64.9,6,2.12,37.4,9.8,31.2,0.529,0.8,1.406,0
AST-GEN-663,Generator,1580,104,52.0,7,3.34,78.9,42.8,58.0,1.756,1.156,0.987,0
AST-HVA-570,HVAC,1849,206,30.3,9,5.71,80.5,36.3,43.7,3.062,2.289,0.492,1
AST-HVA-977,HVAC,2071,115,56.2,17,3.91,66.3,22.7,30.1,1.729,1.278,0.814,1
AST-LAB-863,Lab Equipment,102,27,0.7,1,0.87,44.6,17.7,63.3,0.26,0.3,0.206,0
AST-HVA-670,HVAC,2279,1,33.4,17,3.1,56.7,21.1,35.3,1.171,0.011,0.44,0
AST-WAT-718,Water Pump,1277,228,182.8,10,8.06,95.2,42.0,56.4,5.115,2.533,4.294,1
AST-GEN-770,Generator,1898,88,45.5,8,4.57,71.3,47.1,58.4,2.171,0.978,0.719,1
AST-HVA-936,HVAC,943,217,19.9,4,5.45,73.9,36.6,54.8,2.687,2.411,0.633,1
AST-IT -885,IT Server,2487,122,28.7,17,2.85,60.2,17.3,55.2,1.144,1.356,0.346,0
AST-MED-833,Medical,1883,30,53.2,10,2.36,38.2,8.0,46.7,0.602,0.333,0.848,0
AST-ELE-327,Elevator,38,88,0.0,0,1.78,45.8,28.9,33.4,0.543,0.978,0.0,0
AST-ELE-919,Elevator,1225,141,37.0,2,4.57,65.5,19.1,59.5,1.999,1.567,0.906,0
AST-ELE-208,Elevator,217,230,10.6,4,6.46,87.9,33.5,55.2,3.789,2.556,1.465,1
AST-GEN-941,Generator,1706,28,64.6,6,2.76,80.6,32.8,57.6,1.482,0.311,1.136,0
AST-GEN-292,Generator,524,239,3.4,3,7.62,96.6,60.5,48.3,4.907,2.656,0.195,1
AST-GEN-568,Generator,810,184,0.1,4,5.8,75.3,50.4,53.6,2.91,2.044,0.004,1
AST-WAT-524,Water Pump,220,238,0.0,0,7.39,99.2,42.5,67.8,4.887,2.644,0.0,1
AST-ELE-702,Elevator,534,198,9.8,3,6.01,74.3,40.4,48.4,2.977,2.2,0.551,0
AST-LAB-774,Lab Equipment,2443,130,49.1,13,3.45,55.5,18.1,44.7,1.277,1.444,0.603,1
AST-LAB-104,Lab Equipment,2202,189,25.9,13,4.95,68.0,20.0,49.7,2.243,2.1,0.353,1
AST-LAB-958,Lab Equipment,2426,124,51.1,9,3.28,61.5,16.2,62.9,1.347,1.378,0.632,0
AST-WAT-281,Water Pump,2399,45,10.5,11,4.14,62.6,37.6,46.7,1.729,0.5,0.131,0
AST-GEN-206,Generator,1616,169,4.4,7,3.74,81.1,50.3,58.0,2.022,1.878,0.082,0
AST-MED-616,Medical,1605,108,38.7,10,2.66,43.0,9.5,54.7,0.761,1.2,0.723,0
AST-ELE-880,Elevator,1046,71,35.8,9,2.47,59.5,27.1,52.9,0.98,0.789,1.027,0
AST-MED-401,Medical,1884,207,33.7,11,4.99,64.9,17.5,48.6,2.16,2.3,0.537,1
AST-LAB-716,Lab Equipment,2128,77,87.0,13,2.4,56.1,15.2,43.1,0.896,0.856,1.227,0
AST-IT -981,IT Server,1315,183,27.8,9,4.15,58.2,22.5,69.3,1.61,2.033,0.634,0
AST-IT -747,IT Server,920,52,18.3,6,1.5,46.1,12.4,65.4,0.461,0.578,0.597,0
AST-ELE-397,Elevator,1444,236,32.8,6,6.9,96.2,43.2,66.5,4.426,2.622,0.681,1
AST-ELE-765,Elevator,758,129,7.3,5,3.55,60.1,29.4,53.5,1.424,1.433,0.289,0
AST-ELE-430,Elevator,502,195,55.6,4,5.66,74.9,47.6,52.1,2.828,2.167,3.323,1
AST-LAB-696,Lab Equipment,2367,171,11.7,15,4.52,70.7,14.8,32.9,2.132,1.9,0.148,0
AST-ELE-865,Elevator,2216,74,80.3,8,4.14,75.9,32.6,52.4,2.094,0.822,1.087,0
AST-LAB-927,Lab Equipment,82,134,11.3,1,2.15,49.2,15.3,62.6,0.704,1.489,4.134,0
AST-LAB-248,Lab Equipment,247,172,0.0,1,3.46,58.8,17.3,61.2,1.356,1.911,0.0,0
AST-MED-868,Medical,689,74,18.3,2,1.61,36.9,8.3,56.8,0.396,0.822,0.797,0
AST-GEN-959,Generator,284,177,1.7,1,5.16,91.0,61.7,64.3,3.131,1.967,0.18,0
AST-GEN-871,Generator,2246,9,101.3,11,3.64,97.0,43.0,58.5,2.357,0.1,1.353,1
AST-LAB-204,Lab Equipment,2331,222,13.5,16,6.35,68.3,25.0,45.5,2.891,2.467,0.174,1
AST-ELE-674,Elevator,1622,61,12.5,9,2.15,66.1,28.7,36.6,0.946,0.678,0.231,0
AST-WAT-917,Water Pump,1208,178,1.5,2,3.49,76.7,42.8,48.3,1.785,1.978,0.037,0
AST-LAB-496,Lab Equipment,1736,202,36.5,14,5.45,70.4,20.4,63.4,2.559,2.244,0.631,0
AST-MED-665,Medical,250,4,1.2,1,1.26,42.1,6.3,38.9,0.354,0.044,0.144,0
AST-GEN-735,Generator,1844,213,100.5,11,8.22,87.8,58.7,60.8,4.813,2.367,1.635,1
AST-ELE-821,Elevator,1536,194,0.9,4,5.1,72.2,39.5,77.4,2.455,2.156,0.018,1
AST-ELE-717,Elevator,834,199,8.4,2,5.12,78.7,33.3,64.4,2.686,2.211,0.302,0
AST-GEN-401,Generator,1868,46,60.9,12,2.7,66.0,50.3,49.2,1.187,0.511,0.978,0
AST-HVA-291,HVAC,741,189,8.2,2,4.89,68.6,31.5,38.1,2.237,2.1,0.332,0
AST-LAB-141,Lab Equipment,1785,72,71.3,10,2.21,45.4,17.0,47.0,0.671,0.8,1.198,0
AST-GEN-264,Generator,2422,217,18.0,14,6.47,102.7,57.7,43.0,4.429,2.411,0.223,1
AST-MED-577,Medical,664,11,22.2,3,1.97,46.1,6.8,62.4,0.605,0.122,1.003,0
AST-MED-711,Medical,238,199,2.2,1,4.49,56.4,17.6,57.8,1.688,2.211,0.277,0
AST-IT -963,IT Server,1263,126,15.4,9,2.9,49.9,16.3,41.5,0.966,1.4,0.366,0
AST-IT -466,IT Server,328,201,9.5,2,4.51,73.6,25.5,28.8,2.213,2.233,0.869,0
AST-IT -325,IT Server,783,134,260.7,9,3.63,56.3,17.9,55.4,1.363,1.489,9.989,1
AST-IT -263,IT Server,1733,140,62.1,8,3.44,59.3,25.3,57.3,1.362,1.556,1.075,0
AST-HVA-457,HVAC,936,227,19.9,8,6.36,78.7,35.4,58.2,3.337,2.522,0.638,1
AST-MED-439,Medical,1507,76,37.8,7,2.03,46.8,8.7,46.0,0.634,0.844,0.752,0
AST-WAT-733,Water Pump,2202,122,59.2,13,5.67,68.9,36.1,52.2,2.606,1.356,0.807,0
AST-WAT-870,Water Pump,66,30,0.0,0,2.46,56.9,24.1,38.0,0.933,0.333,0.0,0
AST-LAB-346,Lab Equipment,1028,11,0.0,9,1.37,45.7,10.5,37.7,0.418,0.122,0.0,0
AST-MED-490,Medical,494,99,2.4,3,0.91,40.9,8.3,47.9,0.247,1.1,0.146,0
AST-ELE-389,Elevator,131,234,0.8,2,7.55,79.6,43.3,58.5,4.007,2.6,0.183,1
AST-WAT-483,Water Pump,2136,206,0.7,11,6.68,90.8,44.7,44.3,4.044,2.289,0.01,1
AST-LAB-144,Lab Equipment,1244,230,0.8,6,5.25,71.5,24.8,71.7,2.501,2.556,0.019,1
AST-MED-626,Medical,367,25,0.0,0,0.85,37.0,7.5,66.3,0.21,0.278,0.0,0
AST-WAT-650,Water Pump,2214,2,4.0,7,2.78,58.9,29.6,61.9,1.091,0.022,0.054,0
AST-GEN-786,Generator,903,222,35.6,5,7.02,101.3,58.0,51.4,4.739,2.467,1.183,1
AST-WAT-206,Water Pump,872,138,88.3,7,4.74,72.6,34.2,52.8,2.297,1.533,3.038,0
AST-ELE-893,Elevator,1812,166,45.6,10,5.11,71.6,27.7,57.6,2.439,1.844,0.755,0
AST-HVA-864,HVAC,659,7,3.0,3,1.8,58.7,21.4,55.0,0.704,0.078,0.137,0
AST-MED-138,Medical,388,19,1.7,1,1.28,45.1,7.9,58.9,0.385,0.211,0.131,0
AST-WAT-357,Water Pump,2315,19,395.3,17,4.21,73.6,34.6,35.0,2.064,0.211,5.123,1
AST-GEN-364,Generator,1699,100,3.0,8,3.37,87.0,33.3,43.9,1.955,1.111,0.053,0
AST-LAB-543,Lab Equipment,1325,5,26.6,10,1.9,52.6,11.1,53.2,0.666,0.056,0.602,0
AST-HVA-647,HVAC,54,165,0.0,0,3.81,69.9,25.2,35.5,1.773,1.833,0.0,0
AST-HVA-874,HVAC,2428,12,124.6,15,4.55,66.2,18.6,47.9,2.009,0.133,1.54,0
AST-HVA-466,HVAC,2089,28,93.7,15,3.29,68.3,20.7,59.9,1.498,0.311,1.346,0
AST-ELE-408,Elevator,384,73,38.0,2,3.18,57.0,28.9,33.8,1.209,0.811,2.969,0
AST-LAB-490,Lab Equipment,1648,211,2.3,5,5.8,62.5,25.7,64.1,2.413,2.344,0.042,0
AST-LAB-260,Lab Equipment,2215,57,21.9,13,1.71,50.3,12.3,48.2,0.573,0.633,0.297,0
AST-LAB-915,Lab Equipment,2265,76,47.0,15,2.19,54.9,12.8,57.3,0.802,0.844,0.623,0
AST-GEN-405,Generator,1558,3,30.7,8,3.44,78.6,40.2,64.8,1.804,0.033,0.591,0
AST-IT -244,IT Server,534,11,135.5,5,2.17,67.1,11.7,58.8,0.973,0.122,7.612,1
AST-IT -503,IT Server,2230,141,7.3,10,3.42,56.0,17.3,52.8,1.275,1.567,0.098,0
AST-MED-315,Medical,1438,55,6.7,8,1.47,35.1,6.6,49.5,0.343,0.611,0.14,0
AST-ELE-971,Elevator,2129,37,27.2,13,2.15,59.1,34.2,33.1,0.848,0.411,0.383,0
AST-GEN-731,Generator,1065,50,101.5,8,4.54,87.4,45.7,44.6,2.643,0.556,2.859,1
AST-ELE-918,Elevator,2353,219,25.4,13,6.92,93.7,35.7,48.2,4.322,2.433,0.324,1
AST-WAT-662,Water Pump,1919,166,74.3,13,4.0,85.9,31.5,56.0,2.289,1.844,1.162,1
AST-MED-787,Medical,305,65,7.2,2,1.13,40.8,9.2,35.9,0.307,0.722,0.708,0
AST-ELE-694,Elevator,2025,85,7.5,9,1.4,66.1,30.5,33.9,0.619,0.944,0.111,0
AST-ELE-771,Elevator,990,26,3.8,8,3.38,56.8,19.2,47.8,1.28,0.289,0.115,0
AST-HVA-298,HVAC,1331,125,23.1,6,3.3,68.4,24.4,47.4,1.505,1.389,0.521,0
AST-IT -775,IT Server,1282,178,126.0,14,5.04,73.5,25.2,30.9,2.471,1.978,2.949,1
AST-IT -680,IT Server,1522,207,26.6,9,5.19,73.4,23.9,33.4,2.539,2.3,0.524,1
AST-LAB-272,Lab Equipment,49,81,0.0,0,1.0,47.1,8.6,31.7,0.315,0.9,0.0,0
AST-GEN-829,Generator,1816,71,54.9,13,3.91,88.4,37.5,66.1,2.306,0.789,0.907,0
AST-GEN-795,Generator,1388,225,105.3,5,8.08,105.1,58.0,37.2,5.664,2.5,2.276,1
AST-LAB-467,Lab Equipment,1281,125,6.7,10,2.8,45.2,14.1,54.7,0.844,1.389,0.157,0
AST-GEN-761,Generator,365,216,13.0,2,7.31,93.7,58.3,44.0,4.563,2.4,1.068,1
AST-WAT-243,Water Pump,2236,51,32.0,5,3.0,69.6,34.1,26.1,1.391,0.567,0.429,0
AST-ELE-178,Elevator,338,229,1.9,2,7.36,82.3,44.5,32.7,4.037,2.544,0.169,1
AST-IT -746,IT Server,157,209,0.0,0,4.57,67.3,21.9,39.4,2.053,2.322,0.0,0
AST-LAB-887,Lab Equipment,2446,55,54.6,18,2.01,46.7,12.4,53.9,0.626,0.611,0.67,0
AST-IT -366,IT Server,2256,229,41.7,10,5.66,76.1,28.1,41.0,2.875,2.544,0.555,0
AST-LAB-769,Lab Equipment,638,94,44.0,8,2.1,41.3,13.7,39.9,0.579,1.044,2.069,0
AST-WAT-703,Water Pump,1221,35,7.3,5,3.58,63.5,32.9,38.5,1.516,0.389,0.179,0
AST-IT -192,IT Server,1655,94,169.7,13,2.4,60.5,15.3,57.3,0.968,1.044,3.076,1
AST-ELE-344,Elevator,709,194,21.5,2,6.08,80.2,34.8,46.2,3.249,2.156,0.91,1
AST-LAB-263,Lab Equipment,763,145,0.0,0,3.47,52.7,15.6,60.9,1.219,1.611,0.0,0
AST-ELE-993,Elevator,628,189,6.6,2,4.64,73.0,33.2,61.8,2.258,2.1,0.315,0
AST-MED-141,Medical,926,195,16.7,3,5.0,66.8,15.6,35.3,2.227,2.167,0.541,0
AST-HVA-370,HVAC,1543,60,3.2,8,1.8,60.1,19.9,48.1,0.721,0.667,0.062,0
AST-GEN-630,Generator,1509,100,174.6,6,4.6,99.5,49.9,55.7,3.049,1.111,3.471,1
AST-LAB-147,Lab Equipment,193,167,1.2,1,3.2,65.4,17.7,59.9,1.394,1.856,0.187,0
AST-ELE-633,Elevator,1150,214,99.7,9,6.29,100.7,38.5,47.1,4.22,2.378,2.601,1
AST-IT -657,IT Server,2365,45,17.9,14,1.7,52.0,13.1,44.6,0.589,0.5,0.227,0
AST-LAB-474,Lab Equipment,2437,168,107.3,14,5.3,69.4,18.3,40.7,2.453,1.867,1.321,1
AST-HVA-629,HVAC,1060,97,30.9,5,2.61,65.8,21.2,41.4,1.146,1.078,0.875,0
AST-GEN-628,Generator,1692,91,73.2,14,3.42,77.5,46.7,38.4,1.768,1.011,1.298,0
AST-MED-598,Medical,2004,228,42.1,9,6.01,71.8,20.3,56.6,2.879,2.533,0.63,1
AST-IT -242,IT Server,1831,43,9.8,7,1.67,51.5,12.1,68.9,0.575,0.478,0.161,0
AST-IT -758,IT Server,1180,55,14.3,2,1.75,36.1,11.2,55.3,0.42,0.611,0.364,0
AST-GEN-470,Generator,2495,184,38.4,13,5.99,105.7,58.7,52.7,4.225,2.044,0.462,1
AST-ELE-335,Elevator,1728,208,7.0,8,6.4,75.9,40.6,55.1,3.238,2.311,0.122,1
AST-HVA-593,HVAC,1991,123,37.8,17,3.35,56.5,25.2,59.8,1.262,1.367,0.57,0
AST-GEN-762,Generator,1713,6,46.1,6,2.89,85.7,41.1,67.8,1.649,0.067,0.807,0
AST-GEN-687,Generator,2456,42,433.7,15,3.33,67.0,42.0,44.0,1.485,0.467,5.298,1
AST-IT -140,IT Server,2374,38,24.2,12,1.49,49.2,16.7,39.5,0.49,0.422,0.306,0
AST-MED-284,Medical,2146,104,83.2,15,3.35,56.5,6.8,41.5,1.264,1.156,1.163,0
AST-IT -752,IT Server,106,225,1.3,2,4.88,73.0,28.9,40.7,2.372,2.5,0.368,0
AST-ELE-941,Elevator,1191,22,122.1,8,2.81,69.4,25.0,71.5,1.297,0.244,3.076,0
AST-IT -582,IT Server,2002,44,52.1,12,2.14,57.9,12.6,54.2,0.826,0.489,0.781,0
AST-LAB-715,Lab Equipment,614,204,33.7,4,4.96,70.7,21.2,52.0,2.339,2.267,1.647,1
AST-WAT-286,Water Pump,2122,68,35.8,15,3.12,62.6,35.0,73.8,1.302,0.756,0.506,0
AST-ELE-450,Elevator,1887,153,2.7,6,5.09,78.1,33.6,41.9,2.649,1.7,0.043,1
AST-GEN-487,Generator,1608,34,21.5,12,1.65,71.2,50.0,51.9,0.782,0.378,0.401,0
AST-GEN-635,Generator,2095,176,73.4,14,5.05,94.4,50.3,55.2,3.18,1.956,1.051,1
AST-GEN-720,Generator,424,46,0.0,0,1.97,59.4,51.7,55.5,0.781,0.511,0.0,0
AST-IT -714,IT Server,189,225,1.4,1,4.84,69.8,23.5,72.3,2.254,2.5,0.222,0
AST-IT -870,IT Server,511,24,13.3,5,1.34,56.1,14.0,36.3,0.501,0.267,0.781,0
AST-GEN-717,Generator,2238,212,14.1,12,6.71,98.6,68.7,47.5,4.411,2.356,0.189,1
AST-WAT-794,Water Pump,1797,134,10.3,9,4.87,70.4,35.3,65.8,2.284,1.489,0.172,0
AST-WAT-144,Water Pump,2200,110,68.7,14,4.48,69.0,31.1,57.9,2.062,1.222,0.937,1
AST-WAT-593,Water Pump,1591,90,4.5,7,3.35,41.1,32.8,36.2,0.917,1.0,0.085,0
AST-ELE-879,Elevator,2389,26,129.9,8,4.34,64.2,27.7,47.1,1.859,0.289,1.631,1
AST-MED-588,Medical,982,233,9.7,3,6.09,64.1,19.7,59.0,2.601,2.589,0.296,0
AST-MED-712,Medical,2257,105,103.9,9,2.84,62.3,9.0,36.0,1.181,1.167,1.381,1
AST-HVA-826,HVAC,59,148,0.0,0,2.63,64.4,30.1,47.2,1.13,1.644,0.0,0
AST-IT -107,IT Server,1566,168,44.2,10,4.02,74.0,22.2,35.2,1.982,1.867,0.847,1
AST-WAT-423,Water Pump,1704,93,52.3,13,2.37,57.8,33.4,75.4,0.915,1.033,0.921,0
AST-LAB-767,Lab Equipment,2427,65,49.0,12,3.1,59.9,13.0,57.2,1.239,0.722,0.606,0
AST-IT -533,IT Server,2342,94,370.6,18,2.92,66.7,18.7,31.9,1.299,1.044,4.747,1
AST-ELE-506,Elevator,864,106,10.0,3,2.76,65.0,25.8,26.0,1.198,1.178,0.347,0
AST-IT -594,IT Server,762,95,53.1,7,1.68,52.0,14.2,40.2,0.582,1.056,2.091,0
AST-LAB-359,Lab Equipment,1286,148,8.9,4,2.92,57.6,18.9,47.8,1.12,1.644,0.208,0
AST-ELE-507,Elevator,595,219,227.5,6,6.91,94.3,45.6,43.8,4.348,2.433,11.471,1
AST-HVA-865,HVAC,971,115,1.7,8,3.18,53.7,24.2,33.8,1.136,1.278,0.053,0
AST-GEN-202,Generator,908,131,18.7,5,3.25,79.7,46.7,39.6,1.726,1.456,0.618,0
AST-MED-920,Medical,2285,158,4.5,17,3.83,58.5,13.2,45.3,1.493,1.756,0.059,0
AST-ELE-153,Elevator,688,100,22.5,7,2.77,62.4,31.1,73.2,1.153,1.111,0.981,0
AST-HVA-923,HVAC,403,211,0.0,0,5.22,73.4,29.3,37.2,2.555,2.344,0.0,1
AST-IT -545,IT Server,391,17,0.5,2,1.11,57.7,19.6,39.8,0.426,0.189,0.038,0
AST-MED-181,Medical,184,186,6.1,1,4.66,54.2,16.3,34.7,1.684,2.067,0.995,0
AST-LAB-728,Lab Equipment,2164,74,730.5,18,2.94,55.8,9.1,57.4,1.092,0.822,10.127,1
AST-IT -158,IT Server,747,164,19.1,2,3.36,59.0,21.0,52.6,1.32,1.822,0.767,0
AST-HVA-306,HVAC,2152,74,64.1,13,3.24,65.3,25.4,46.7,1.41,0.822,0.894,1
AST-WAT-713,Water Pump,2121,133,144.3,8,6.56,83.3,40.3,55.4,3.642,1.478,2.041,1
AST-IT -273,IT Server,177,93,1.1,1,1.43,45.1,15.7,49.2,0.431,1.033,0.186,0
AST-HVA-261,HVAC,385,71,5.3,2,1.7,39.2,19.9,38.4,0.443,0.789,0.413,0
AST-MED-785,Medical,1648,104,34.4,10,2.57,57.0,9.8,26.1,0.975,1.156,0.626,0
AST-IT -115,IT Server,311,236,0.5,2,5.4,70.5,27.7,35.1,2.535,2.622,0.048,1
AST-MED-843,Medical,2320,235,99.3,15,7.27,74.4,22.2,37.9,3.602,2.611,1.284,1
AST-MED-935,Medical,1162,58,73.4,4,1.94,39.9,8.1,50.5,0.517,0.644,1.895,0
AST-GEN-565,Generator,1684,148,13.0,5,4.44,82.7,65.7,61.4,2.447,1.644,0.232,1
AST-GEN-516,Generator,2103,28,27.6,12,3.0,69.5,46.8,34.1,1.392,0.311,0.394,0
AST-IT -401,IT Server,1422,30,5.9,10,1.39,40.1,14.0,57.0,0.371,0.333,0.124,0
AST-MED-997,Medical,2233,209,55.5,11,6.24,71.2,17.9,52.1,2.963,2.322,0.746,1
AST-MED-810,Medical,1843,97,0.2,8,2.74,45.0,8.6,65.8,0.822,1.078,0.003,0
AST-WAT-349,Water Pump,1421,199,33.5,9,7.43,75.8,39.1,62.3,3.752,2.211,0.707,1
AST-LAB-700,Lab Equipment,142,124,0.0,0,2.46,50.0,12.1,45.8,0.821,1.378,0.0,0
AST-HVA-491,HVAC,932,174,13.6,4,5.03,73.1,31.6,37.4,2.449,1.933,0.438,0
AST-WAT-423,Water Pump,1719,91,46.9,9,5.0,64.2,22.8,41.5,2.14,1.011,0.818,0
AST-HVA-817,HVAC,1108,64,7.7,3,1.72,62.9,26.0,61.4,0.72,0.711,0.208,0
AST-LAB-789,Lab Equipment,1430,20,44.1,8,1.77,53.9,15.4,54.7,0.637,0.222,0.925,0
AST-GEN-587,Generator,1315,91,18.6,9,2.96,58.9,45.9,38.1,1.164,1.011,0.424,0
AST-IT -375,IT Server,778,192,0.0,0,4.02,74.8,23.6,39.2,2.004,2.133,0.0,0
AST-GEN-610,Generator,847,61,17.5,8,1.55,69.5,45.0,77.4,0.721,0.678,0.62,0
AST-WAT-371,Water Pump,876,59,27.5,4,3.68,47.8,41.5,42.1,1.174,0.656,0.942,0
AST-GEN-956,Generator,1488,40,25.7,6,2.71,81.9,49.3,55.2,1.479,0.444,0.518,0
AST-HVA-180,HVAC,2047,158,23.8,9,5.35,63.3,21.7,72.4,2.257,1.756,0.349,1
AST-WAT-654,Water Pump,203,218,3.4,1,7.18,84.3,45.6,45.3,4.034,2.422,0.502,1
AST-IT -422,IT Server,2046,230,100.6,13,6.64,88.9,25.1,33.1,3.937,2.556,1.475,1
AST-IT -989,IT Server,1155,126,80.5,7,2.98,73.8,20.0,51.8,1.464,1.4,2.091,1
AST-WAT-623,Water Pump,1177,102,15.5,7,2.18,67.0,27.7,55.2,0.974,1.133,0.395,0
AST-IT -231,IT Server,251,135,0.0,0,2.4,52.9,16.3,83.6,0.847,1.5,0.0,0
AST-LAB-653,Lab Equipment,163,129,0.0,0,2.32,39.0,13.7,34.8,0.605,1.433,0.0,0
AST-WAT-802,Water Pump,745,118,5.8,4,3.45,71.8,35.9,56.0,1.65,1.311,0.234,0
AST-ELE-630,Elevator,1914,81,184.6,17,4.31,70.4,25.6,63.5,2.022,0.9,2.893,1
AST-HVA-790,HVAC,893,98,49.2,3,2.91,46.1,24.2,48.7,0.894,1.089,1.653,0
AST-MED-470,Medical,1093,48,51.5,10,1.82,45.8,8.5,66.2,0.555,0.533,1.414,0
AST-GEN-375,Generator,1960,157,52.4,16,4.93,79.8,55.7,64.6,2.625,1.744,0.802,1
AST-GEN-610,Generator,1766,54,5.8,10,2.24,87.2,47.8,59.2,1.302,0.6,0.099,0
AST-WAT-481,Water Pump,1525,219,34.4,5,6.74,78.0,41.7,52.8,3.506,2.433,0.677,1
AST-LAB-284,Lab Equipment,2370,34,74.7,10,3.02,51.4,11.6,40.8,1.035,0.378,0.946,0
AST-ELE-334,Elevator,439,185,1.0,3,5.97,76.5,39.9,29.4,3.049,2.056,0.068,1
AST-GEN-668,Generator,1800,220,9.1,11,6.88,107.8,57.1,52.5,4.943,2.444,0.152,1
AST-GEN-919,Generator,642,122,29.6,2,2.32,65.2,45.1,27.5,1.007,1.356,1.383,0
AST-GEN-531,Generator,2076,35,86.9,9,3.28,86.1,52.2,48.9,1.884,0.389,1.256,0
AST-WAT-745,Water Pump,2147,137,47.2,9,5.93,76.5,34.5,41.1,3.025,1.522,0.66,1
AST-WAT-598,Water Pump,1258,65,30.4,7,2.92,58.6,37.6,75.4,1.14,0.722,0.725,0
AST-IT -148,IT Server,1661,26,113.9,7,3.04,67.5,13.4,62.6,1.369,0.289,2.057,0
AST-HVA-320,HVAC,1071,122,43.7,5,3.26,53.5,17.1,36.7,1.161,1.356,1.224,0
AST-HVA-560,HVAC,1400,67,19.2,5,2.18,56.2,20.8,37.7,0.817,0.744,0.411,0
AST-IT -670,IT Server,1085,89,24.2,6,1.37,50.8,14.3,49.4,0.465,0.989,0.669,0
AST-HVA-459,HVAC,844,148,22.4,2,3.41,82.6,26.6,20.0,1.879,1.644,0.796,0
AST-ELE-651,Elevator,744,200,2.3,3,5.83,72.8,41.1,55.2,2.83,2.222,0.093,1
AST-MED-789,Medical,2120,125,79.7,14,3.62,63.1,13.5,45.6,1.524,1.389,1.128,0
AST-LAB-180,Lab Equipment,1590,158,44.3,9,4.42,62.5,15.4,30.4,1.839,1.756,0.836,1
AST-ELE-248,Elevator,716,164,8.9,1,4.96,62.6,32.9,73.3,2.07,1.822,0.373,0
AST-MED-531,Medical,2371,104,36.2,18,2.52,46.3,9.2,55.3,0.776,1.156,0.458,0
AST-HVA-181,HVAC,693,88,65.4,7,2.83,49.5,21.8,67.5,0.935,0.978,2.831,0
AST-MED-768,Medical,1223,182,70.4,4,4.64,61.2,16.9,60.5,1.891,2.022,1.727,1
AST-ELE-504,Elevator,1141,228,6.9,7,6.29,87.2,37.2,42.9,3.658,2.533,0.181,1
AST-WAT-471,Water Pump,2434,134,31.7,14,4.7,67.7,31.8,58.7,2.121,1.489,0.391,0
AST-LAB-271,Lab Equipment,783,219,15.0,6,5.65,70.0,24.0,60.6,2.638,2.433,0.575,1
AST-ELE-340,Elevator,1060,191,38.5,6,5.24,82.0,41.3,60.8,2.862,2.122,1.09,1
AST-HVA-315,HVAC,713,102,1.9,1,1.9,50.6,24.1,34.2,0.642,1.133,0.08,0
AST-HVA-999,HVAC,1968,141,11.0,9,3.84,66.8,24.0,49.7,1.711,1.567,0.168,1
AST-WAT-506,Water Pump,2176,196,64.6,12,6.24,92.9,47.1,53.4,3.862,2.178,0.891,0
AST-HVA-368,HVAC,666,22,23.7,9,1.65,48.8,24.4,38.4,0.539,0.244,1.068,0
AST-LAB-416,Lab Equipment,969,64,23.8,4,2.02,47.4,13.5,52.0,0.639,0.711,0.737,0
AST-LAB-741,Lab Equipment,547,34,40.5,2,2.44,45.5,11.5,38.3,0.74,0.378,2.221,0
AST-GEN-129,Generator,173,170,0.0,0,4.83,82.1,53.9,35.5,2.64,1.889,0.0,1
AST-MED-984,Medical,1980,120,32.2,8,2.67,51.7,9.8,41.6,0.919,1.333,0.488,0
AST-IT -378,IT Server,2276,114,52.6,13,2.35,53.9,17.9,40.4,0.845,1.267,0.693,0
AST-ELE-652,Elevator,755,152,30.1,7,3.85,67.9,28.8,47.5,1.742,1.689,1.196,0
AST-ELE-866,Elevator,2340,112,68.2,15,4.22,69.5,28.7,43.6,1.953,1.244,0.874,1
AST-ELE-646,Elevator,1298,233,90.8,7,8.23,100.9,37.2,59.5,5.534,2.589,2.099,1
AST-IT -332,IT Server,396,114,18.5,3,1.88,57.6,17.1,41.0,0.721,1.267,1.402,0
AST-LAB-366,Lab Equipment,667,78,10.5,6,1.7,47.1,14.0,59.1,0.534,0.867,0.472,0
AST-IT -934,IT Server,588,89,118.8,6,2.19,51.8,16.0,64.2,0.758,0.989,6.061,0
AST-IT -108,IT Server,2044,194,42.6,15,4.98,76.3,25.8,52.3,2.532,2.156,0.625,1
AST-HVA-884,HVAC,1793,205,44.1,9,5.18,89.8,31.8,52.5,3.1,2.278,0.738,1
AST-GEN-915,Generator,59,141,0.0,0,3.42,91.1,46.0,46.8,2.08,1.567,0.0,0
AST-LAB-674,Lab Equipment,1820,102,40.1,13,2.07,57.6,14.0,30.5,0.796,1.133,0.661,0
AST-ELE-854,Elevator,1626,213,71.4,13,6.73,87.0,36.2,58.2,3.905,2.367,1.317,1
AST-MED-181,Medical,1759,161,3.3,5,3.84,53.0,13.3,36.4,1.357,1.789,0.056,0
AST-WAT-919,Water Pump,1143,73,44.3,7,4.51,63.1,31.0,58.9,1.898,0.811,1.163,0
AST-IT -928,IT Server,1131,106,201.8,10,2.98,57.4,14.4,34.3,1.141,1.178,5.353,1
AST-HVA-286,HVAC,589,75,0.3,3,2.74,50.9,21.0,55.4,0.931,0.833,0.015,0
AST-LAB-732,Lab Equipment,1884,70,22.5,11,2.35,35.0,12.7,37.6,0.549,0.778,0.358,0
AST-LAB-292,Lab Equipment,1343,5,3.8,3,1.27,52.8,13.6,70.8,0.447,0.056,0.085,0
AST-IT -122,IT Server,791,27,30.8,8,1.54,50.9,14.9,52.0,0.523,0.3,1.168,0
AST-GEN-832,Generator,1825,187,61.5,13,5.87,86.7,61.3,70.9,3.391,2.078,1.011,1
AST-HVA-254,HVAC,90,127,0.0,0,2.15,61.4,23.1,43.4,0.88,1.411,0.0,0
AST-LAB-419,Lab Equipment,2071,96,21.8,11,2.33,47.1,12.3,55.9,0.732,1.067,0.316,0
AST-WAT-132,Water Pump,1382,21,24.1,14,3.38,71.3,32.9,33.9,1.607,0.233,0.523,0
AST-GEN-157,Generator,1121,199,76.8,3,6.62,96.3,63.9,34.6,4.253,2.211,2.055,1
AST-IT -581,IT Server,773,50,25.7,4,1.08,36.8,19.2,46.4,0.266,0.556,0.997,0
AST-MED-936,Medical,1592,213,34.4,8,6.04,73.2,17.4,44.8,2.946,2.367,0.648,1
AST-WAT-831,Water Pump,1049,99,94.6,8,4.17,65.1,32.7,40.7,1.812,1.1,2.705,0
AST-LAB-353,Lab Equipment,167,51,12.3,1,1.29,38.0,13.8,56.6,0.326,0.567,2.21,0
AST-WAT-196,Water Pump,2164,171,41.6,18,5.22,82.8,36.8,47.1,2.88,1.9,0.577,0
AST-LAB-498,Lab Equipment,1308,240,40.3,10,6.91,82.3,22.3,80.0,3.789,2.667,0.924,1
AST-ELE-845,Elevator,202,191,14.7,4,5.04,82.9,34.4,42.2,2.785,2.122,2.183,0
AST-IT -225,IT Server,1067,124,0.1,8,2.05,57.9,18.0,28.8,0.792,1.378,0.003,0
AST-GEN-469,Generator,243,222,0.0,0,7.46,91.5,52.9,68.4,4.552,2.467,0.0,1
AST-HVA-341,HVAC,1808,84,116.3,11,4.28,63.6,19.2,58.2,1.813,0.933,1.93,1
AST-WAT-382,Water Pump,2424,31,288.0,21,4.33,57.3,26.1,46.5,1.654,0.344,3.564,1
AST-GEN-109,Generator,202,149,1.4,1,4.01,68.7,52.1,66.4,1.834,1.656,0.208,0
AST-LAB-804,Lab Equipment,2472,40,133.3,19,3.0,65.8,11.2,52.4,1.317,0.444,1.618,1
AST-HVA-354,HVAC,675,128,5.9,4,3.63,65.5,25.2,47.7,1.584,1.422,0.262,0
AST-IT -446,IT Server,275,16,6.3,1,1.47,44.0,14.3,45.8,0.432,0.178,0.687,0
AST-GEN-818,Generator,2226,203,13.9,9,7.71,86.6,64.4,46.0,4.45,2.256,0.187,1
AST-LAB-338,Lab Equipment,1327,143,3.9,4,3.35,54.6,16.8,50.4,1.218,1.589,0.088,0
AST-WAT-455,Water Pump,1826,188,41.8,15,5.58,80.9,38.7,44.6,3.009,2.089,0.687,1
AST-ELE-486,Elevator,1497,186,139.3,8,6.36,78.9,33.9,36.4,3.341,2.067,2.792,1
AST-HVA-596,HVAC,1822,144,71.1,11,4.84,71.6,27.9,53.7,2.312,1.6,1.171,1
AST-ELE-601,Elevator,807,146,131.7,8,3.95,81.4,33.8,46.6,2.147,1.622,4.896,1
AST-MED-431,Medical,1948,71,26.1,12,2.01,41.0,12.1,56.2,0.55,0.789,0.402,0
AST-IT -981,IT Server,2301,42,169.2,19,2.65,57.9,15.3,67.6,1.024,0.467,2.206,1
AST-GEN-560,Generator,1241,210,19.7,2,7.78,78.8,58.1,65.1,4.091,2.333,0.476,1
AST-MED-564,Medical,32,199,0.0,0,4.8,62.9,17.5,51.1,2.012,2.211,0.0,0
AST-LAB-851,Lab Equipment,789,227,11.5,4,6.06,76.8,23.5,43.3,3.104,2.522,0.437,1
AST-WAT-472,Water Pump,1008,83,35.2,3,2.85,67.5,29.8,70.6,1.283,0.922,1.048,0
AST-ELE-651,Elevator,1617,49,188.1,10,4.02,67.1,22.0,32.9,1.797,0.544,3.49,1
AST-LAB-884,Lab Equipment,2288,40,72.8,9,2.42,55.9,9.7,36.9,0.903,0.444,0.955,0
AST-MED-519,Medical,1349,29,15.8,11,1.7,38.7,8.0,47.5,0.438,0.322,0.351,0
AST-ELE-168,Elevator,209,214,0.0,0,5.34,73.2,39.9,56.9,2.604,2.378,0.0,0
AST-GEN-994,Generator,158,52,0.0,0,1.63,81.2,42.9,68.4,0.883,0.578,0.0,0
AST-GEN-201,Generator,160,147,0.0,0,4.28,81.8,50.0,42.3,2.335,1.633,0.0,0
AST-LAB-773,Lab Equipment,2036,135,258.7,16,4.7,65.0,15.0,53.1,2.036,1.5,3.812,1
AST-IT -362,IT Server,231,94,0.0,0,1.09,38.5,16.7,49.6,0.279,1.044,0.0,0
AST-ELE-172,Elevator,83,239,0.0,0,6.48,75.4,35.8,29.9,3.258,2.656,0.0,0
AST-ELE-603,Elevator,357,120,8.9,2,4.18,61.9,31.9,37.2,1.726,1.333,0.748,0
AST-HVA-469,HVAC,2315,191,23.8,10,6.34,66.9,28.5,39.7,2.827,2.122,0.308,0
AST-LAB-941,Lab Equipment,1541,204,31.4,10,6.81,69.5,20.9,51.4,3.157,2.267,0.611,1
AST-WAT-731,Water Pump,1118,136,126.1,5,5.55,81.3,29.8,45.8,3.007,1.511,3.384,1
AST-HVA-954,HVAC,1274,20,31.6,8,2.47,52.8,26.7,45.1,0.87,0.222,0.744,0
AST-IT -199,IT Server,444,186,10.7,2,4.07,63.4,21.3,84.0,1.719,2.067,0.723,0
AST-LAB-294,Lab Equipment,821,135,13.3,7,3.25,55.7,16.8,65.1,1.208,1.5,0.486,0
AST-IT -740,IT Server,762,143,23.0,8,2.94,68.0,18.7,59.4,1.334,1.589,0.906,0
AST-LAB-864,Lab Equipment,462,197,7.3,3,5.08,58.5,19.8,56.9,1.98,2.189,0.474,0
AST-MED-790,Medical,1908,180,14.7,12,4.33,54.6,16.7,66.7,1.577,2.0,0.231,0
AST-HVA-270,HVAC,768,141,13.3,9,2.39,69.7,25.5,72.9,1.112,1.567,0.52,0
AST-MED-773,Medical,677,137,32.2,7,3.07,46.7,12.1,36.3,0.956,1.522,1.427,0
AST-LAB-460,Lab Equipment,1320,141,8.6,7,3.11,62.6,16.4,62.9,1.297,1.567,0.195,0
AST-MED-965,Medical,1552,106,43.0,5,2.44,49.4,8.8,55.6,0.802,1.178,0.831,0
AST-LAB-945,Lab Equipment,1354,156,37.2,6,4.99,67.2,17.5,60.4,2.235,1.733,0.824,1
AST-IT -319,IT Server,1566,197,24.0,5,4.89,59.9,26.5,31.1,1.951,2.189,0.46,0
AST-ELE-360,Elevator,1504,116,10.5,10,3.66,76.7,33.5,46.5,1.871,1.289,0.209,0
AST-LAB-100,Lab Equipment,171,73,1.4,2,0.78,31.0,10.3,51.5,0.161,0.811,0.246,0
AST-IT -238,IT Server,1266,2,50.7,10,1.93,50.4,13.7,24.8,0.648,0.022,1.201,0
AST-GEN-319,Generator,1319,6,0.9,9,3.52,70.2,46.4,61.8,1.647,0.067,0.02,0
AST-ELE-942,Elevator,1160,236,53.8,8,7.63,87.6,36.5,42.9,4.459,2.622,1.391,1
AST-IT -684,IT Server,2371,40,242.3,12,2.46,61.6,16.1,61.6,1.011,0.444,3.066,1
AST-LAB-464,Lab Equipment,669,36,21.4,4,0.97,35.0,8.3,53.3,0.226,0.4,0.96,0
AST-IT -355,IT Server,984,66,0.0,0,1.05,37.9,15.1,36.7,0.265,0.733,0.0,0
AST-HVA-684,HVAC,1667,146,34.7,13,4.58,58.9,28.7,57.5,1.801,1.622,0.624,0
AST-ELE-179,Elevator,1359,203,26.1,13,5.35,83.6,42.1,60.9,2.984,2.256,0.576,1
AST-LAB-945,Lab Equipment,2390,210,39.2,12,5.87,67.2,24.6,41.7,2.628,2.333,0.492,1
AST-IT -757,IT Server,1260,10,51.3,5,1.86,43.3,9.5,37.8,0.538,0.111,1.221,0
AST-IT -490,IT Server,351,200,35.2,2,4.7,73.5,22.1,49.2,2.307,2.222,3.009,1
AST-WAT-442,Water Pump,1455,226,16.5,5,6.98,88.5,47.5,57.3,4.119,2.511,0.34,1
AST-LAB-988,Lab Equipment,523,223,0.9,2,5.58,61.4,24.2,67.7,2.284,2.478,0.052,0
AST-ELE-768,Elevator,2497,238,109.3,12,9.23,92.7,47.5,51.1,5.704,2.644,1.313,1
AST-WAT-747,Water Pump,1596,14,49.4,10,2.87,63.3,30.0,62.6,1.213,0.156,0.929,0
AST-HVA-426,HVAC,2241,145,20.2,15,4.12,63.1,26.3,42.7,1.731,1.611,0.27,1
AST-IT -814,IT Server,934,40,26.8,5,1.57,50.9,15.8,63.5,0.532,0.444,0.861,0
AST-ELE-502,Elevator,1855,193,79.1,9,7.36,81.7,28.7,40.9,4.009,2.144,1.279,1
AST-IT -192,IT Server,939,111,1.3,5,2.16,64.4,18.2,38.2,0.927,1.233,0.042,0
AST-LAB-251,Lab Equipment,571,87,34.3,4,2.38,44.6,13.3,63.7,0.708,0.967,1.802,0
AST-IT -863,IT Server,231,141,9.2,3,2.74,63.8,16.7,59.9,1.163,1.567,1.195,0
AST-HVA-508,HVAC,2085,112,54.6,11,3.2,58.9,24.4,84.2,1.257,1.244,0.786,0
AST-GEN-880,Generator,582,124,1.1,1,3.39,79.0,60.5,51.3,1.783,1.378,0.057,0
AST-LAB-504,Lab Equipment,2370,51,17.2,9,2.07,49.0,11.4,58.4,0.675,0.567,0.218,0
AST-ELE-636,Elevator,1038,63,75.3,5,3.93,65.6,25.6,22.1,1.717,0.7,2.176,1
AST-WAT-540,Water Pump,1354,176,37.9,5,4.79,82.6,29.4,40.8,2.637,1.956,0.84,0
AST-HVA-215,HVAC,1724,109,10.9,11,2.88,57.9,24.6,42.5,1.112,1.211,0.19,0
AST-GEN-428,Generator,1441,153,1.0,6,4.56,90.0,49.4,45.8,2.74,1.7,0.021,0
AST-WAT-412,Water Pump,723,90,8.7,3,2.41,56.4,33.3,37.7,0.906,1.0,0.361,0
AST-WAT-552,Water Pump,627,113,9.2,3,3.15,83.9,36.5,28.3,1.763,1.256,0.44,1
AST-WAT-339,Water Pump,847,176,0.7,2,5.47,67.1,38.5,41.4,2.446,1.956,0.025,0
AST-WAT-845,Water Pump,381,29,8.7,1,2.97,61.3,34.4,61.7,1.215,0.322,0.685,0
AST-GEN-735,Generator,634,223,10.1,2,6.49,92.0,47.8,55.2,3.984,2.478,0.478,1
AST-MED-114,Medical,1436,178,70.7,8,4.59,60.1,16.0,60.4,1.84,1.978,1.477,0
AST-MED-560,Medical,1959,6,451.3,10,3.18,54.1,8.9,55.5,1.148,0.067,6.911,1
AST-ELE-650,Elevator,897,53,14.6,6,3.31,41.3,26.3,20.0,0.91,0.589,0.488,0
AST-WAT-364,Water Pump,2277,124,2.9,10,4.45,59.7,32.2,55.7,1.772,1.378,0.038,0
AST-GEN-811,Generator,105,97,0.0,0,2.63,68.7,39.0,64.4,1.206,1.078,0.0,0
AST-ELE-639,Elevator,208,66,0.0,0,2.43,51.4,26.8,50.1,0.832,0.733,0.0,0
AST-MED-305,Medical,1141,14,12.0,6,1.32,37.9,9.4,44.7,0.334,0.156,0.316,0
AST-HVA-168,HVAC,1621,170,6.1,11,4.79,77.9,37.1,70.5,2.49,1.889,0.113,1
AST-WAT-775,Water Pump,1505,222,2.3,8,6.47,80.5,45.2,35.8,3.471,2.467,0.046,1
AST-MED-988,Medical,1613,60,214.9,7,2.31,60.6,8.6,43.8,0.934,0.667,3.997,0
AST-IT -826,IT Server,437,232,0.4,2,5.01,74.8,28.4,65.3,2.499,2.578,0.027,1
AST-WAT-711,Water Pump,2207,23,21.5,18,3.77,72.7,36.6,55.9,1.827,0.256,0.292,0
AST-IT -568,IT Server,2326,238,79.0,13,6.65,81.7,24.3,57.1,3.623,2.644,1.019,1
AST-HVA-353,HVAC,2198,79,33.7,6,3.58,53.9,21.1,22.0,1.287,0.878,0.46,0
AST-LAB-862,Lab Equipment,673,5,65.0,8,2.41,49.9,13.8,44.4,0.802,0.056,2.897,0
AST-MED-463,Medical,1268,61,28.9,10,1.59,43.6,8.8,51.9,0.461,0.678,0.684,0
AST-IT -382,IT Server,283,161,30.1,1,3.25,65.0,22.6,40.5,1.407,1.789,3.191,0
AST-LAB-934,Lab Equipment,150,143,0.6,2,2.84,54.7,20.1,59.0,1.037,1.589,0.12,0
AST-GEN-255,Generator,1429,230,16.9,9,6.35,99.6,51.2,68.7,4.219,2.556,0.355,1
AST-GEN-189,Generator,1595,134,7.8,5,5.85,79.1,47.3,58.6,3.086,1.489,0.147,0
AST-IT -993,IT Server,961,107,5.3,6,1.73,50.7,13.6,45.3,0.584,1.189,0.165,0
AST-GEN-536,Generator,1309,233,105.5,8,6.98,113.0,55.4,30.2,5.26,2.589,2.418,1
AST-LAB-655,Lab Equipment,569,53,29.8,3,1.71,49.3,14.1,43.7,0.564,0.589,1.571,0
AST-IT -654,IT Server,858,221,80.8,5,6.06,73.6,23.7,36.1,2.975,2.456,2.825,1
AST-ELE-822,Elevator,2175,233,48.8,10,7.18,96.2,44.4,59.8,4.606,2.589,0.673,1
AST-WAT-248,Water Pump,2343,235,31.6,8,6.53,85.7,39.1,58.2,3.733,2.611,0.405,1
AST-HVA-670,HVAC,2213,185,5.6,13,5.12,80.8,30.7,50.7,2.758,2.056,0.076,1
AST-MED-959,Medical,626,187,28.8,3,4.5,55.9,14.9,77.4,1.677,2.078,1.38,1
AST-MED-523,Medical,1714,78,120.8,10,2.44,51.2,7.4,63.6,0.831,0.867,2.114,0
AST-WAT-752,Water Pump,1151,39,3.9,9,2.02,60.7,33.6,70.1,0.818,0.433,0.102,0
AST-HVA-234,HVAC,786,7,38.4,5,2.63,58.6,21.3,42.8,1.027,0.078,1.466,0
AST-IT -731,IT Server,1123,156,1.1,7,3.24,61.3,21.8,47.9,1.323,1.733,0.029,0
AST-GEN-710,Generator,981,60,54.2,6,3.28,78.6,39.2,49.1,1.722,0.667,1.657,0
AST-MED-181,Medical,1982,35,15.0,4,1.88,47.8,8.3,45.7,0.6,0.389,0.227,0
AST-IT -580,IT Server,1561,48,57.3,9,2.41,57.6,11.2,41.5,0.927,0.533,1.101,0
AST-LAB-585,Lab Equipment,593,42,8.2,1,2.02,50.7,11.9,66.7,0.683,0.467,0.415,0
AST-HVA-518,HVAC,91,237,0.0,0,6.13,77.9,34.4,60.8,3.182,2.633,0.0,1
AST-LAB-327,Lab Equipment,860,194,17.4,4,4.5,63.5,22.6,48.4,1.904,2.156,0.607,1
AST-GEN-549,Generator,2036,177,41.1,8,7.48,88.6,56.7,59.2,4.414,1.967,0.606,1
AST-LAB-352,Lab Equipment,1781,104,1.6,8,2.72,56.5,14.9,65.2,1.025,1.156,0.027,0
AST-IT -852,IT Server,1588,185,77.5,8,4.83,68.9,24.5,62.5,2.22,2.056,1.464,1
AST-IT -860,IT Server,2372,153,74.6,15,4.07,73.5,22.2,45.8,1.993,1.7,0.944,1
AST-ELE-996,Elevator,187,134,0.0,0,2.04,53.0,33.3,55.2,0.722,1.489,0.0,0
AST-LAB-946,Lab Equipment,203,225,11.3,2,5.46,65.6,24.0,49.6,2.384,2.5,1.67,0
AST-IT -650,IT Server,1650,189,23.6,7,4.54,73.3,24.4,55.7,2.219,2.1,0.429,1
AST-LAB-628,Lab Equipment,231,49,0.0,0,1.08,46.3,10.3,60.2,0.333,0.544,0.0,0
AST-LAB-411,Lab Equipment,1201,119,20.2,5,3.33,47.1,14.7,65.8,1.045,1.322,0.505,0
AST-MED-727,Medical,253,177,0.0,0,3.83,53.7,14.0,57.4,1.37,1.967,0.0,0
AST-GEN-574,Generator,1880,24,74.2,14,3.3,82.3,50.0,58.0,1.813,0.267,1.184,0
AST-HVA-284,HVAC,2427,229,31.7,20,7.21,100.8,32.8,44.6,4.847,2.544,0.392,1
AST-GEN-502,Generator,1723,83,11.4,8,1.3,58.8,45.7,43.6,0.508,0.922,0.198,0
AST-GEN-564,Generator,2447,230,240.9,14,9.4,103.3,52.0,48.1,6.475,2.556,2.953,1
AST-GEN-565,Generator,399,65,15.3,1,2.45,64.4,40.1,68.2,1.051,0.722,1.15,0
AST-ELE-828,Elevator,701,184,10.7,6,4.59,83.9,27.8,32.9,2.57,2.044,0.458,0
AST-HVA-216,HVAC,1870,163,108.8,12,5.32,79.7,32.3,48.0,2.825,1.811,1.745,1
AST-IT -824,IT Server,1603,187,4.8,7,4.43,57.2,24.1,36.5,1.69,2.078,0.09,0
AST-IT -726,IT Server,684,97,6.2,4,1.51,49.6,14.9,51.1,0.499,1.078,0.272,0
AST-HVA-886,HVAC,729,234,9.0,3,5.92,96.7,31.4,35.7,3.813,2.6,0.37,1
AST-WAT-775,Water Pump,644,42,40.0,4,2.61,58.5,36.2,46.3,1.019,0.467,1.863,0
AST-GEN-887,Generator,240,108,0.0,0,1.38,71.7,36.1,76.2,0.658,1.2,0.0,0
AST-ELE-887,Elevator,1857,74,8.2,9,2.35,57.5,28.6,43.2,0.899,0.822,0.132,0
AST-HVA-234,HVAC,860,1,6.4,5,2.33,63.8,21.3,45.1,0.993,0.011,0.223,0
AST-MED-112,Medical,1908,128,14.3,8,3.0,49.3,10.6,28.0,0.987,1.422,0.225,0
AST-IT -926,IT Server,53,156,0.0,0,3.08,59.2,22.1,49.9,1.213,1.733,0.0,0
AST-GEN-322,Generator,2441,169,309.7,19,5.63,85.5,52.3,43.5,3.209,1.878,3.806,1
AST-LAB-552,Lab Equipment,355,154,7.0,2,3.6,50.9,16.0,38.2,1.223,1.711,0.592,0
AST-GEN-660,Generator,1169,159,101.4,4,4.41,96.4,45.5,51.4,2.838,1.767,2.602,1
AST-WAT-945,Water Pump,880,13,31.6,5,0.98,76.7,22.5,50.4,0.501,0.144,1.077,0
AST-HVA-768,HVAC,1459,10,29.1,7,2.69,64.7,19.7,31.6,1.161,0.111,0.598,0
AST-HVA-783,HVAC,2397,215,9.4,4,5.9,76.4,30.3,42.9,3.004,2.389,0.118,1
AST-MED-189,Medical,230,28,0.0,0,1.06,36.7,8.9,58.1,0.26,0.311,0.0,0
AST-GEN-265,Generator,1194,157,29.8,9,4.87,86.0,43.0,32.6,2.792,1.744,0.749,1
AST-ELE-709,Elevator,2374,202,56.3,18,6.57,84.3,35.1,41.5,3.692,2.244,0.711,1
AST-LAB-867,Lab Equipment,2401,93,34.6,18,2.03,51.3,12.8,30.1,0.694,1.033,0.432,0
AST-HVA-886,HVAC,1255,83,6.9,7,2.6,60.0,31.7,35.5,1.039,0.922,0.165,0
AST-LAB-939,Lab Equipment,307,195,0.0,0,4.68,70.5,22.3,35.5,2.202,2.167,0.0,0
AST-IT -166,IT Server,1229,121,97.6,6,3.56,61.6,17.3,63.9,1.461,1.344,2.382,1
AST-ELE-980,Elevator,1154,85,187.8,8,4.34,60.9,37.8,58.3,1.761,0.944,4.882,1
AST-IT -314,IT Server,886,157,20.4,4,3.57,66.9,20.2,31.8,1.594,1.744,0.691,1
AST-IT -847,IT Server,2196,23,14.3,5,1.68,48.4,15.5,32.8,0.542,0.256,0.195,0
AST-ELE-719,Elevator,1206,110,150.1,12,3.15,69.1,28.7,62.6,1.45,1.222,3.734,1
AST-MED-365,Medical,2182,148,43.3,15,4.03,62.3,11.8,47.0,1.676,1.644,0.595,0
AST-MED-232,Medical,2334,128,214.8,18,4.55,53.8,13.0,54.6,1.631,1.422,2.761,1
AST-ELE-609,Elevator,2047,207,82.3,14,7.39,91.8,34.8,65.0,4.521,2.3,1.206,1
AST-IT -338,IT Server,1219,50,3.1,4,1.27,47.3,13.9,52.6,0.4,0.556,0.076,1
AST-HVA-576,HVAC,513,189,0.4,1,5.23,61.5,29.9,51.6,2.144,2.1,0.023,0
AST-WAT-730,Water Pump,1728,106,168.5,6,5.18,77.4,38.3,52.4,2.672,1.178,2.925,1
AST-MED-673,Medical,899,3,34.5,9,1.83,46.2,8.1,42.8,0.565,0.033,1.151,0
AST-ELE-388,Elevator,1072,203,28.9,3,5.03,78.5,36.6,56.1,2.633,2.256,0.809,1
AST-MED-618,Medical,2282,83,106.4,10,2.52,53.6,8.2,21.6,0.898,0.922,1.399,0
AST-HVA-802,HVAC,1395,88,33.9,10,2.86,58.4,21.6,38.2,1.114,0.978,0.729,0
AST-IT -730,IT Server,149,214,0.0,0,4.66,73.3,25.7,47.0,2.278,2.378,0.0,1
AST-MED-953,Medical,1414,237,17.5,10,6.17,66.0,22.2,68.1,2.712,2.633,0.371,1
AST-LAB-916,Lab Equipment,175,166,10.8,1,3.86,58.3,21.9,40.4,1.501,1.844,1.851,0
AST-GEN-742,Generator,1916,229,54.8,11,7.62,102.5,55.9,60.4,5.204,2.544,0.858,1
AST-MED-573,Medical,1725,238,307.6,10,7.8,81.3,20.5,43.6,4.231,2.644,5.35,1
AST-WAT-633,Water Pump,1256,145,206.1,10,5.62,73.4,27.8,40.9,2.75,1.611,4.923,1
AST-MED-668,Medical,2224,5,105.9,14,2.72,54.2,8.2,25.6,0.981,0.056,1.429,0
AST-ELE-439,Elevator,1478,17,1.4,6,1.77,64.4,29.9,71.0,0.762,0.189,0.028,0
AST-MED-960,Medical,157,87,0.0,0,1.65,36.9,11.0,50.3,0.407,0.967,0.0,0
AST-ELE-647,Elevator,709,147,8.9,3,4.86,75.6,32.2,45.7,2.449,1.633,0.377,0
AST-GEN-709,Generator,508,222,1.6,1,6.02,97.4,65.6,46.4,3.909,2.467,0.094,1
AST-MED-822,Medical,1318,182,18.6,13,4.05,60.9,14.0,60.9,1.645,2.022,0.423,1
AST-LAB-188,Lab Equipment,2065,225,52.4,14,6.69,71.7,21.4,42.8,3.197,2.5,0.761,1
AST-LAB-949,Lab Equipment,1269,56,24.9,10,2.41,55.2,10.6,44.5,0.885,0.622,0.589,0
AST-GEN-214,Generator,1562,201,25.1,6,7.56,90.9,57.9,32.5,4.584,2.233,0.482,1
AST-GEN-194,Generator,1847,130,19.8,15,5.21,87.4,49.7,57.2,3.037,1.444,0.322,1
AST-LAB-612,Lab Equipment,661,49,0.0,4,1.86,47.5,10.6,64.9,0.589,0.544,0.0,0
AST-LAB-850,Lab Equipment,2174,80,1.2,12,1.55,47.3,12.2,47.3,0.49,0.889,0.017,0
AST-GEN-887,Generator,432,211,0.0,0,6.25,93.2,55.9,42.3,3.885,2.344,0.0,0
AST-IT -792,IT Server,573,53,35.1,3,1.41,48.7,18.6,36.3,0.456,0.589,1.838,0
AST-LAB-496,Lab Equipment,2169,30,3.2,9,2.57,49.1,9.1,28.8,0.843,0.333,0.044,1
AST-HVA-803,HVAC,2464,224,7.1,7,8.29,72.1,35.3,79.1,3.987,2.489,0.086,1
AST-LAB-147,Lab Equipment,452,134,20.1,3,2.62,47.8,13.6,54.9,0.836,1.489,1.334,0
AST-ELE-419,Elevator,122,148,0.0,0,4.09,66.6,38.5,54.5,1.815,1.644,0.0,0
AST-ELE-314,Elevator,1344,52,90.5,10,1.9,73.1,28.4,54.7,0.923,0.578,2.02,0
AST-MED-645,Medical,1337,198,31.7,9,4.58,67.6,18.1,57.4,2.064,2.2,0.711,1
AST-HVA-379,HVAC,641,41,27.5,4,1.35,44.4,19.8,44.2,0.398,0.456,1.287,0
AST-HVA-737,HVAC,2322,132,250.0,15,5.11,75.7,24.9,60.0,2.582,1.467,3.23,1
AST-IT -458,IT Server,2280,82,2.2,17,1.44,54.6,14.4,51.3,0.525,0.911,0.029,0
AST-ELE-923,Elevator,1190,147,5.6,5,3.49,74.3,36.2,27.2,1.73,1.633,0.141,0
AST-HVA-418,HVAC,1417,139,28.2,6,4.72,62.9,25.8,43.7,1.98,1.544,0.597,0
AST-GEN-129,Generator,1958,232,183.0,9,8.51,109.4,54.4,36.3,6.203,2.578,2.804,1
AST-HVA-492,HVAC,250,23,3.4,1,1.42,50.3,24.1,45.9,0.476,0.256,0.408,0
AST-GEN-821,Generator,2471,229,62.5,11,6.53,101.9,64.9,29.1,4.434,2.544,0.759,1
AST-WAT-806,Water Pump,1856,158,6.7,9,4.92,83.4,36.8,78.1,2.736,1.756,0.108,1
AST-MED-937,Medical,841,183,55.7,6,4.75,67.4,18.2,60.3,2.134,2.033,1.987,0
AST-WAT-646,Water Pump,351,237,39.0,2,7.94,101.1,39.9,44.2,5.348,2.633,3.333,1
AST-LAB-681,Lab Equipment,569,24,40.3,4,1.86,44.0,12.5,69.0,0.544,0.267,2.125,0
AST-ELE-579,Elevator,428,117,12.2,3,2.31,59.8,35.3,33.2,0.922,1.3,0.855,0
AST-ELE-827,Elevator,1936,121,65.2,11,4.21,80.9,40.7,56.4,2.269,1.344,1.01,1
AST-GEN-247,Generator,1086,234,144.2,6,8.6,111.9,57.0,42.4,6.418,2.6,3.983,1
AST-GEN-816,Generator,1383,202,21.8,8,7.16,90.8,48.9,73.3,4.332,2.244,0.473,1
AST-MED-564,Medical,2026,8,15.5,13,2.3,48.5,7.4,66.7,0.744,0.089,0.23,0
AST-HVA-459,HVAC,1990,119,258.0,13,4.63,60.6,24.8,32.9,1.869,1.322,3.889,1
AST-MED-886,Medical,1457,155,14.1,6,4.01,56.3,14.5,48.0,1.504,1.722,0.29,0
AST-IT -205,IT Server,1691,210,27.2,9,5.54,74.8,24.5,42.7,2.761,2.333,0.483,1
AST-HVA-433,HVAC,2307,167,32.9,16,5.12,83.0,29.9,50.0,2.831,1.856,0.428,1
AST-MED-645,Medical,1918,103,15.5,17,2.2,44.5,12.4,55.9,0.654,1.144,0.242,0
AST-GEN-735,Generator,1028,141,0.2,1,3.56,83.9,51.6,60.8,1.992,1.567,0.006,1
AST-LAB-493,Lab Equipment,300,88,5.9,1,1.56,45.7,13.8,28.7,0.477,0.978,0.59,0
AST-ELE-705,Elevator,1795,201,142.7,11,6.44,84.5,40.0,29.5,3.625,2.233,2.385,1
AST-IT -906,IT Server,1431,140,125.9,11,4.35,69.9,19.3,54.0,2.025,1.556,2.639,1
AST-GEN-778,Generator,349,190,8.2,2,5.27,91.6,48.2,37.9,3.216,2.111,0.705,0
AST-IT -956,IT Server,2023,30,28.1,10,2.06,54.9,16.8,57.1,0.752,0.333,0.417,0
AST-LAB-433,Lab Equipment,2303,25,82.9,16,3.2,54.7,12.0,60.2,1.167,0.278,1.08,0
AST-GEN-415,Generator,1692,18,18.0,14,4.47,70.3,38.0,73.0,2.095,0.2,0.319,0
AST-ELE-933,Elevator,2472,198,80.4,19,6.87,79.0,34.5,57.5,3.618,2.2,0.976,1
AST-MED-606,Medical,281,24,8.6,1,1.61,40.0,8.3,59.3,0.428,0.267,0.918,0
AST-GEN-694,Generator,30,194,2.9,1,5.92,91.3,42.0,40.7,3.603,2.156,2.9,1
AST-GEN-563,Generator,2206,75,5.0,11,1.11,63.3,33.0,63.8,0.469,0.833,0.068,0
AST-IT -557,IT Server,831,53,14.7,6,1.31,53.3,17.0,56.4,0.467,0.589,0.531,0
AST-MED-406,Medical,2365,204,414.3,23,6.33,75.2,18.9,63.5,3.175,2.267,5.255,1
AST-MED-545,Medical,1440,23,22.1,5,1.6,44.8,6.3,51.6,0.477,0.256,0.46,0
AST-IT -622,IT Server,1685,217,2.7,4,5.68,81.2,25.7,44.8,3.075,2.411,0.048,1
AST-MED-163,Medical,1542,231,118.2,12,6.6,82.9,20.7,46.9,3.646,2.567,2.3,1
AST-HVA-100,HVAC,2323,211,642.8,21,7.0,95.6,25.9,43.6,4.463,2.344,8.301,1
AST-HVA-981,HVAC,1185,222,39.6,6,6.92,85.8,40.7,54.8,3.957,2.467,1.003,1
AST-LAB-819,Lab Equipment,2447,101,10.8,7,2.48,41.5,14.0,59.1,0.687,1.122,0.132,0
AST-ELE-491,Elevator,1693,98,95.7,9,4.41,75.4,27.9,42.8,2.215,1.089,1.696,1
AST-GEN-778,Generator,740,122,10.6,4,3.04,75.2,48.6,54.3,1.524,1.356,0.43,0
AST-IT -493,IT Server,1505,216,71.6,9,5.74,88.4,25.1,48.9,3.381,2.4,1.427,1
AST-MED-993,Medical,544,35,0.7,3,1.22,34.2,7.0,39.6,0.277,0.389,0.039,0
AST-ELE-116,Elevator,619,185,8.2,3,4.17,75.3,37.4,48.6,2.09,2.056,0.397,0
AST-ELE-547,Elevator,586,22,4.3,4,2.37,55.4,28.9,59.3,0.876,0.244,0.22,0
AST-WAT-525,Water Pump,1897,229,84.6,13,8.46,102.9,36.0,52.4,5.803,2.544,1.338,1
AST-IT -535,IT Server,766,117,37.7,6,2.39,53.4,17.9,41.3,0.85,1.3,1.477,0
AST-IT -939,IT Server,1873,99,240.4,13,2.84,64.3,17.1,46.1,1.217,1.1,3.851,1
AST-GEN-534,Generator,60,148,3.8,1,3.29,80.9,39.7,37.9,1.773,1.644,1.9,0
AST-ELE-342,Elevator,2085,69,87.5,12,3.69,63.7,31.0,53.9,1.566,0.767,1.259,0
AST-IT -690,IT Server,1533,9,7.6,13,1.64,54.1,12.8,37.3,0.592,0.1,0.149,0
AST-IT -594,IT Server,1539,29,28.2,8,1.83,47.6,17.9,49.2,0.581,0.322,0.55,0
AST-ELE-181,Elevator,611,187,22.7,1,5.52,94.3,29.8,51.5,3.474,2.078,1.115,1
AST-WAT-868,Water Pump,1174,120,30.6,6,3.97,64.9,34.2,39.8,1.717,1.333,0.782,0
AST-IT -724,IT Server,392,63,3.0,2,1.19,47.9,18.7,76.3,0.379,0.7,0.23,0
AST-ELE-779,Elevator,349,176,22.9,4,5.42,62.8,32.8,45.1,2.266,1.956,1.968,0
AST-WAT-693,Water Pump,1309,157,45.2,10,5.38,77.8,41.3,44.9,2.791,1.744,1.036,1
AST-MED-647,Medical,74,121,4.9,2,2.22,48.7,9.8,47.4,0.72,1.344,1.986,0
AST-LAB-687,Lab Equipment,1387,108,56.5,12,2.46,49.0,11.2,51.3,0.804,1.2,1.222,0
AST-WAT-401,Water Pump,1214,43,46.0,8,3.3,68.4,36.6,57.5,1.504,0.478,1.137,1
AST-IT -867,IT Server,1275,187,40.1,11,4.46,76.6,24.0,63.5,2.281,2.078,0.944,0
AST-MED-162,Medical,1968,149,62.0,13,4.43,65.5,12.9,50.4,1.936,1.656,0.945,1
AST-HVA-772,HVAC,1225,208,6.2,5,4.71,73.6,34.0,56.1,2.309,2.311,0.152,0
AST-HVA-393,HVAC,2015,22,16.6,11,2.31,47.8,20.2,43.7,0.737,0.244,0.247,0
AST-HVA-971,HVAC,1168,65,22.8,5,2.44,55.0,27.5,56.0,0.896,0.722,0.586,0
AST-MED-381,Medical,1082,4,40.5,5,1.98,45.9,8.4,37.9,0.608,0.044,1.123,0
AST-IT -278,IT Server,2453,190,20.2,7,4.52,78.8,23.4,44.1,2.377,2.111,0.247,1
AST-LAB-478,Lab Equipment,748,67,36.7,7,2.48,49.9,13.4,58.9,0.825,0.744,1.472,0
AST-GEN-596,Generator,770,205,23.0,5,5.27,88.1,71.4,51.6,3.095,2.278,0.896,1
AST-HVA-451,HVAC,375,38,0.0,0,2.13,44.2,15.9,40.2,0.627,0.422,0.0,0
AST-WAT-257,Water Pump,2061,193,1.7,12,6.86,88.8,47.4,42.5,4.061,2.144,0.025,0
AST-WAT-492,Water Pump,1004,170,16.6,5,6.31,77.1,28.0,54.5,3.244,1.889,0.496,1
AST-ELE-271,Elevator,893,148,6.0,4,3.01,60.4,38.2,44.3,1.211,1.644,0.202,0
AST-MED-155,Medical,1112,194,103.1,8,6.2,73.4,16.9,52.4,3.032,2.156,2.781,1
AST-HVA-271,HVAC,1930,103,40.9,12,2.75,62.1,25.2,30.5,1.139,1.144,0.636,0
AST-LAB-864,Lab Equipment,2211,60,55.0,13,3.23,50.9,16.4,49.6,1.095,0.667,0.746,0
AST-ELE-499,Elevator,1973,68,46.7,16,3.06,59.2,28.9,66.5,1.209,0.756,0.71,0
AST-WAT-545,Water Pump,78,74,0.0,0,3.26,51.3,26.5,54.6,1.114,0.822,0.0,0
AST-LAB-491,Lab Equipment,1323,136,5.4,4,3.53,57.5,15.2,30.5,1.354,1.511,0.122,0
AST-HVA-199,HVAC,2206,164,100.4,14,5.17,80.8,30.5,60.9,2.788,1.822,1.365,1
AST-WAT-542,Water Pump,1146,86,49.1,5,4.07,78.7,32.1,49.8,2.138,0.956,1.285,1
AST-WAT-200,Water Pump,1075,168,0.3,8,4.03,82.5,36.1,63.3,2.22,1.867,0.008,0
AST-LAB-891,Lab Equipment,1020,188,62.1,7,4.99,79.9,18.9,58.9,2.654,2.089,1.826,1
AST-WAT-299,Water Pump,2159,87,10.5,10,3.83,68.5,26.2,62.0,1.75,0.967,0.146,0
AST-GEN-420,Generator,2273,3,45.9,12,2.76,65.4,41.8,42.8,1.202,0.033,0.606,0
AST-WAT-169,Water Pump,78,106,0.0,0,0.9,66.6,44.0,57.3,0.401,1.178,0.0,0
AST-HVA-801,HVAC,1856,90,33.6,16,2.66,59.8,23.2,47.6,1.059,1.0,0.543,0
AST-MED-357,Medical,820,9,11.8,3,1.97,34.6,8.9,48.8,0.454,0.1,0.432,0
AST-HVA-158,HVAC,2463,169,190.5,14,5.86,77.9,21.9,51.7,3.044,1.878,2.32,1
AST-GEN-713,Generator,528,182,1.9,3,5.38,70.8,51.7,56.8,2.537,2.022,0.108,0
AST-HVA-976,HVAC,562,97,0.9,1,2.54,45.3,22.4,41.0,0.766,1.078,0.048,0
AST-ELE-679,Elevator,786,230,50.8,2,7.82,84.5,38.4,25.7,4.406,2.556,1.939,1
AST-GEN-359,Generator,1236,120,39.6,3,3.21,83.2,53.6,52.5,1.78,1.333,0.961,0
AST-HVA-754,HVAC,1887,237,145.7,12,7.72,81.2,38.2,51.1,4.181,2.633,2.316,0
AST-WAT-537,Water Pump,1354,66,7.4,4,0.88,76.8,29.7,79.3,0.451,0.733,0.164,0
AST-HVA-383,HVAC,285,98,30.4,2,2.54,51.5,22.9,74.1,0.872,1.089,3.2,0
AST-HVA-364,HVAC,1114,46,23.6,5,2.64,57.2,22.9,70.1,1.005,0.511,0.636,0
AST-LAB-305,Lab Equipment,1638,46,204.9,18,2.93,56.7,14.7,51.2,1.108,0.511,3.753,1
AST-HVA-247,HVAC,2244,197,113.3,12,7.51,86.3,23.5,64.1,4.32,2.189,1.515,1
AST-IT -758,IT Server,465,234,7.9,1,5.41,76.9,24.8,45.0,2.771,2.6,0.51,1
AST-MED-205,Medical,172,19,14.5,3,1.37,37.7,10.0,62.6,0.344,0.211,2.529,0
AST-ELE-356,Elevator,1856,5,46.5,5,3.11,60.6,18.3,50.2,1.258,0.056,0.752,0
AST-GEN-768,Generator,33,239,0.0,0,5.76,90.4,62.6,73.7,3.468,2.656,0.0,1
AST-LAB-372,Lab Equipment,650,180,4.2,4,4.52,66.4,19.3,49.0,2.001,2.0,0.194,0
AST-LAB-688,Lab Equipment,45,132,12.9,2,2.71,46.1,15.4,47.3,0.833,1.467,8.6,0
AST-WAT-602,Water Pump,1988,112,16.4,5,3.29,67.1,40.0,41.6,1.472,1.244,0.247,0
AST-ELE-899,Elevator,317,139,6.6,2,4.06,66.5,34.4,51.6,1.798,1.544,0.625,0
AST-LAB-805,Lab Equipment,2004,32,53.5,11,2.8,51.6,12.0,70.2,0.963,0.356,0.801,0
AST-MED-441,Medical,1270,103,20.1,5,1.9,47.9,6.5,53.7,0.608,1.144,0.475,0
AST-ELE-192,Elevator,1526,137,40.3,8,3.98,73.4,30.6,51.7,1.948,1.522,0.792,0
AST-MED-182,Medical,1912,195,235.8,16,5.32,69.7,15.7,54.2,2.475,2.167,3.7,1
AST-ELE-307,Elevator,753,142,29.8,4,3.64,71.4,39.8,72.0,1.734,1.578,1.187,1
AST-LAB-776,Lab Equipment,812,77,12.7,3,1.97,49.5,12.4,38.5,0.649,0.856,0.469,0
AST-HVA-745,HVAC,1501,125,49.6,9,3.95,63.4,27.8,54.0,1.671,1.389,0.991,1
AST-ELE-548,Elevator,806,36,86.1,4,3.4,58.8,28.5,63.3,1.334,0.4,3.205,1
AST-HVA-837,HVAC,2458,62,27.7,11,2.13,53.6,24.8,52.7,0.76,0.689,0.338,0
AST-HVA-911,HVAC,2244,165,109.4,10,5.93,80.4,27.5,47.5,3.181,1.833,1.463,1
AST-IT -954,IT Server,1870,5,43.2,11,1.65,54.2,19.8,46.7,0.597,0.056,0.693,0
AST-HVA-445,HVAC,205,104,3.6,1,1.57,48.1,22.0,49.2,0.504,1.156,0.527,0
AST-WAT-769,Water Pump,2172,118,259.5,10,4.56,74.1,40.9,41.0,2.252,1.311,3.584,1
AST-WAT-995,Water Pump,2227,39,32.2,10,3.08,59.1,35.6,67.8,1.214,0.433,0.434,0
AST-GEN-173,Generator,181,189,0.0,0,6.12,92.4,60.6,29.4,3.77,2.1,0.0,1
AST-ELE-119,Elevator,1960,233,0.9,7,6.52,96.7,42.4,60.6,4.206,2.589,0.014,1
AST-HVA-348,HVAC,564,4,42.9,2,2.88,60.0,21.1,52.0,1.151,0.044,2.282,0
AST-HVA-414,HVAC,428,117,3.2,2,2.41,56.2,19.9,58.1,0.901,1.3,0.224,0
AST-WAT-705,Water Pump,291,210,6.0,2,6.56,84.9,41.8,44.9,3.714,2.333,0.619,1
AST-HVA-609,HVAC,2467,205,133.2,15,6.67,83.7,31.4,57.0,3.721,2.278,1.62,1
AST-HVA-923,HVAC,860,110,2.0,5,3.09,47.4,23.4,37.3,0.978,1.222,0.07,0
AST-WAT-855,Water Pump,1676,84,26.6,10,2.08,68.6,19.8,37.9,0.951,0.933,0.476,0
AST-ELE-689,Elevator,2265,36,30.3,9,3.46,67.8,27.7,52.8,1.565,0.4,0.401,0
AST-WAT-318,Water Pump,216,152,3.8,1,3.17,61.0,39.5,58.0,1.29,1.689,0.528,0
AST-HVA-223,HVAC,1151,37,20.8,10,2.59,52.5,22.4,27.2,0.908,0.411,0.542,0
AST-GEN-813,Generator,1545,142,32.4,8,3.21,78.4,48.8,66.7,1.678,1.578,0.629,1
AST-GEN-695,Generator,196,35,4.6,1,2.53,51.9,49.7,58.7,0.877,0.389,0.704,0
AST-WAT-747,Water Pump,1570,200,28.8,10,7.15,85.0,34.8,26.8,4.048,2.222,0.55,1
AST-LAB-182,Lab Equipment,56,2,0.0,0,1.61,43.1,11.7,47.0,0.461,0.022,0.0,0
AST-HVA-823,HVAC,2461,228,22.6,12,6.96,90.9,29.5,67.3,4.22,2.533,0.275,1
AST-ELE-926,Elevator,1979,178,4.2,14,6.02,74.8,35.8,69.6,3.002,1.978,0.064,1
AST-GEN-755,Generator,1139,134,51.4,10,3.11,75.5,58.7,27.5,1.564,1.489,1.354,0
AST-GEN-278,Generator,184,153,8.6,1,3.63,82.1,56.1,46.5,1.985,1.7,1.402,0
AST-LAB-726,Lab Equipment,390,161,58.5,3,3.35,56.8,20.5,52.2,1.268,1.789,4.5,0
AST-MED-456,Medical,1745,2,47.7,6,1.68,45.8,6.4,52.0,0.513,0.022,0.82,0
AST-GEN-220,Generator,2201,25,40.9,11,3.64,69.3,49.0,40.7,1.681,0.278,0.557,0
AST-WAT-879,Water Pump,2240,130,137.3,12,6.12,76.5,35.5,45.7,3.12,1.444,1.839,1
AST-WAT-741,Water Pump,882,71,27.6,11,3.06,67.2,34.5,37.8,1.37,0.789,0.939,0
AST-HVA-915,HVAC,641,176,2.7,7,3.55,69.4,31.4,54.1,1.643,1.956,0.126,0
AST-LAB-609,Lab Equipment,752,41,69.7,7,2.2,51.9,13.9,60.7,0.762,0.456,2.781,0
AST-HVA-155,HVAC,1521,73,147.1,9,3.66,61.4,23.8,60.3,1.496,0.811,2.901,1
AST-MED-442,Medical,1886,12,79.2,6,1.91,41.4,7.0,48.7,0.525,0.133,1.26,0
AST-HVA-650,HVAC,750,41,4.7,12,2.27,61.4,20.1,48.2,0.931,0.456,0.188,0
AST-LAB-627,Lab Equipment,505,19,18.0,5,1.08,41.4,10.5,46.7,0.297,0.211,1.069,0
AST-ELE-555,Elevator,2457,149,38.0,8,4.51,74.8,28.4,52.8,2.252,1.656,0.464,1
AST-GEN-865,Generator,1364,59,13.0,4,2.76,61.2,33.9,51.6,1.124,0.656,0.286,0
AST-MED-333,Medical,431,61,14.8,1,1.62,42.3,8.7,66.7,0.458,0.678,1.03,0
AST-WAT-304,Water Pump,1568,229,154.4,12,8.54,96.2,37.4,37.2,5.477,2.544,2.954,1
AST-LAB-699,Lab Equipment,2014,14,4.2,13,2.52,42.3,14.0,32.4,0.709,0.156,0.063,0
AST-GEN-321,Generator,1893,46,163.7,12,3.0,78.7,40.4,28.1,1.571,0.511,2.594,1
AST-GEN-568,Generator,825,162,2.3,1,5.17,93.6,56.4,57.2,3.229,1.8,0.084,1
AST-MED-307,Medical,1405,33,128.0,10,2.65,51.5,9.8,36.1,0.911,0.367,2.733,1
AST-IT -161,IT Server,1179,35,4.2,3,1.17,45.6,18.3,36.5,0.357,0.389,0.107,0
AST-LAB-569,Lab Equipment,1743,44,27.8,12,2.77,50.3,14.6,53.1,0.927,0.489,0.478,0
AST-GEN-402,Generator,672,203,10.2,2,5.01,102.9,50.7,51.7,3.436,2.256,0.455,1
AST-IT -274,IT Server,2397,142,128.3,12,4.33,70.9,23.2,48.8,2.045,1.578,1.606,1
AST-HVA-521,HVAC,2167,126,48.1,9,3.5,75.1,26.0,43.2,1.752,1.4,0.666,0
AST-GEN-705,Generator,1969,215,8.6,9,7.3,83.3,55.2,49.9,4.054,2.389,0.131,1
AST-HVA-847,HVAC,1783,189,6.8,6,5.49,72.4,34.4,48.3,2.65,2.1,0.114,0
AST-GEN-435,Generator,1808,149,117.8,7,6.85,94.3,51.2,75.6,4.306,1.656,1.955,1
AST-IT -252,IT Server,2379,230,7.1,7,6.25,71.1,28.2,62.6,2.961,2.556,0.09,1
AST-HVA-141,HVAC,1957,188,30.6,12,5.6,71.7,30.7,63.6,2.678,2.089,0.469,1
AST-HVA-535,HVAC,2205,101,244.7,16,2.72,61.9,27.0,48.3,1.122,1.122,3.329,1
AST-WAT-813,Water Pump,431,116,19.0,1,3.9,60.7,28.7,55.9,1.578,1.289,1.323,0
AST-HVA-671,HVAC,80,178,0.0,0,5.56,63.1,35.2,50.4,2.339,1.978,0.0,0
AST-GEN-235,Generator,1498,76,328.9,8,3.16,84.2,50.2,37.3,1.775,0.844,6.587,1
AST-HVA-116,HVAC,1995,172,24.9,14,5.61,62.8,32.4,58.3,2.348,1.911,0.374,1
AST-ELE-570,Elevator,2366,192,44.1,13,6.53,82.7,33.5,57.8,3.601,2.133,0.559,1
AST-LAB-574,Lab Equipment,597,224,21.1,5,5.88,74.6,21.5,39.0,2.928,2.489,1.06,1
AST-GEN-908,Generator,1547,161,0.6,8,3.65,96.6,48.8,41.7,2.351,1.789,0.012,1
AST-ELE-101,Elevator,319,99,0.0,0,1.56,49.4,30.6,62.0,0.515,1.1,0.0,0
AST-MED-643,Medical,163,76,81.2,3,2.06,49.2,9.5,66.0,0.674,0.844,14.945,0
AST-MED-814,Medical,2251,148,97.7,5,3.82,64.0,13.0,69.1,1.627,1.644,1.302,0
AST-WAT-801,Water Pump,361,159,0.0,0,3.91,76.4,32.9,48.7,1.991,1.767,0.0,0
AST-ELE-156,Elevator,2138,233,34.0,13,7.5,99.3,40.1,52.5,4.964,2.589,0.477,1
AST-HVA-213,HVAC,1598,94,16.2,11,2.88,63.1,22.6,56.1,1.21,1.044,0.304,0
AST-HVA-474,HVAC,1530,45,135.6,8,3.92,70.1,18.8,76.5,1.833,0.5,2.659,0
AST-ELE-168,Elevator,2326,182,16.0,16,5.11,82.1,32.9,27.1,2.799,2.022,0.206,1
AST-GEN-442,Generator,1007,139,61.5,5,4.14,79.0,46.4,74.9,2.181,1.544,1.832,1
AST-LAB-855,Lab Equipment,2406,224,127.8,13,6.85,84.2,25.3,44.3,3.844,2.489,1.594,1
AST-GEN-871,Generator,953,83,44.5,4,1.43,58.0,46.1,60.3,0.552,0.922,1.401,0
AST-MED-615,Medical,1762,71,13.4,14,2.43,43.0,9.2,50.5,0.696,0.789,0.228,0
AST-MED-453,Medical,1883,125,41.2,6,3.55,48.8,13.0,34.7,1.154,1.389,0.656,0
AST-WAT-225,Water Pump,1955,182,65.1,14,6.24,79.1,30.7,76.9,3.292,2.022,0.999,1
AST-WAT-645,Water Pump,1227,116,19.4,8,4.28,66.7,37.2,46.5,1.903,1.289,0.474,0
AST-WAT-789,Water Pump,298,49,4.4,1,2.26,59.8,30.9,32.1,0.902,0.544,0.443,0
AST-LAB-189,Lab Equipment,358,101,2.1,2,1.63,48.1,14.5,58.6,0.523,1.122,0.176,0
AST-MED-178,Medical,477,43,14.9,4,1.73,39.3,8.0,64.2,0.453,0.478,0.937,0
AST-ELE-251,Elevator,2062,39,339.6,11,3.97,62.1,29.9,52.3,1.643,0.433,4.941,1
AST-IT -742,IT Server,122,76,0.7,1,0.75,43.2,15.8,56.1,0.216,0.844,0.172,0
AST-ELE-654,Elevator,570,122,7.2,3,3.5,58.7,32.7,40.0,1.368,1.356,0.379,0
AST-LAB-855,Lab Equipment,117,75,0.9,1,0.89,36.5,10.8,54.1,0.217,0.833,0.231,0
AST-HVA-992,HVAC,981,214,11.3,7,6.65,75.8,33.3,51.9,3.358,2.378,0.346,0
AST-ELE-443,Elevator,1716,149,19.0,4,4.67,66.6,37.5,32.7,2.074,1.656,0.332,1
AST-ELE-905,Elevator,1366,125,17.9,12,4.75,75.1,28.3,20.0,2.378,1.389,0.393,0
AST-ELE-642,Elevator,2276,114,14.8,21,3.84,66.9,34.5,39.6,1.714,1.267,0.195,0
AST-IT -235,IT Server,1285,44,55.2,13,1.92,46.9,12.3,40.0,0.601,0.489,1.289,0
AST-GEN-595,Generator,1553,74,43.7,17,3.09,76.4,42.3,55.9,1.571,0.822,0.844,0
AST-HVA-251,HVAC,1476,73,6.2,9,1.89,58.5,14.9,44.1,0.736,0.811,0.126,0
AST-GEN-733,Generator,688,183,14.5,6,6.04,81.7,59.5,45.2,3.291,2.033,0.632,1
AST-GEN-279,Generator,658,42,5.8,2,3.3,65.3,44.7,56.1,1.437,0.467,0.264,0
AST-HVA-424,HVAC,2383,33,349.1,17,3.9,78.4,21.6,47.8,2.036,0.367,4.395,1
AST-MED-288,Medical,870,144,42.0,10,3.76,48.7,11.2,44.7,1.22,1.6,1.448,0
AST-ELE-424,Elevator,1438,38,9.1,6,2.95,48.2,26.3,31.6,0.949,0.422,0.19,0
AST-IT -266,IT Server,2215,78,93.0,10,2.2,63.4,16.9,55.8,0.928,0.867,1.26,1
AST-HVA-514,HVAC,2075,197,99.6,12,5.56,89.8,28.3,58.0,3.327,2.189,1.44,1
AST-LAB-427,Lab Equipment,669,2,40.8,5,2.03,50.4,11.9,52.7,0.684,0.022,1.83,0
AST-IT -619,IT Server,1386,166,143.2,14,4.88,72.7,21.0,48.8,2.365,1.844,3.1,1
AST-LAB-396,Lab Equipment,2379,171,23.7,13,4.55,62.6,18.0,29.4,1.899,1.9,0.299,1
AST-IT -846,IT Server,1840,87,86.6,15,2.49,58.4,15.7,60.4,0.969,0.967,1.412,0
AST-ELE-590,Elevator,194,36,25.5,2,2.94,57.9,27.6,44.3,1.135,0.4,3.943,0
AST-HVA-415,HVAC,131,103,17.0,1,3.57,62.1,24.2,55.5,1.479,1.144,3.893,0
AST-GEN-556,Generator,1493,24,201.6,9,3.3,64.7,48.9,30.5,1.422,0.267,4.051,1
AST-IT -756,IT Server,829,150,8.2,1,2.92,55.2,19.1,49.4,1.073,1.667,0.297,0
AST-WAT-885,Water Pump,1168,51,3.7,7,1.47,69.1,34.4,59.5,0.677,0.567,0.095,0
AST-IT -969,IT Server,1854,174,152.4,9,5.12,71.0,21.6,20.0,2.424,1.933,2.466,1
AST-HVA-624,HVAC,1645,50,38.1,11,2.99,62.4,16.5,51.1,1.244,0.556,0.695,0
AST-IT -719,IT Server,2125,15,591.3,11,3.01,64.3,10.0,48.4,1.292,0.167,8.348,1
AST-MED-507,Medical,635,184,27.5,4,4.77,57.0,15.3,49.9,1.813,2.044,1.299,0
AST-MED-495,Medical,1557,4,68.2,10,2.19,42.8,7.9,58.0,0.626,0.044,1.314,0
AST-MED-415,Medical,1855,224,50.0,12,6.27,74.8,19.7,46.8,3.128,2.489,0.809,1
AST-GEN-845,Generator,1849,190,26.6,9,6.33,102.1,55.9,38.9,4.31,2.111,0.432,0
AST-WAT-553,Water Pump,1212,42,4.3,3,1.52,81.9,24.1,50.1,0.829,0.467,0.106,0
AST-LAB-846,Lab Equipment,1726,36,84.2,7,2.6,52.4,14.7,36.0,0.909,0.4,1.463,0
AST-IT -188,IT Server,618,54,11.8,4,1.44,47.7,13.5,32.7,0.458,0.6,0.573,0
AST-WAT-637,Water Pump,1403,17,34.3,4,4.69,60.3,28.1,54.8,1.886,0.189,0.733,0
AST-IT -874,IT Server,1569,23,10.2,5,1.27,47.6,16.5,51.6,0.405,0.256,0.195,1
AST-ELE-379,Elevator,1727,45,80.4,5,3.86,65.1,22.8,35.7,1.676,0.5,1.397,0
AST-ELE-681,Elevator,590,52,29.6,4,1.77,54.9,35.1,85.0,0.648,0.578,1.505,0
AST-LAB-396,Lab Equipment,2298,126,25.2,8,2.64,51.5,15.3,49.9,0.907,1.4,0.329,1
AST-WAT-409,Water Pump,2427,78,11.3,15,3.44,69.0,29.1,49.2,1.582,0.867,0.14,0
AST-ELE-574,Elevator,949,7,6.3,2,0.97,53.0,17.6,36.4,0.341,0.078,0.199,0
AST-GEN-368,Generator,1259,164,74.1,7,5.71,96.4,55.7,59.3,3.667,1.822,1.766,1
AST-LAB-227,Lab Equipment,1208,107,15.5,3,2.67,42.8,11.8,52.9,0.761,1.189,0.385,0
AST-ELE-760,Elevator,1032,8,15.7,6,2.48,73.6,31.2,23.1,1.214,0.089,0.456,0
AST-MED-604,Medical,303,154,3.7,1,2.9,49.4,14.8,52.4,0.956,1.711,0.366,0
AST-IT -592,IT Server,2346,112,13.6,8,2.54,56.0,17.6,49.6,0.949,1.244,0.174,0
AST-ELE-802,Elevator,1979,178,54.9,9,6.81,71.4,39.2,31.8,3.245,1.978,0.832,1
AST-MED-624,Medical,2386,5,145.9,10,3.31,56.4,6.8,52.0,1.243,0.056,1.834,0
AST-GEN-695,Generator,269,38,0.0,0,2.32,75.5,41.0,54.0,1.165,0.422,0.0,0
AST-ELE-238,Elevator,1493,42,37.0,6,4.33,49.1,29.0,46.6,1.417,0.467,0.743,0
AST-MED-529,Medical,1488,13,69.7,5,2.17,40.0,7.4,36.2,0.577,0.144,1.405,0
AST-IT -754,IT Server,344,132,7.5,1,2.59,55.7,19.6,46.7,0.962,1.467,0.654,0
AST-ELE-287,Elevator,417,154,33.9,5,3.18,73.2,31.1,38.2,1.551,1.711,2.439,0
AST-IT -430,IT Server,1325,212,36.1,3,5.3,71.4,25.1,53.1,2.524,2.356,0.817,0
AST-WAT-408,Water Pump,1141,176,73.9,6,7.24,72.0,37.1,44.1,3.473,1.956,1.943,1
AST-MED-198,Medical,2218,149,22.7,21,3.06,64.3,13.6,40.8,1.313,1.656,0.307,0
AST-GEN-113,Generator,590,133,10.0,2,3.65,93.6,40.9,51.0,2.279,1.478,0.508,1
AST-WAT-596,Water Pump,1717,88,30.0,13,2.17,62.8,36.6,45.4,0.907,0.978,0.524,0
AST-GEN-204,Generator,922,40,0.8,1,2.26,67.7,53.1,58.3,1.02,0.444,0.026,0
AST-WAT-292,Water Pump,2318,158,12.1,4,5.98,76.4,34.9,50.9,3.047,1.756,0.157,1
AST-IT -966,IT Server,2209,183,222.2,11,5.89,84.4,24.9,59.1,3.315,2.033,3.018,1
AST-WAT-921,Water Pump,496,107,63.6,6,6.13,66.6,37.9,44.3,2.719,1.189,3.847,1
AST-HVA-219,HVAC,567,237,6.3,6,6.57,89.2,34.8,65.4,3.906,2.633,0.333,1
AST-MED-419,Medical,1515,36,101.9,4,2.74,48.6,7.6,49.1,0.886,0.4,2.018,0
AST-IT -635,IT Server,1431,45,8.1,4,1.58,49.6,20.1,51.9,0.523,0.5,0.17,0
AST-HVA-862,HVAC,515,57,37.8,6,2.55,46.6,21.4,41.3,0.793,0.633,2.202,0
AST-ELE-245,Elevator,958,79,68.8,6,3.62,69.0,23.2,31.6,1.665,0.878,2.154,1
AST-GEN-180,Generator,1770,177,81.1,9,4.83,100.4,56.2,68.6,3.23,1.967,1.375,1
AST-HVA-179,HVAC,107,199,0.0,0,5.75,75.0,30.6,62.0,2.874,2.211,0.0,1
AST-LAB-143,Lab Equipment,834,28,28.3,5,2.1,49.4,9.7,32.4,0.692,0.311,1.018,0
AST-ELE-625,Elevator,2459,16,81.1,16,4.21,70.7,25.1,44.6,1.986,0.178,0.989,0
AST-MED-144,Medical,301,78,2.5,1,1.03,39.2,5.2,52.0,0.268,0.867,0.249,0
AST-WAT-198,Water Pump,537,236,27.4,4,7.28,96.3,29.3,44.6,4.673,2.622,1.531,1
AST-IT -304,IT Server,786,172,0.0,0,3.89,56.2,20.4,27.0,1.457,1.911,0.0,0
AST-HVA-249,HVAC,1166,149,31.3,6,3.95,64.6,25.6,32.0,1.701,1.656,0.805,0
AST-GEN-975,Generator,2080,200,21.8,17,5.77,83.5,47.4,74.6,3.212,2.222,0.314,1
AST-GEN-617,Generator,2365,18,19.9,12,2.82,72.4,52.8,41.7,1.36,0.2,0.252,0
AST-IT -881,IT Server,87,136,11.5,1,2.54,53.2,15.3,30.8,0.901,1.511,3.966,0
AST-GEN-388,Generator,733,231,7.5,3,6.31,96.4,61.6,45.1,4.055,2.567,0.307,1
AST-HVA-842,HVAC,434,237,6.2,1,6.43,73.4,31.4,30.1,3.148,2.633,0.429,1
AST-IT -971,IT Server,1974,94,102.6,16,2.59,50.1,12.3,68.6,0.866,1.044,1.559,0
AST-GEN-550,Generator,469,47,9.8,1,2.75,84.5,56.5,60.1,1.549,0.522,0.627,0
AST-LAB-534,Lab Equipment,907,132,3.0,2,3.15,54.0,14.1,70.6,1.134,1.467,0.099,0
AST-HVA-879,HVAC,1317,32,47.4,11,3.66,57.3,19.0,41.4,1.399,0.356,1.08,0
AST-IT -239,IT Server,2060,196,11.3,17,4.9,63.7,26.0,47.6,2.082,2.178,0.165,1
AST-MED-670,Medical,196,22,25.4,2,1.63,39.9,10.3,49.5,0.435,0.244,3.888,0
AST-HVA-494,HVAC,1191,117,3.8,4,2.67,53.0,23.3,59.9,0.944,1.3,0.096,0
AST-MED-803,Medical,1848,58,64.4,12,2.42,46.5,7.8,64.3,0.751,0.644,1.045,0
AST-MED-975,Medical,1782,49,79.8,10,2.89,49.3,7.2,55.6,0.951,0.544,1.343,0
AST-WAT-921,Water Pump,1978,174,16.2,7,5.77,79.9,46.9,43.9,3.075,1.933,0.246,1
AST-HVA-790,HVAC,2043,173,4.7,13,6.05,76.0,28.1,60.0,3.066,1.922,0.069,1
AST-LAB-635,Lab Equipment,378,31,1.0,2,1.41,42.0,10.7,56.4,0.394,0.344,0.079,0
AST-LAB-811,Lab Equipment,2448,27,143.5,15,3.48,59.2,8.7,52.5,1.375,0.3,1.759,0
AST-GEN-166,Generator,1519,51,116.2,8,2.02,81.6,36.3,54.5,1.097,0.567,2.295,1
AST-IT -964,IT Server,1685,32,96.8,9,2.15,57.2,14.6,27.3,0.821,0.356,1.723,0
AST-LAB-842,Lab Equipment,2074,72,59.7,13,2.31,60.1,12.8,49.7,0.925,0.8,0.864,0
AST-WAT-695,Water Pump,2461,70,20.1,7,4.84,74.2,26.9,49.2,2.392,0.778,0.245,0
AST-WAT-759,Water Pump,1669,92,184.2,10,3.73,75.9,35.5,52.3,1.888,1.022,3.311,1
AST-IT -514,IT Server,2014,131,21.9,6,3.19,57.0,17.0,48.0,1.211,1.456,0.326,0
AST-WAT-565,Water Pump,472,32,0.0,0,3.98,54.0,34.7,36.2,1.432,0.356,0.0,0
AST-LAB-336,Lab Equipment,581,8,9.9,4,1.67,44.2,8.5,34.4,0.492,0.089,0.511,0
AST-HVA-950,HVAC,309,128,4.8,1,2.61,58.1,24.7,49.9,1.011,1.422,0.466,0
AST-GEN-491,Generator,1369,40,23.3,5,2.8,57.2,33.8,44.6,1.068,0.444,0.511,0
AST-IT -198,IT Server,343,170,0.3,1,3.55,68.6,14.2,48.2,1.624,1.889,0.026,0
AST-WAT-604,Water Pump,1938,52,32.9,11,6.36,64.1,37.3,62.1,2.715,0.578,0.509,1
AST-LAB-602,Lab Equipment,2097,67,28.1,10,1.31,57.3,12.6,57.9,0.501,0.744,0.402,0
AST-WAT-980,Water Pump,2244,140,6.8,21,4.89,73.3,29.6,45.3,2.393,1.556,0.091,1
AST-WAT-132,Water Pump,1792,226,152.6,12,6.22,101.1,33.6,52.6,4.191,2.511,2.555,1
AST-LAB-560,Lab Equipment,1318,219,19.3,4,5.08,80.9,21.1,53.2,2.741,2.433,0.439,1
AST-LAB-136,Lab Equipment,164,46,0.4,1,1.85,44.5,10.6,57.8,0.548,0.511,0.073,0
AST-WAT-898,Water Pump,1271,227,0.9,8,6.73,106.5,41.9,57.0,4.775,2.522,0.021,1
AST-LAB-541,Lab Equipment,580,80,20.7,5,1.93,44.0,6.4,62.0,0.566,0.889,1.071,0
AST-LAB-882,Lab Equipment,478,146,32.3,2,3.83,59.2,17.3,29.4,1.51,1.622,2.027,0
AST-ELE-667,Elevator,2239,147,24.1,23,3.02,74.2,32.9,52.3,1.496,1.633,0.323,0
AST-IT -974,IT Server,670,130,3.1,3,2.16,45.1,14.4,52.8,0.649,1.444,0.139,0
AST-MED-606,Medical,2450,97,188.5,17,3.31,53.8,9.5,60.8,1.186,1.078,2.308,1
AST-MED-884,Medical,1195,83,12.7,7,1.51,40.5,7.9,22.5,0.409,0.922,0.319,0
AST-IT -146,IT Server,555,215,15.7,2,5.05,65.3,26.2,50.3,2.196,2.389,0.849,1
AST-WAT-859,Water Pump,2421,7,182.6,16,3.77,74.0,33.6,43.8,1.86,0.078,2.263,1
AST-ELE-449,Elevator,1588,25,2.3,6,2.4,52.9,32.9,37.8,0.848,0.278,0.043,0
AST-MED-521,Medical,1468,15,11.8,8,1.29,36.4,9.9,56.5,0.313,0.167,0.241,0
AST-GEN-340,Generator,1308,152,64.2,8,4.58,94.3,56.0,57.2,2.878,1.689,1.472,1
AST-ELE-167,Elevator,1278,30,13.8,7,2.47,50.4,34.8,20.0,0.832,0.333,0.324,0
AST-HVA-651,HVAC,1365,10,154.0,11,2.87,70.3,26.9,61.3,1.347,0.111,3.385,0
AST-WAT-532,Water Pump,2356,132,52.7,11,5.22,78.9,34.0,47.7,2.746,1.467,0.671,0
AST-MED-120,Medical,1953,151,37.8,10,3.76,60.5,14.0,46.4,1.517,1.678,0.581,1
AST-MED-486,Medical,2366,100,19.4,12,2.33,48.6,8.5,52.2,0.756,1.111,0.246,0
AST-HVA-927,HVAC,2030,26,138.3,11,3.56,63.6,17.8,47.4,1.509,0.289,2.044,0
AST-GEN-444,Generator,2064,129,35.8,14,4.16,100.4,50.6,42.3,2.788,1.433,0.52,1
AST-ELE-447,Elevator,712,158,1.8,2,3.48,61.8,34.8,55.4,1.433,1.756,0.076,0
AST-LAB-306,Lab Equipment,2065,163,18.5,8,4.77,56.1,13.9,57.5,1.786,1.811,0.269,0
AST-WAT-177,Water Pump,2224,55,11.9,8,3.37,61.2,33.6,43.1,1.376,0.611,0.161,0
AST-HVA-404,HVAC,2379,103,120.6,12,3.22,71.5,25.2,40.9,1.533,1.144,1.521,0
AST-IT -860,IT Server,406,184,23.4,2,3.88,62.7,24.8,50.4,1.622,2.044,1.729,0
AST-HVA-706,HVAC,1409,70,102.5,7,2.83,75.8,27.2,55.6,1.43,0.778,2.182,1
AST-WAT-643,Water Pump,1976,110,61.2,10,5.78,58.9,28.2,46.9,2.268,1.222,0.929,1
AST-WAT-178,Water Pump,1266,130,95.4,10,4.98,69.3,32.1,85.0,2.3,1.444,2.261,0
AST-LAB-779,Lab Equipment,2241,81,109.3,14,3.77,48.6,8.8,70.7,1.222,0.9,1.463,1
AST-LAB-357,Lab Equipment,2140,117,8.2,4,2.46,53.9,13.2,74.9,0.883,1.3,0.115,0
AST-IT -284,IT Server,106,161,14.5,2,3.6,69.4,19.9,25.9,1.665,1.789,4.104,0
AST-WAT-291,Water Pump,2392,128,50.0,7,6.66,82.4,37.9,38.8,3.661,1.422,0.627,1
AST-WAT-860,Water Pump,1944,69,33.1,5,3.06,63.5,29.5,60.8,1.295,0.767,0.511,0
AST-IT -928,IT Server,1806,240,6.9,6,6.41,78.7,30.0,70.1,3.36,2.667,0.115,1
AST-ELE-161,Elevator,2169,52,73.5,18,2.44,69.7,27.2,33.7,1.133,0.578,1.017,0
AST-GEN-346,Generator,646,192,52.5,3,6.85,99.3,44.2,40.3,4.535,2.133,2.438,1
AST-MED-964,Medical,1813,106,6.7,8,1.9,43.1,9.6,56.1,0.546,1.178,0.111,0
AST-WAT-165,Water Pump,863,217,37.0,5,8.29,97.1,37.1,67.7,5.369,2.411,1.286,1
AST-WAT-393,Water Pump,687,66,14.9,5,1.7,60.2,30.1,58.3,0.681,0.733,0.651,0
AST-GEN-515,Generator,1006,30,8.3,5,3.39,66.7,53.9,41.7,1.507,0.333,0.248,0
AST-HVA-351,HVAC,1301,119,46.0,10,4.1,60.3,21.9,61.3,1.648,1.322,1.061,0
AST-LAB-532,Lab Equipment,181,52,0.0,0,0.94,37.4,12.9,66.1,0.233,0.578,0.0,0
AST-GEN-129,Generator,1088,203,17.0,7,7.73,85.0,56.4,83.0,4.382,2.256,0.469,1
AST-ELE-663,Elevator,750,165,27.2,5,4.38,59.7,30.3,29.7,1.744,1.833,1.088,0
AST-ELE-597,Elevator,111,15,35.6,1,1.9,63.6,24.4,35.3,0.807,0.167,9.622,0
AST-HVA-421,HVAC,2494,77,28.3,18,2.99,64.3,19.7,41.7,1.28,0.856,0.34,0
AST-LAB-472,Lab Equipment,399,102,32.4,3,2.37,50.5,14.6,50.5,0.796,1.133,2.436,0
AST-ELE-962,Elevator,605,61,9.3,2,1.94,62.1,26.6,51.3,0.802,0.678,0.461,0
AST-ELE-612,Elevator,524,134,13.9,3,3.27,72.0,28.1,38.5,1.569,1.489,0.796,0
AST-IT -893,IT Server,2181,65,0.4,19,1.7,55.4,15.0,79.7,0.627,0.722,0.006,0
AST-HVA-343,HVAC,2486,32,20.1,12,2.35,55.9,23.8,67.3,0.877,0.356,0.243,0
AST-MED-437,Medical,2423,189,88.5,14,5.48,74.3,15.6,63.5,2.715,2.1,1.096,1
AST-ELE-861,Elevator,996,240,17.5,5,5.59,96.0,32.9,53.0,3.578,2.667,0.527,1
AST-GEN-209,Generator,747,55,12.2,7,2.85,65.9,45.1,58.9,1.251,0.611,0.49,0
AST-LAB-518,Lab Equipment,1071,221,0.0,0,5.47,65.7,22.4,67.0,2.394,2.456,0.0,0
AST-LAB-646,Lab Equipment,1564,180,167.0,11,5.98,72.8,19.3,45.4,2.905,2.0,3.203,1
AST-MED-658,Medical,1765,122,16.2,5,2.87,53.4,9.7,65.4,1.022,1.356,0.275,0
AST-MED-903,Medical,623,93,10.6,7,1.7,46.7,11.1,50.3,0.529,1.033,0.51,0
AST-MED-941,Medical,1292,6,5.2,12,1.29,31.3,8.4,63.0,0.269,0.067,0.121,0
AST-IT -135,IT Server,253,177,10.8,1,3.57,58.8,24.4,35.5,1.401,1.967,1.281,0
AST-ELE-345,Elevator,1066,142,12.8,3,4.06,70.0,36.8,67.9,1.896,1.578,0.36,0
AST-ELE-817,Elevator,1516,232,2.8,7,7.09,84.7,35.1,49.4,4.001,2.578,0.055,1
AST-HVA-647,HVAC,998,220,10.4,3,6.32,89.8,28.6,55.4,3.785,2.444,0.313,1
AST-HVA-502,HVAC,1076,78,58.5,7,2.3,63.5,22.5,41.8,0.975,0.867,1.631,0
AST-WAT-874,Water Pump,994,77,8.2,4,2.35,39.7,31.9,41.1,0.622,0.856,0.247,0
AST-GEN-549,Generator,1329,226,38.5,6,5.9,115.4,60.2,46.8,4.538,2.511,0.869,1
AST-ELE-516,Elevator,168,71,17.6,2,2.48,53.4,27.2,51.9,0.883,0.789,3.143,0
AST-WAT-898,Water Pump,2043,121,30.5,18,2.72,83.6,32.9,33.6,1.517,1.344,0.448,0
AST-WAT-440,Water Pump,1760,225,120.4,6,8.23,95.0,46.5,57.9,5.216,2.5,2.052,1
AST-HVA-944,HVAC,686,179,11.8,3,4.84,68.0,34.1,44.4,2.195,1.989,0.516,1
AST-HVA-460,HVAC,1753,155,23.4,5,4.8,79.2,33.3,58.9,2.533,1.722,0.4,0
AST-IT -855,IT Server,1368,117,27.2,5,2.42,58.7,18.8,63.1,0.948,1.3,0.596,0
AST-WAT-153,Water Pump,782,162,18.1,5,4.69,81.3,42.7,45.9,2.541,1.8,0.694,1
AST-ELE-239,Elevator,42,103,0.0,0,2.38,65.1,26.6,53.0,1.034,1.144,0.0,0
AST-MED-421,Medical,2388,22,36.9,9,2.05,49.0,9.9,40.0,0.669,0.244,0.464,0
AST-GEN-628,Generator,562,217,0.0,0,6.55,103.4,55.7,22.6,4.515,2.411,0.0,1
AST-LAB-911,Lab Equipment,1338,116,71.0,10,3.05,54.8,15.2,61.6,1.114,1.289,1.592,0
AST-ELE-236,Elevator,1097,45,17.1,7,2.18,57.5,27.2,47.2,0.837,0.5,0.468,0
AST-WAT-435,Water Pump,1184,51,21.4,3,4.34,71.4,26.1,43.6,2.066,0.567,0.542,1
AST-MED-286,Medical,1641,225,183.6,9,7.5,74.4,18.4,47.6,3.724,2.5,3.356,1
AST-WAT-684,Water Pump,949,6,4.0,5,2.29,59.4,28.8,31.6,0.906,0.067,0.126,0
AST-IT -762,IT Server,966,233,28.4,6,5.84,76.8,24.8,68.0,2.991,2.589,0.882,1
AST-LAB-303,Lab Equipment,1102,180,166.2,12,4.88,72.9,20.8,20.0,2.372,2.0,4.525,1
AST-HVA-510,HVAC,1786,154,123.5,10,4.97,82.7,27.3,54.2,2.741,1.711,2.074,1
AST-HVA-476,HVAC,726,146,18.1,5,4.13,63.7,31.3,56.4,1.754,1.622,0.748,1
AST-ELE-638,Elevator,1812,198,189.0,13,7.19,96.6,33.9,47.4,4.63,2.2,3.129,1
AST-LAB-947,Lab Equipment,2054,31,29.5,11,2.4,53.8,12.4,40.0,0.861,0.344,0.431,0
AST-GEN-295,Generator,1120,74,8.9,8,3.27,80.1,45.0,36.6,1.746,0.822,0.238,0
AST-LAB-233,Lab Equipment,1796,220,172.5,13,6.42,81.4,23.3,58.5,3.48,2.444,2.881,1
AST-GEN-943,Generator,1189,187,10.9,4,5.91,83.8,40.2,47.6,3.303,2.078,0.275,1
AST-LAB-284,Lab Equipment,1703,203,301.4,10,6.44,82.2,20.6,34.0,3.527,2.256,5.309,1
AST-MED-368,Medical,994,159,50.4,4,3.8,60.1,11.9,52.2,1.523,1.767,1.521,0
AST-GEN-478,Generator,2417,176,2.5,10,5.78,70.1,59.1,48.9,2.699,1.956,0.031,1
AST-HVA-110,HVAC,1950,35,46.2,13,3.17,58.8,22.1,63.1,1.241,0.389,0.711,0
AST-ELE-507,Elevator,899,183,9.4,4,5.02,78.8,40.0,32.4,2.638,2.033,0.314,1
AST-LAB-853,Lab Equipment,2476,66,218.1,17,3.33,55.1,14.1,45.9,1.223,0.733,2.643,1
AST-IT -160,IT Server,243,86,15.0,1,0.96,41.8,15.0,31.6,0.268,0.956,1.852,0
AST-LAB-462,Lab Equipment,2480,182,85.7,18,5.95,73.9,18.2,73.1,2.934,2.022,1.037,1
AST-HVA-105,HVAC,1068,130,16.5,4,4.41,69.9,26.8,70.6,2.056,1.444,0.463,0
AST-MED-504,Medical,1549,34,2.4,8,1.84,35.6,10.2,63.7,0.437,0.378,0.046,0
AST-IT -142,IT Server,2407,46,10.7,16,1.53,48.2,15.5,42.4,0.491,0.511,0.133,0
AST-IT -604,IT Server,1419,225,57.3,13,5.92,81.3,28.3,45.0,3.209,2.5,1.211,1
AST-HVA-424,HVAC,2202,111,39.6,10,3.54,80.0,24.9,47.4,1.884,1.233,0.54,1
AST-HVA-420,HVAC,210,33,0.0,0,1.27,46.3,23.3,43.7,0.391,0.367,0.0,0
AST-WAT-387,Water Pump,1506,238,60.4,7,7.85,91.4,45.8,46.1,4.782,2.644,1.203,1
AST-MED-727,Medical,1110,133,7.7,6,2.99,49.7,12.1,37.9,0.992,1.478,0.208,0
AST-GEN-423,Generator,2042,196,4.5,10,5.54,85.6,63.8,62.1,3.162,2.178,0.066,0
AST-IT -973,IT Server,1832,14,35.7,8,1.91,48.7,14.1,64.4,0.622,0.156,0.585,0
AST-HVA-335,HVAC,780,10,0.4,5,1.55,49.3,17.2,50.5,0.51,0.111,0.015,0
AST-GEN-822,Generator,1943,112,95.7,13,4.59,83.8,42.8,66.6,2.566,1.244,1.478,1
AST-LAB-141,Lab Equipment,1838,92,26.4,7,2.76,58.9,12.3,56.6,1.082,1.022,0.431,0
AST-IT -596,IT Server,1904,127,48.4,14,2.71,58.4,21.2,29.9,1.055,1.411,0.763,1
AST-ELE-987,Elevator,636,32,3.4,4,2.19,55.9,25.9,52.1,0.815,0.356,0.16,0
AST-GEN-989,Generator,1193,47,59.3,9,2.32,79.8,44.0,33.0,1.233,0.522,1.491,0
AST-ELE-620,Elevator,1147,145,11.7,3,5.1,75.9,32.1,42.3,2.581,1.611,0.306,0
AST-IT -317,IT Server,2420,2,12.2,14,1.8,63.3,15.3,35.2,0.761,0.022,0.151,0
AST-IT -284,IT Server,1735,236,3.9,4,6.11,75.9,29.0,32.8,3.091,2.622,0.067,1
AST-WAT-610,Water Pump,416,228,4.3,1,7.16,90.1,41.4,61.3,4.303,2.533,0.31,1
AST-MED-797,Medical,529,101,13.9,4,2.13,46.2,7.6,54.6,0.657,1.122,0.788,0
AST-HVA-957,HVAC,1355,40,15.4,3,3.33,62.1,26.5,43.7,1.378,0.444,0.341,0
AST-LAB-950,Lab Equipment,1995,117,19.8,13,3.88,59.7,14.5,46.6,1.544,1.3,0.298,0
AST-MED-708,Medical,53,85,0.0,0,0.97,30.3,8.5,45.9,0.196,0.944,0.0,0
AST-ELE-737,Elevator,1885,84,12.4,11,2.75,58.5,20.9,40.8,1.072,0.933,0.197,0
AST-ELE-916,Elevator,2361,34,3.6,9,2.03,52.8,28.1,35.1,0.717,0.378,0.046,0
AST-HVA-920,HVAC,1188,83,8.0,3,3.79,47.1,20.3,56.2,1.191,0.922,0.202,0
AST-ELE-172,Elevator,2271,155,2.0,15,5.38,74.4,27.6,54.9,2.669,1.722,0.026,1
AST-LAB-361,Lab Equipment,759,62,0.5,3,2.17,34.8,13.6,57.2,0.502,0.689,0.02,0
AST-WAT-508,Water Pump,395,6,6.9,1,2.24,64.8,35.0,55.4,0.966,0.067,0.524,0
AST-GEN-497,Generator,1678,73,64.7,8,3.87,83.5,49.3,38.1,2.153,0.811,1.157,0
AST-ELE-257,Elevator,523,77,0.0,0,2.96,53.8,27.9,23.5,1.061,0.856,0.0,0
AST-LAB-853,Lab Equipment,1300,232,4.9,6,5.35,74.6,23.4,41.3,2.66,2.578,0.113,1
AST-GEN-467,Generator,423,214,8.4,3,7.39,87.2,57.0,44.1,4.295,2.378,0.596,1
AST-GEN-601,Generator,1854,227,60.3,10,8.87,112.5,56.7,44.8,6.653,2.522,0.976,1
AST-MED-676,Medical,2488,109,21.0,15,2.91,44.3,10.9,54.0,0.861,1.211,0.253,0
AST-LAB-930,Lab Equipment,1538,158,10.1,8,3.66,63.7,16.1,28.9,1.551,1.756,0.197,0
AST-ELE-536,Elevator,410,11,20.2,2,2.68,60.8,28.2,49.1,1.085,0.122,1.478,0
AST-LAB-792,Lab Equipment,948,166,39.9,7,3.94,65.9,19.2,42.2,1.732,1.844,1.263,0
AST-GEN-607,Generator,2189,162,22.7,10,5.5,87.7,53.0,72.7,3.214,1.8,0.311,1
AST-HVA-397,HVAC,1947,112,15.9,10,3.21,76.3,28.1,63.2,1.634,1.244,0.245,1
AST-WAT-589,Water Pump,1260,39,2.5,2,3.54,76.3,23.9,58.8,1.803,0.433,0.06,0
AST-ELE-407,Elevator,1048,134,8.7,9,3.3,76.5,23.6,57.9,1.682,1.489,0.249,0
AST-IT -148,IT Server,2286,20,40.1,11,2.1,40.6,16.6,63.3,0.57,0.222,0.526,0
AST-IT -210,IT Server,2121,109,99.0,9,3.5,65.4,18.1,40.4,1.527,1.211,1.4,1
AST-LAB-776,Lab Equipment,2358,209,4.7,9,6.29,81.3,23.9,45.8,3.411,2.322,0.06,1
AST-MED-699,Medical,364,197,0.0,0,4.63,56.8,17.3,53.9,1.755,2.189,0.0,0
AST-HVA-858,HVAC,1925,46,0.6,7,2.67,61.0,27.7,52.8,1.085,0.511,0.009,0
AST-WAT-502,Water Pump,215,22,0.0,0,2.86,63.4,31.1,56.5,1.208,0.244,0.0,0
AST-ELE-404,Elevator,1315,151,210.3,6,5.51,72.1,30.5,57.1,2.646,1.678,4.798,1
AST-WAT-786,Water Pump,1872,160,10.5,10,4.52,84.0,39.2,32.9,2.532,1.778,0.168,0
AST-MED-992,Medical,796,55,28.3,6,1.44,45.6,7.9,33.5,0.438,0.611,1.067,0
AST-ELE-718,Elevator,1092,224,73.4,6,7.71,87.6,37.0,53.6,4.503,2.489,2.016,1
AST-LAB-647,Lab Equipment,103,2,0.2,1,1.47,37.6,14.2,59.6,0.368,0.022,0.058,0
AST-HVA-275,HVAC,1984,118,113.4,13,3.42,73.6,28.9,40.4,1.676,1.311,1.715,1
AST-WAT-773,Water Pump,2495,186,5.3,13,6.35,83.3,41.9,85.0,3.525,2.067,0.064,1
AST-IT -932,IT Server,1507,177,5.3,4,4.06,63.0,21.0,51.7,1.707,1.967,0.106,0
AST-ELE-791,Elevator,1647,206,136.7,13,7.55,88.3,42.2,64.9,4.447,2.289,2.49,1
AST-GEN-238,Generator,86,49,0.0,0,1.93,71.4,53.8,30.0,0.917,0.544,0.0,0
AST-HVA-812,HVAC,800,220,35.8,3,6.18,81.2,30.3,51.7,3.349,2.444,1.342,1
AST-LAB-764,Lab Equipment,624,167,19.3,2,3.55,58.4,17.4,50.6,1.38,1.856,0.928,0
AST-WAT-741,Water Pump,2236,49,93.3,12,5.03,69.2,34.3,59.5,2.322,0.544,1.252,1
AST-WAT-574,Water Pump,636,122,20.9,6,3.18,64.5,38.8,44.7,1.369,1.356,0.986,0
AST-HVA-270,HVAC,654,190,2.2,3,5.21,66.5,26.0,55.9,2.311,2.111,0.101,0
AST-LAB-582,Lab Equipment,110,221,0.0,0,5.08,69.2,23.0,52.9,2.344,2.456,0.0,0
AST-GEN-306,Generator,1237,146,29.8,6,5.71,94.7,41.2,54.0,3.604,1.622,0.723,1
AST-LAB-152,Lab Equipment,1397,3,3.9,13,1.74,51.3,11.0,61.5,0.597,0.033,0.084,0
AST-WAT-830,Water Pump,1798,107,35.0,9,4.01,76.3,27.9,55.9,2.039,1.189,0.584,0
AST-ELE-692,Elevator,2470,188,30.3,16,4.98,85.2,29.8,49.8,2.833,2.089,0.368,1
AST-MED-137,Medical,2026,103,86.6,13,2.61,53.6,8.8,52.1,0.932,1.144,1.282,0
AST-IT -842,IT Server,2028,60,228.7,11,2.58,61.0,12.8,44.5,1.047,0.667,3.383,1
AST-IT -119,IT Server,1758,148,6.1,12,3.53,59.5,20.2,46.2,1.4,1.644,0.104,0
AST-HVA-374,HVAC,1738,228,14.8,7,6.68,85.7,30.8,32.4,3.817,2.533,0.255,1
AST-LAB-737,Lab Equipment,1450,115,152.8,11,3.55,49.4,14.7,55.6,1.168,1.278,3.161,0
AST-HVA-265,HVAC,1209,186,20.4,5,5.92,55.8,23.5,56.3,2.205,2.067,0.506,1
AST-MED-548,Medical,980,130,76.6,7,3.36,54.8,11.4,55.7,1.227,1.444,2.345,0
AST-ELE-447,Elevator,2496,219,83.6,13,7.21,90.5,43.3,24.1,4.353,2.433,1.005,1
AST-ELE-579,Elevator,567,227,2.0,3,7.41,86.1,37.3,35.9,4.253,2.522,0.106,1
AST-ELE-499,Elevator,1737,214,18.4,7,6.64,85.1,37.7,20.0,3.766,2.378,0.318,1
AST-ELE-852,Elevator,1505,204,1.1,8,6.34,79.4,39.3,70.1,3.358,2.267,0.022,1
AST-WAT-265,Water Pump,878,73,9.3,5,2.31,60.8,33.0,55.2,0.936,0.811,0.318,0
AST-HVA-783,HVAC,2007,34,33.7,10,3.34,57.9,20.7,43.9,1.289,0.378,0.504,0
AST-GEN-720,Generator,2045,26,50.6,9,2.61,77.2,41.1,63.9,1.344,0.289,0.742,0
AST-LAB-410,Lab Equipment,991,54,19.5,3,1.46,49.5,9.9,36.8,0.482,0.6,0.59,0
AST-HVA-467,HVAC,1098,92,21.0,10,2.71,59.0,28.1,39.8,1.067,1.022,0.574,0
AST-GEN-947,Generator,2092,9,1.4,5,2.91,69.3,52.2,39.6,1.344,0.1,0.02,0
AST-MED-540,Medical,496,159,2.1,3,3.69,59.4,14.7,50.4,1.46,1.767,0.127,0
AST-IT -329,IT Server,2022,67,42.0,11,2.0,44.9,14.3,72.9,0.598,0.744,0.623,0
AST-WAT-463,Water Pump,221,198,0.0,0,5.92,75.9,41.5,35.9,2.997,2.2,0.0,0
AST-MED-254,Medical,2141,155,44.7,13,4.53,62.7,13.1,53.3,1.893,1.722,0.626,0
AST-ELE-151,Elevator,1823,205,4.4,8,5.02,83.6,36.9,63.4,2.795,2.278,0.072,1
AST-WAT-873,Water Pump,484,28,7.5,3,2.97,69.5,35.5,43.1,1.376,0.311,0.465,0
AST-IT -900,IT Server,447,211,0.0,0,5.0,67.5,25.3,52.0,2.247,2.344,0.0,0
AST-IT -207,IT Server,714,162,30.5,4,3.55,62.7,20.9,61.1,1.484,1.8,1.282,1
AST-GEN-470,Generator,673,187,21.0,3,4.95,95.9,47.1,49.7,3.165,2.078,0.936,1
AST-LAB-880,Lab Equipment,2102,128,98.5,14,4.91,65.7,16.5,73.0,2.15,1.422,1.406,1
AST-HVA-257,HVAC,1519,86,65.7,11,3.79,58.3,22.8,56.7,1.473,0.956,1.298,0
AST-HVA-968,HVAC,856,113,128.3,7,3.78,65.0,29.8,31.0,1.64,1.256,4.496,0
AST-WAT-887,Water Pump,56,63,0.0,0,1.32,43.1,36.9,65.1,0.379,0.7,0.0,0
AST-LAB-449,Lab Equipment,1204,130,69.4,8,3.55,56.5,16.3,64.6,1.338,1.444,1.729,1
AST-MED-481,Medical,1729,93,114.6,14,2.72,40.1,7.5,61.2,0.726,1.033,1.988,0
AST-GEN-255,Generator,2199,108,31.6,7,3.82,73.2,47.3,52.9,1.862,1.2,0.431,0
AST-GEN-921,Generator,1786,106,10.7,10,2.83,81.5,52.1,49.2,1.537,1.178,0.18,0
AST-LAB-972,Lab Equipment,2144,204,26.1,13,5.57,75.0,19.6,78.0,2.784,2.267,0.365,1
AST-HVA-553,HVAC,626,198,37.3,4,5.3,71.7,29.9,54.6,2.533,2.2,1.788,1
AST-WAT-629,Water Pump,315,22,0.0,0,1.72,45.5,37.6,47.8,0.522,0.244,0.0,0
AST-LAB-890,Lab Equipment,703,112,29.3,5,2.81,49.4,19.4,23.9,0.926,1.244,1.25,0
AST-WAT-137,Water Pump,648,232,26.9,5,8.48,95.4,42.5,52.8,5.394,2.578,1.245,1
AST-ELE-830,Elevator,2159,76,39.5,14,3.07,57.5,23.7,55.7,1.177,0.844,0.549,0
AST-ELE-817,Elevator,2297,224,38.6,11,7.19,88.9,41.0,54.7,4.264,2.489,0.504,1
AST-ELE-421,Elevator,1439,3,98.3,5,1.81,65.4,20.3,35.3,0.791,0.033,2.049,0
AST-IT -725,IT Server,631,180,2.3,2,3.95,65.8,18.2,51.0,1.73,2.0,0.109,0
AST-ELE-310,Elevator,2259,160,47.4,23,6.21,80.4,42.9,41.2,3.327,1.778,0.629,1
AST-ELE-552,Elevator,1444,228,40.3,10,5.97,89.2,34.8,46.5,3.553,2.533,0.837,1
AST-ELE-514,Elevator,838,226,36.3,4,5.73,94.6,30.5,46.6,3.61,2.511,1.3,1
AST-HVA-650,HVAC,1400,100,16.5,9,3.1,49.8,22.0,39.1,1.029,1.111,0.354,0
AST-ELE-229,Elevator,2161,139,5.3,13,4.5,75.9,31.4,42.4,2.277,1.544,0.074,1
AST-HVA-623,HVAC,2290,80,44.4,10,1.75,58.5,23.4,42.6,0.681,0.889,0.582,0
AST-WAT-750,Water Pump,685,6,48.8,6,3.23,59.1,37.9,41.9,1.274,0.067,2.137,0
AST-WAT-652,Water Pump,2456,67,80.5,18,3.75,61.7,26.7,44.1,1.544,0.744,0.983,1
AST-WAT-411,Water Pump,1761,130,134.3,13,6.71,85.4,32.8,65.5,3.82,1.444,2.288,1
AST-HVA-961,HVAC,1557,67,36.2,5,3.85,62.6,21.1,65.7,1.605,0.744,0.697,0
AST-MED-226,Medical,225,194,0.0,0,4.95,62.7,14.6,57.4,2.068,2.156,0.0,0
AST-HVA-559,HVAC,1250,147,144.1,13,4.43,74.9,29.5,61.9,2.213,1.633,3.458,1
AST-LAB-447,Lab Equipment,997,207,77.3,7,5.53,82.8,20.1,53.7,3.054,2.3,2.326,1
AST-IT -679,IT Server,2214,217,30.8,9,5.45,80.7,26.5,49.7,2.933,2.411,0.417,1
AST-MED-406,Medical,1195,171,82.9,6,4.6,64.4,16.5,44.5,1.974,1.9,2.081,0
AST-ELE-686,Elevator,603,183,25.9,7,4.35,82.1,28.5,44.3,2.381,2.033,1.289,1
AST-ELE-353,Elevator,461,84,27.1,2,2.57,60.6,27.4,38.7,1.039,0.933,1.764,0
AST-GEN-942,Generator,1509,117,129.2,10,4.21,85.9,47.1,60.0,2.413,1.3,2.569,1
AST-ELE-535,Elevator,1717,21,14.0,11,1.82,64.4,28.0,47.4,0.779,0.233,0.245,0
AST-LAB-233,Lab Equipment,1980,55,45.0,11,2.71,48.3,10.1,54.4,0.873,0.611,0.682,0
AST-MED-793,Medical,2185,104,15.2,9,2.54,54.4,9.2,40.2,0.922,1.156,0.209,0
AST-IT -897,IT Server,1647,224,168.4,10,6.47,85.6,29.7,67.8,3.693,2.489,3.067,1
AST-LAB-751,Lab Equipment,1764,113,82.9,6,3.63,54.5,12.1,76.6,1.319,1.256,1.41,0
AST-LAB-849,Lab Equipment,1737,211,25.1,13,5.77,74.1,22.2,55.1,2.854,2.344,0.434,1
AST-IT -230,IT Server,2015,183,125.3,20,5.8,78.8,23.4,62.1,3.048,2.033,1.866,1
AST-ELE-625,Elevator,2197,31,24.9,16,4.19,56.6,30.4,38.1,1.581,0.344,0.34,0
AST-LAB-584,Lab Equipment,163,192,0.0,0,4.44,61.6,21.4,52.1,1.824,2.133,0.0,0
AST-IT -478,IT Server,516,155,52.1,7,3.5,64.9,18.3,47.7,1.515,1.722,3.029,0
AST-HVA-223,HVAC,1543,147,43.1,11,4.2,75.6,24.6,58.3,2.117,1.633,0.838,1
AST-IT -256,IT Server,512,96,3.8,2,1.57,44.0,16.0,43.2,0.46,1.067,0.223,0
AST-MED-410,Medical,1234,125,147.0,12,3.65,50.5,11.3,53.7,1.23,1.389,3.574,1
AST-GEN-245,Generator,2445,108,38.6,13,3.16,63.1,46.6,70.4,1.327,1.2,0.474,1
AST-MED-390,Medical,913,47,14.6,4,1.58,46.2,8.4,57.5,0.486,0.522,0.48,0
AST-LAB-102,Lab Equipment,531,141,0.3,2,2.94,49.2,19.9,56.3,0.965,1.567,0.017,0
AST-WAT-145,Water Pump,1740,124,26.2,11,2.92,66.6,34.8,54.9,1.297,1.378,0.452,0
AST-IT -563,IT Server,1413,201,309.0,9,6.04,74.7,25.1,50.8,3.006,2.233,6.561,1
AST-WAT-837,Water Pump,573,196,44.7,5,6.2,83.2,43.1,45.9,3.44,2.178,2.34,1
AST-ELE-571,Elevator,1872,171,11.1,6,5.47,74.7,33.4,47.5,2.723,1.9,0.178,1
AST-WAT-845,Water Pump,1362,23,58.4,5,3.23,69.2,39.1,42.8,1.491,0.256,1.286,0
AST-ELE-738,Elevator,1707,100,45.7,6,3.74,56.4,26.0,48.8,1.407,1.111,0.803,0
AST-LAB-447,Lab Equipment,2245,12,138.9,12,3.03,56.5,10.8,37.8,1.142,0.133,1.856,0
AST-LAB-853,Lab Equipment,1166,166,10.2,9,4.11,60.0,17.0,61.1,1.644,1.844,0.262,1
AST-GEN-824,Generator,131,147,4.0,1,2.92,72.5,57.2,58.3,1.412,1.633,0.916,0
AST-WAT-824,Water Pump,1295,144,30.7,8,5.05,75.8,38.6,53.3,2.55,1.6,0.711,0
AST-ELE-672,Elevator,378,50,0.0,0,2.62,54.6,28.8,45.2,0.955,0.556,0.0,0
AST-IT -690,IT Server,246,146,14.7,3,2.57,54.7,17.9,41.4,0.936,1.622,1.793,0
AST-WAT-587,Water Pump,2088,230,8.5,17,6.58,84.4,42.6,40.4,3.703,2.556,0.122,1
AST-ELE-644,Elevator,766,5,3.2,6,1.74,54.0,22.9,48.6,0.626,0.056,0.125,0
AST-GEN-351,Generator,2403,114,104.7,13,4.73,81.7,49.6,59.9,2.575,1.267,1.307,1
AST-IT -721,IT Server,1342,103,70.8,8,2.61,60.6,19.1,59.1,1.054,1.144,1.583,0
AST-LAB-982,Lab Equipment,125,88,0.2,4,1.35,40.9,9.1,24.1,0.368,0.978,0.048,0
AST-LAB-124,Lab Equipment,2192,82,29.4,11,1.35,48.4,13.4,61.9,0.437,0.911,0.402,0
AST-HVA-217,HVAC,436,139,1.8,1,3.18,57.8,28.6,33.9,1.224,1.544,0.124,0
AST-GEN-287,Generator,1076,197,94.4,10,6.74,110.5,57.7,53.0,4.968,2.189,2.632,1
AST-MED-517,Medical,723,16,5.4,5,1.35,36.2,10.5,44.3,0.327,0.178,0.224,0
AST-MED-285,Medical,141,183,4.3,1,4.22,63.9,15.0,55.5,1.797,2.033,0.915,1
AST-LAB-201,Lab Equipment,1340,37,2.6,10,1.95,39.6,12.6,61.3,0.515,0.411,0.058,0
AST-MED-364,Medical,1568,212,16.5,8,4.91,71.7,19.0,64.3,2.347,2.356,0.316,0
AST-HVA-307,HVAC,1011,193,9.5,4,4.9,73.1,35.7,53.3,2.387,2.144,0.282,0
AST-GEN-604,Generator,2113,193,9.8,12,7.64,83.5,61.6,62.9,4.249,2.144,0.139,1
AST-HVA-375,HVAC,278,82,14.3,2,2.68,61.6,25.6,50.5,1.101,0.911,1.543,0
AST-LAB-167,Lab Equipment,2013,8,93.4,12,3.23,56.7,12.6,39.8,1.219,0.089,1.392,0
AST-GEN-119,Generator,1132,142,30.1,5,4.66,76.3,54.0,42.9,2.369,1.578,0.798,0
AST-ELE-203,Elevator,1038,196,46.1,5,7.14,76.4,38.2,50.8,3.636,2.178,1.332,1
AST-WAT-228,Water Pump,1277,146,8.9,8,6.46,72.1,46.8,49.6,3.101,1.622,0.209,1
AST-HVA-966,HVAC,2079,53,230.2,18,3.8,62.6,21.2,38.5,1.586,0.589,3.322,1
AST-GEN-482,Generator,2243,44,21.5,10,2.0,86.1,47.4,61.5,1.146,0.489,0.288,0
AST-IT -533,IT Server,2303,116,101.5,9,3.53,48.7,14.2,65.5,1.146,1.289,1.322,1
AST-WAT-575,Water Pump,1214,168,8.7,4,5.35,76.2,45.0,55.1,2.717,1.867,0.215,0
AST-HVA-161,HVAC,2005,70,30.3,3,1.99,61.6,25.1,22.0,0.819,0.778,0.453,0
AST-WAT-796,Water Pump,1587,90,8.0,12,2.37,67.6,31.3,42.6,1.068,1.0,0.151,0
AST-GEN-699,Generator,2120,73,100.3,15,3.31,77.8,39.6,59.6,1.717,0.811,1.419,1
AST-ELE-646,Elevator,2336,18,25.8,13,4.17,62.4,26.8,43.3,1.734,0.2,0.331,0
AST-LAB-815,Lab Equipment,533,213,6.2,6,5.53,64.7,19.8,46.3,2.384,2.367,0.349,1
AST-IT -386,IT Server,1799,54,8.3,9,1.38,43.9,14.4,36.9,0.403,0.6,0.138,0
AST-WAT-425,Water Pump,1433,163,88.5,8,4.14,85.4,46.4,20.0,2.355,1.811,1.853,1
AST-WAT-824,Water Pump,1884,70,68.7,13,2.93,70.1,35.5,46.9,1.367,0.778,1.094,0
AST-MED-449,Medical,892,118,9.8,4,2.12,46.9,10.5,36.2,0.662,1.311,0.33,0
AST-MED-116,Medical,577,166,13.4,2,3.24,48.9,14.3,69.1,1.055,1.844,0.697,0
AST-IT -587,IT Server,47,231,5.4,1,5.31,82.1,29.6,56.1,2.908,2.567,3.447,1
AST-GEN-523,Generator,2306,230,103.3,20,7.94,102.5,64.6,46.3,5.421,2.556,1.344,1
AST-LAB-880,Lab Equipment,1638,138,20.5,6,3.27,65.5,19.6,44.4,1.43,1.533,0.375,1
AST-ELE-766,Elevator,347,138,6.0,2,4.32,68.9,34.8,60.7,1.983,1.533,0.519,1
AST-WAT-935,Water Pump,1853,173,13.2,9,7.48,83.2,43.4,66.3,4.149,1.922,0.214,1
AST-WAT-485,Water Pump,2492,92,20.2,17,2.78,63.0,37.2,32.3,1.166,1.022,0.243,0
AST-WAT-886,Water Pump,64,32,1.7,2,1.25,59.8,30.4,63.3,0.5,0.356,0.797,0
AST-GEN-555,Generator,68,57,3.0,1,3.04,68.5,46.4,62.5,1.386,0.633,1.324,0
AST-WAT-387,Water Pump,1495,50,14.0,12,2.83,65.1,35.1,60.7,1.23,0.556,0.281,0
AST-IT -740,IT Server,1271,207,26.1,12,5.0,83.0,21.3,71.2,2.767,2.3,0.616,1
AST-GEN-605,Generator,1516,10,2.1,5,4.02,68.6,41.7,41.2,1.839,0.111,0.042,0
AST-ELE-823,Elevator,886,2,23.5,3,1.99,59.8,26.4,76.7,0.793,0.022,0.796,0
AST-WAT-753,Water Pump,1652,29,45.7,11,4.68,54.8,31.1,49.9,1.71,0.322,0.83,0
AST-IT -612,IT Server,2053,44,32.6,13,1.81,50.4,13.8,49.0,0.609,0.489,0.476,0
AST-ELE-856,Elevator,2347,173,42.7,8,5.62,70.6,39.9,43.9,2.644,1.922,0.546,1
AST-IT -279,IT Server,297,151,7.7,1,3.17,56.5,17.9,71.0,1.195,1.678,0.778,0
AST-HVA-230,HVAC,1093,239,125.8,9,7.33,92.3,33.3,56.3,4.513,2.656,3.453,1
AST-GEN-635,Generator,1153,50,14.9,4,3.15,65.1,42.9,44.4,1.367,0.556,0.388,0
AST-HVA-809,HVAC,2212,158,111.5,9,5.2,78.5,32.2,53.5,2.72,1.756,1.512,1
AST-IT -564,IT Server,38,110,0.0,0,1.63,44.6,19.0,77.8,0.484,1.222,0.0,0
AST-ELE-153,Elevator,1353,111,124.6,7,4.98,69.4,31.7,31.0,2.302,1.233,2.763,1
AST-LAB-380,Lab Equipment,528,175,7.0,4,3.88,59.3,17.4,36.0,1.534,1.944,0.398,0
AST-LAB-470,Lab Equipment,2148,195,50.0,8,5.63,70.1,22.7,65.7,2.632,2.167,0.698,1
AST-ELE-329,Elevator,222,72,5.8,1,1.37,54.1,24.8,54.7,0.493,0.8,0.784,0
AST-IT -559,IT Server,1325,2,55.9,13,1.88,48.0,15.4,53.0,0.601,0.022,1.266,0
AST-MED-183,Medical,2372,207,42.6,16,5.52,65.0,15.5,63.1,2.394,2.3,0.539,1
AST-ELE-331,Elevator,1765,20,63.1,6,2.1,65.8,26.9,50.7,0.921,0.222,1.073,0
AST-GEN-268,Generator,1378,80,3.8,7,2.78,81.0,34.2,49.1,1.501,0.889,0.083,1
AST-ELE-199,Elevator,144,123,7.8,1,3.43,66.0,27.9,31.5,1.509,1.367,1.625,0
AST-HVA-706,HVAC,1399,216,52.2,8,6.15,91.1,29.3,54.7,3.734,2.4,1.119,1
AST-HVA-584,HVAC,1006,88,33.0,10,2.79,60.5,18.8,50.8,1.126,0.978,0.984,0
AST-WAT-441,Water Pump,2158,204,4.8,12,8.1,79.2,39.6,40.1,4.275,2.267,0.067,1
AST-HVA-894,HVAC,2487,159,78.9,18,6.14,74.2,31.8,37.4,3.037,1.767,0.952,1
AST-HVA-740,HVAC,1858,149,123.8,14,4.96,81.8,24.4,67.3,2.702,1.656,1.999,1
AST-HVA-134,HVAC,1575,81,92.3,10,3.24,59.1,24.3,51.9,1.277,0.9,1.758,0
AST-ELE-166,Elevator,552,16,5.3,2,2.77,65.1,30.9,56.7,1.204,0.178,0.288,0
AST-LAB-156,Lab Equipment,1264,157,16.5,12,3.05,63.8,17.4,44.7,1.297,1.744,0.392,0
AST-HVA-204,HVAC,258,144,1.1,1,5.09,65.2,28.1,32.4,2.213,1.6,0.128,1
AST-WAT-490,Water Pump,1675,25,0.1,10,2.21,55.6,36.4,54.1,0.82,0.278,0.002,0
AST-LAB-338,Lab Equipment,2485,202,305.0,16,6.54,83.1,22.2,50.9,3.623,2.244,3.682,1
AST-HVA-564,HVAC,1602,119,27.8,9,3.23,70.4,23.6,57.8,1.516,1.322,0.521,0
AST-IT -734,IT Server,444,87,7.4,4,1.18,46.8,16.6,49.1,0.367,0.967,0.5,0
AST-ELE-901,Elevator,136,117,3.1,1,3.08,75.3,28.6,68.8,1.544,1.3,0.684,0
AST-IT -297,IT Server,472,27,4.1,1,1.16,33.9,12.7,65.3,0.262,0.3,0.261,0
AST-ELE-169,Elevator,2458,203,33.1,6,6.04,77.6,29.7,54.4,3.124,2.256,0.404,1
AST-IT -229,IT Server,2114,66,8.5,9,1.75,49.8,18.2,59.9,0.58,0.733,0.121,0
AST-LAB-842,Lab Equipment,1851,48,56.1,9,2.08,51.3,13.5,49.1,0.712,0.533,0.909,0
AST-WAT-145,Water Pump,277,33,0.0,0,3.7,57.3,34.6,58.1,1.415,0.367,0.0,0
AST-LAB-625,Lab Equipment,1495,80,33.4,9,2.33,47.8,12.2,49.6,0.743,0.889,0.67,0
AST-IT -894,IT Server,626,38,1.8,2,1.03,46.2,15.6,49.6,0.316,0.422,0.086,0
AST-IT -451,IT Server,1222,95,37.2,7,2.05,51.6,14.1,34.2,0.703,1.056,0.913,0
AST-IT -700,IT Server,622,15,25.2,3,1.35,50.0,15.1,63.9,0.452,0.167,1.215,0
AST-WAT-955,Water Pump,2321,220,63.6,10,8.99,93.1,29.7,54.7,5.584,2.444,0.822,1
AST-MED-300,Medical,850,164,68.6,3,3.92,56.9,13.3,49.5,1.489,1.822,2.421,0
AST-WAT-170,Water Pump,1428,49,203.8,12,4.35,68.5,30.6,32.5,1.987,0.544,4.282,1
AST-ELE-808,Elevator,1944,154,227.8,11,5.23,85.2,30.8,46.5,2.971,1.711,3.515,1
AST-WAT-692,Water Pump,2348,86,25.0,14,3.06,70.1,22.4,65.5,1.429,0.956,0.319,0
AST-LAB-436,Lab Equipment,694,27,27.1,2,1.36,37.8,13.3,59.1,0.343,0.3,1.171,0
AST-WAT-143,Water Pump,2061,57,155.1,15,2.6,71.6,27.1,41.3,1.242,0.633,2.258,0
AST-ELE-328,Elevator,973,120,26.3,2,3.55,69.5,29.0,54.7,1.646,1.333,0.811,0
AST-GEN-592,Generator,1387,207,11.1,5,5.62,88.4,60.2,55.1,3.315,2.3,0.24,1
AST-GEN-509,Generator,784,212,22.6,4,7.48,86.2,60.4,37.8,4.298,2.356,0.865,0
AST-MED-110,Medical,332,92,4.9,1,0.98,42.5,8.8,59.3,0.279,1.022,0.443,0
AST-HVA-245,HVAC,1220,113,20.2,6,4.01,55.9,25.5,44.4,1.496,1.256,0.497,0
AST-IT -883,IT Server,1504,12,9.4,10,1.24,44.5,15.8,20.9,0.367,0.133,0.188,0
AST-GEN-302,Generator,1193,45,116.2,9,4.13,84.3,52.8,59.0,2.319,0.5,2.922,1
AST-MED-836,Medical,743,87,0.9,3,1.54,32.9,9.3,36.3,0.338,0.967,0.036,0
AST-GEN-282,Generator,832,6,12.8,6,3.33,65.6,41.7,61.6,1.457,0.067,0.462,0
AST-MED-203,Medical,115,213,3.8,1,5.12,68.4,18.9,43.3,2.336,2.367,0.991,0
AST-LAB-770,Lab Equipment,484,87,3.3,1,1.38,41.2,13.8,45.6,0.38,0.967,0.205,0
AST-MED-567,Medical,1013,95,122.0,10,2.5,48.6,6.4,66.1,0.811,1.056,3.613,0
AST-ELE-275,Elevator,2188,205,106.0,16,6.46,86.0,43.9,31.2,3.706,2.278,1.453,0
AST-LAB-999,Lab Equipment,297,31,1.9,5,1.09,40.7,15.5,82.1,0.296,0.344,0.192,0
AST-GEN-913,Generator,806,50,7.0,6,4.23,85.5,50.0,38.5,2.412,0.556,0.261,0
AST-ELE-483,Elevator,1332,154,10.0,6,4.24,68.0,33.2,49.0,1.923,1.711,0.225,0
AST-ELE-350,Elevator,219,196,2.0,1,5.87,72.6,36.7,51.5,2.839,2.178,0.274,0
AST-GEN-974,Generator,2223,76,25.6,3,4.29,76.7,48.8,53.3,2.192,0.844,0.345,0
AST-MED-353,Medical,248,162,12.7,3,4.2,54.0,14.6,37.2,1.513,1.8,1.536,0
AST-WAT-229,Water Pump,2111,150,18.1,11,3.75,73.2,36.8,62.8,1.829,1.667,0.257,0
AST-GEN-844,Generator,363,201,6.8,1,4.25,93.9,45.7,60.7,2.661,2.233,0.562,1
AST-ELE-729,Elevator,295,43,33.5,3,2.28,54.3,31.5,65.1,0.824,0.478,3.407,0
AST-WAT-760,Water Pump,2115,96,14.7,8,1.94,73.2,27.7,42.1,0.946,1.067,0.209,0
AST-LAB-283,Lab Equipment,1348,183,42.4,7,4.78,76.2,19.7,54.1,2.43,2.033,0.944,1
AST-ELE-594,Elevator,2056,122,28.0,12,3.8,62.4,34.8,52.5,1.58,1.356,0.409,0
AST-LAB-753,Lab Equipment,2421,167,88.8,10,4.92,65.9,15.9,30.9,2.159,1.856,1.1,1
AST-GEN-307,Generator,1881,221,166.2,9,7.72,104.6,53.9,46.7,5.386,2.456,2.651,1
AST-GEN-413,Generator,1770,228,95.0,5,6.3,98.0,56.5,51.1,4.121,2.533,1.61,1
AST-GEN-962,Generator,1562,66,29.8,7,3.02,78.9,46.2,45.3,1.586,0.733,0.572,0
AST-GEN-869,Generator,374,76,0.0,0,2.92,79.4,42.2,52.8,1.545,0.844,0.0,0
AST-MED-335,Medical,2421,11,39.8,16,2.23,48.6,7.1,49.6,0.721,0.122,0.493,0
AST-IT -444,IT Server,1775,116,1.5,7,2.28,53.5,15.3,63.1,0.814,1.289,0.025,0
AST-LAB-476,Lab Equipment,2067,82,51.8,14,2.3,41.6,13.3,59.2,0.638,0.911,0.752,0
AST-HVA-283,HVAC,1839,60,45.7,8,2.52,60.0,16.7,66.4,1.007,0.667,0.746,0
AST-HVA-467,HVAC,367,76,18.2,3,1.59,59.9,23.7,49.5,0.635,0.844,1.488,0
AST-IT -659,IT Server,350,202,1.4,1,4.5,68.7,20.8,60.4,2.062,2.244,0.12,0
AST-GEN-200,Generator,515,19,18.1,3,2.27,70.0,46.8,50.3,1.06,0.211,1.054,0
AST-IT -305,IT Server,1397,51,32.3,6,1.75,58.2,16.8,52.2,0.68,0.567,0.694,0
AST-MED-409,Medical,1154,49,4.1,5,1.55,37.0,7.2,43.9,0.381,0.544,0.107,0
AST-GEN-975,Generator,2254,234,31.5,13,6.81,105.1,55.7,56.1,4.772,2.6,0.419,1
AST-WAT-406,Water Pump,1184,211,67.7,5,7.51,107.7,30.6,54.8,5.389,2.344,1.715,1
AST-LAB-515,Lab Equipment,2405,194,210.8,13,6.77,78.0,20.8,63.5,3.52,2.156,2.63,1
AST-LAB-769,Lab Equipment,2129,195,35.4,10,5.36,66.4,22.3,55.9,2.371,2.167,0.499,0
AST-WAT-507,Water Pump,962,59,39.4,6,2.48,63.2,31.0,70.5,1.045,0.656,1.229,0
AST-GEN-585,Generator,987,133,14.2,3,4.77,80.9,42.3,60.1,2.57,1.478,0.432,0
AST-IT -875,IT Server,1949,185,83.9,15,5.22,72.9,22.6,54.1,2.537,2.056,1.291,1
AST-MED-910,Medical,381,81,13.3,2,1.0,43.7,6.6,45.8,0.292,0.9,1.047,0
AST-LAB-888,Lab Equipment,1740,54,54.1,12,2.09,55.9,13.1,69.9,0.778,0.6,0.933,0
AST-WAT-671,Water Pump,153,96,13.9,1,3.19,68.8,29.4,52.9,1.464,1.067,2.725,0
AST-WAT-231,Water Pump,1281,189,12.6,10,5.8,81.6,34.6,49.2,3.157,2.1,0.295,1
AST-WAT-774,Water Pump,1482,87,31.6,6,2.6,64.5,24.6,29.1,1.117,0.967,0.64,0
AST-LAB-802,Lab Equipment,1682,196,72.7,11,6.08,73.6,20.8,49.6,2.981,2.178,1.297,1
AST-IT -406,IT Server,1365,151,14.4,7,2.97,53.8,18.2,53.8,1.066,1.678,0.316,1
AST-WAT-132,Water Pump,599,40,6.7,2,2.39,51.3,33.3,52.5,0.818,0.444,0.336,0
AST-MED-681,Medical,2499,234,106.6,16,7.0,75.4,20.7,42.1,3.52,2.6,1.28,1
AST-WAT-500,Water Pump,1591,53,94.4,14,2.72,70.4,30.2,45.2,1.275,0.589,1.78,0
AST-HVA-647,HVAC,1612,49,82.5,11,3.15,58.8,20.7,62.9,1.233,0.544,1.535,0
AST-MED-683,Medical,1879,164,82.9,16,4.4,65.8,14.0,63.7,1.93,1.822,1.324,0
AST-HVA-275,HVAC,457,173,5.9,9,4.38,62.3,31.3,43.2,1.818,1.922,0.387,0
AST-HVA-946,HVAC,2031,7,85.2,10,3.82,58.2,26.7,52.0,1.482,0.078,1.258,0
AST-HVA-495,HVAC,1192,53,12.6,10,2.53,60.0,23.7,34.5,1.01,0.589,0.317,0
AST-ELE-636,Elevator,316,117,4.6,1,2.59,59.6,40.4,39.4,1.029,1.3,0.437,0
AST-IT -111,IT Server,733,84,0.4,2,1.22,43.4,12.4,47.7,0.354,0.933,0.016,0
AST-LAB-500,Lab Equipment,673,29,5.4,2,1.43,38.1,11.2,50.7,0.363,0.322,0.241,0
AST-LAB-589,Lab Equipment,311,100,13.4,2,2.17,52.8,13.5,24.9,0.765,1.111,1.293,0
AST-WAT-311,Water Pump,562,223,18.5,3,5.84,98.1,51.2,44.6,3.815,2.478,0.988,1
AST-LAB-937,Lab Equipment,1974,41,42.8,14,2.28,50.0,10.6,34.1,0.759,0.456,0.65,0
AST-MED-701,Medical,861,129,1.5,7,2.45,46.2,10.4,58.5,0.753,1.433,0.052,0
AST-LAB-382,Lab Equipment,856,2,4.9,8,1.74,45.5,8.7,63.7,0.529,0.022,0.172,0
AST-LAB-165,Lab Equipment,1665,155,3.6,15,4.25,58.0,21.1,44.6,1.642,1.722,0.065,0
AST-IT -436,IT Server,2361,226,13.5,12,5.69,85.6,23.7,62.2,3.249,2.511,0.172,1
AST-LAB-689,Lab Equipment,190,189,6.6,1,3.85,67.4,19.2,49.9,1.733,2.1,1.042,1
AST-ELE-567,Elevator,1450,180,234.2,10,6.24,83.3,30.5,25.0,3.467,2.0,4.846,1
AST-WAT-404,Water Pump,1631,157,20.9,7,4.88,79.2,32.6,63.0,2.575,1.744,0.384,0
AST-WAT-279,Water Pump,1730,64,60.8,12,6.49,55.2,22.5,25.1,2.388,0.711,1.054,1
AST-IT -850,IT Server,1799,118,24.7,10,2.39,55.4,16.1,62.8,0.883,1.311,0.412,0
AST-ELE-287,Elevator,2359,25,6.7,19,1.81,59.7,31.1,48.2,0.722,0.278,0.085,0
AST-HVA-345,HVAC,676,71,8.3,2,2.0,44.6,24.2,31.3,0.594,0.789,0.368,0
AST-IT -398,IT Server,303,179,17.6,3,3.77,61.7,21.5,45.1,1.553,1.989,1.743,0
AST-GEN-605,Generator,1714,196,37.8,11,7.81,95.5,60.2,45.9,4.973,2.178,0.662,1
AST-MED-178,Medical,460,130,0.0,0,3.18,47.9,10.7,30.2,1.015,1.444,0.0,0
AST-MED-519,Medical,1877,43,89.1,10,2.31,53.4,7.1,42.5,0.821,0.478,1.424,0
AST-IT -145,IT Server,1923,7,102.7,9,2.61,59.0,16.4,31.3,1.026,0.078,1.602,1
AST-ELE-791,Elevator,1921,98,55.3,8,3.66,58.9,33.3,56.3,1.436,1.089,0.864,0
AST-LAB-976,Lab Equipment,826,102,47.9,8,2.29,56.7,13.3,37.8,0.865,1.133,1.74,0
AST-MED-217,Medical,589,84,5.8,2,1.39,45.1,8.0,46.8,0.418,0.933,0.295,0
AST-LAB-596,Lab Equipment,1919,18,24.9,8,2.47,49.9,10.9,50.5,0.821,0.2,0.389,0
AST-ELE-348,Elevator,1822,36,84.8,10,4.03,75.2,29.4,51.2,2.019,0.4,1.396,0
AST-MED-961,Medical,690,44,23.1,3,1.26,43.7,7.8,52.7,0.367,0.489,1.004,0
AST-IT -202,IT Server,755,76,34.8,5,1.24,49.4,15.1,48.2,0.407,0.844,1.383,0
AST-ELE-500,Elevator,719,20,13.1,7,1.08,44.4,25.4,65.2,0.32,0.222,0.547,0
AST-HVA-793,HVAC,1149,40,79.4,6,2.95,68.1,22.8,67.9,1.342,0.444,2.073,0
AST-GEN-321,Generator,171,229,0.0,0,5.02,106.8,62.7,46.8,3.576,2.544,0.0,1
AST-GEN-552,Generator,225,215,7.7,2,4.7,84.7,56.1,38.7,2.653,2.389,1.027,0
AST-IT -756,IT Server,451,100,6.8,2,1.31,48.5,18.3,51.4,0.425,1.111,0.452,0
AST-LAB-153,Lab Equipment,2480,2,15.3,17,2.67,51.6,13.7,52.1,0.92,0.022,0.185,0
AST-LAB-885,Lab Equipment,856,238,10.5,4,7.22,79.0,22.2,40.8,3.801,2.644,0.368,1
AST-GEN-304,Generator,404,5,4.0,1,1.72,71.4,62.7,58.0,0.82,0.056,0.297,0
AST-HVA-445,HVAC,817,175,127.9,5,6.29,83.5,28.2,43.5,3.502,1.944,4.696,1
AST-GEN-198,Generator,717,186,14.9,3,5.18,87.5,60.8,41.6,3.024,2.067,0.623,1
AST-LAB-624,Lab Equipment,471,209,0.1,1,5.05,68.9,23.5,65.7,2.316,2.322,0.006,1
AST-IT -741,IT Server,806,160,6.2,2,3.64,73.0,22.3,60.3,1.773,1.778,0.231,0
AST-IT -504,IT Server,1782,31,7.3,9,1.55,46.4,20.4,48.5,0.479,0.344,0.123,0
AST-HVA-465,HVAC,1354,45,33.5,7,2.56,43.5,16.9,54.2,0.743,0.5,0.742,0
AST-ELE-423,Elevator,79,100,0.0,0,1.82,47.8,32.1,43.2,0.58,1.111,0.0,0
AST-GEN-167,Generator,1170,167,4.2,4,5.29,86.3,54.0,48.6,3.042,1.856,0.108,1
AST-HVA-168,HVAC,925,106,1.0,3,2.51,43.6,28.4,36.9,0.732,1.178,0.032,0
AST-IT -611,IT Server,447,183,17.8,3,4.2,65.1,26.3,38.2,1.824,2.033,1.195,0
AST-WAT-682,Water Pump,732,65,5.3,3,2.77,81.4,45.1,46.1,1.505,0.722,0.217,0
AST-IT -432,IT Server,1621,174,3.6,12,4.18,59.9,22.5,57.8,1.669,1.933,0.067,0
AST-WAT-810,Water Pump,574,86,11.1,2,2.69,64.0,28.3,35.6,1.145,0.956,0.58,0
AST-WAT-804,Water Pump,1332,218,26.5,5,6.97,95.8,43.6,52.7,4.451,2.422,0.597,1
AST-HVA-443,HVAC,102,156,0.0,0,3.39,79.2,25.4,30.0,1.788,1.733,0.0,0
AST-LAB-491,Lab Equipment,2123,164,7.2,11,4.35,52.7,19.9,67.3,1.529,1.822,0.102,0
AST-IT -701,IT Server,84,60,2.9,2,1.33,42.6,16.4,78.7,0.376,0.667,1.036,0
AST-WAT-227,Water Pump,1295,61,0.7,2,1.29,53.0,34.7,76.1,0.454,0.678,0.016,0
AST-WAT-349,Water Pump,355,16,36.6,2,2.99,46.7,39.6,44.4,0.931,0.178,3.093,0
AST-LAB-403,Lab Equipment,857,39,9.8,6,1.88,41.7,9.4,34.7,0.523,0.433,0.343,0
AST-ELE-138,Elevator,1005,237,18.2,13,5.89,86.4,44.1,50.0,3.391,2.633,0.543,1
AST-LAB-856,Lab Equipment,1376,35,41.9,8,1.96,59.2,14.2,32.3,0.773,0.389,0.914,0
AST-ELE-905,Elevator,192,134,0.0,0,1.78,64.7,35.4,43.8,0.766,1.489,0.0,0
AST-LAB-763,Lab Equipment,1211,193,66.1,10,5.67,69.7,22.2,46.1,2.634,2.144,1.637,1
AST-WAT-850,Water Pump,1386,88,5.1,4,4.65,79.1,35.7,50.8,2.453,0.978,0.11,1
AST-IT -155,IT Server,1047,206,53.3,7,5.34,79.0,28.5,34.2,2.812,2.289,1.527,1
AST-ELE-327,Elevator,1592,134,21.9,17,3.43,79.9,31.6,49.6,1.827,1.489,0.413,1
AST-LAB-744,Lab Equipment,54,17,7.7,2,0.83,44.7,11.5,50.2,0.247,0.189,4.278,0
AST-HVA-297,HVAC,243,163,6.7,1,3.34,78.2,26.0,52.4,1.744,1.811,0.827,0
AST-GEN-228,Generator,405,45,0.0,0,1.69,78.4,49.6,49.8,0.884,0.5,0.0,0
AST-WAT-914,Water Pump,867,61,7.8,10,3.31,59.5,43.0,50.2,1.315,0.678,0.27,0
AST-LAB-842,Lab Equipment,1943,80,35.6,12,2.11,42.6,11.6,45.9,0.6,0.889,0.55,0
AST-GEN-350,Generator,1766,46,65.7,12,1.9,78.6,48.6,31.1,0.998,0.511,1.116,0
AST-MED-392,Medical,2391,115,75.4,15,3.25,52.6,8.3,61.7,1.14,1.278,0.946,0
AST-GEN-378,Generator,2000,21,62.7,10,3.86,76.4,53.7,40.5,1.967,0.233,0.941,0
AST-MED-507,Medical,1577,43,8.7,6,1.96,44.8,7.2,30.9,0.586,0.478,0.166,0
AST-LAB-617,Lab Equipment,1805,195,17.1,7,5.45,77.5,22.4,48.9,2.814,2.167,0.284,1
AST-WAT-593,Water Pump,111,196,0.0,0,5.94,71.3,40.2,62.9,2.825,2.178,0.0,1
AST-WAT-185,Water Pump,1259,153,12.6,7,4.82,66.9,31.8,20.0,2.149,1.7,0.3,0
AST-IT -844,IT Server,749,66,1.1,3,1.03,46.0,13.2,58.7,0.316,0.733,0.044,0
AST-MED-564,Medical,1190,97,81.6,12,2.28,45.1,9.9,35.9,0.686,1.078,2.057,0
AST-LAB-173,Lab Equipment,1394,35,10.5,7,2.64,43.5,14.2,44.4,0.765,0.389,0.226,0
AST-GEN-258,Generator,806,2,3.1,9,2.79,76.3,43.1,62.1,1.419,0.022,0.115,0
AST-IT -847,IT Server,1562,126,31.7,11,2.57,68.6,23.0,52.5,1.178,1.4,0.609,0
AST-LAB-504,Lab Equipment,1558,99,25.7,8,2.13,54.8,10.4,55.6,0.776,1.1,0.495,0
AST-ELE-702,Elevator,321,105,67.7,5,3.11,60.6,23.5,70.2,1.257,1.167,6.327,0
AST-HVA-494,HVAC,2346,42,23.6,12,2.32,52.7,24.7,30.6,0.814,0.467,0.302,0
AST-LAB-361,Lab Equipment,1457,131,239.4,8,4.48,67.7,17.7,24.5,2.022,1.456,4.929,1
AST-ELE-805,Elevator,1538,179,23.0,7,6.41,74.7,41.8,54.4,3.193,1.989,0.449,1
AST-LAB-534,Lab Equipment,1040,63,82.4,7,2.34,49.5,12.5,43.0,0.77,0.7,2.377,0
AST-WAT-470,Water Pump,145,179,0.0,0,3.11,85.0,48.0,42.7,1.765,1.989,0.0,0
AST-GEN-367,Generator,1895,175,127.3,10,5.92,96.7,66.6,55.1,3.814,1.944,2.015,1
AST-GEN-716,Generator,2398,170,66.5,10,5.21,109.4,39.9,58.5,3.8,1.889,0.832,1
AST-HVA-219,HVAC,408,165,0.3,1,4.01,77.1,31.9,30.5,2.059,1.833,0.022,0
AST-LAB-507,Lab Equipment,2430,231,19.7,16,6.5,79.1,26.0,44.5,3.426,2.567,0.243,1
AST-GEN-997,Generator,1762,43,47.7,8,3.59,63.9,39.4,47.1,1.532,0.478,0.812,0
AST-MED-808,Medical,1267,129,19.9,11,2.89,50.6,9.3,54.1,0.974,1.433,0.471,0
AST-ELE-491,Elevator,2430,79,181.9,19,2.59,65.1,30.9,67.3,1.124,0.878,2.246,1
AST-WAT-997,Water Pump,394,28,2.3,1,1.51,49.8,23.2,50.3,0.501,0.311,0.175,0
AST-WAT-916,Water Pump,1440,209,4.8,7,6.28,84.3,43.6,40.7,3.525,2.322,0.1,1
AST-ELE-314,Elevator,1660,179,10.7,11,4.92,82.0,41.8,68.6,2.689,1.989,0.193,1
AST-GEN-935,Generator,2044,1,80.2,9,3.74,84.6,49.8,59.5,2.11,0.011,1.177,1
AST-WAT-813,Water Pump,1741,135,4.9,6,5.87,68.8,36.6,64.9,2.693,1.5,0.084,1
AST-MED-850,Medical,1795,44,33.1,10,2.08,44.2,7.7,45.6,0.612,0.489,0.553,0
AST-GEN-820,Generator,580,51,57.5,5,1.15,64.1,44.1,51.1,0.491,0.567,2.974,0
AST-IT -212,IT Server,1875,146,10.9,10,3.11,58.9,18.4,60.8,1.223,1.622,0.174,0
AST-GEN-305,Generator,271,192,7.8,2,4.84,62.3,50.2,50.5,2.012,2.133,0.863,1
AST-WAT-296,Water Pump,1092,231,36.4,5,7.28,94.1,40.4,44.2,4.567,2.567,1.0,1
AST-LAB-741,Lab Equipment,477,223,12.8,2,5.96,68.7,24.1,50.0,2.731,2.478,0.805,1
AST-HVA-400,HVAC,381,97,14.2,2,3.66,60.9,25.3,61.1,1.486,1.078,1.118,0
AST-HVA-450,HVAC,151,150,0.0,0,2.25,69.2,34.5,59.1,1.036,1.667,0.0,0
AST-LAB-788,Lab Equipment,442,3,2.5,1,1.18,41.8,11.5,46.5,0.328,0.033,0.17,0
AST-WAT-107,Water Pump,2415,203,16.6,12,5.13,80.9,38.6,42.7,2.769,2.256,0.206,0
AST-HVA-316,HVAC,2169,203,7.7,7,6.07,77.2,39.0,49.1,3.127,2.256,0.107,1
AST-IT -632,IT Server,1118,239,28.8,5,6.23,69.6,25.4,51.6,2.889,2.656,0.773,1
AST-WAT-445,Water Pump,1789,87,122.1,12,2.65,79.8,38.1,47.4,1.408,0.967,2.048,1
AST-MED-422,Medical,1011,93,5.5,4,1.49,42.1,9.3,53.7,0.419,1.033,0.163,0
AST-LAB-725,Lab Equipment,264,92,0.0,0,2.14,38.0,14.8,38.6,0.542,1.022,0.0,0
AST-WAT-202,Water Pump,42,117,0.0,0,2.87,66.4,39.9,45.3,1.269,1.3,0.0,0
AST-LAB-842,Lab Equipment,598,7,19.5,3,1.17,38.1,10.4,63.3,0.298,0.078,0.978,0
AST-WAT-643,Water Pump,1174,180,48.5,9,6.24,87.3,37.9,59.5,3.633,2.0,1.239,1
AST-GEN-477,Generator,1881,159,24.1,8,4.46,91.2,52.8,69.0,2.715,1.767,0.384,1
AST-WAT-586,Water Pump,2139,106,64.5,9,2.82,72.0,29.4,62.6,1.354,1.178,0.905,0
AST-HVA-753,HVAC,1349,5,51.2,6,3.79,55.4,25.0,44.4,1.399,0.056,1.139,0
AST-WAT-146,Water Pump,1363,174,129.2,6,5.6,80.3,53.1,38.0,2.996,1.933,2.844,1
AST-IT -596,IT Server,1669,190,111.0,8,5.44,73.6,22.6,45.8,2.669,2.111,1.995,1
AST-HVA-456,HVAC,1782,239,58.7,16,6.64,96.8,31.9,45.5,4.286,2.656,0.988,1
AST-LAB-774,Lab Equipment,441,188,24.5,3,5.01,62.8,18.1,34.3,2.097,2.089,1.667,0
AST-IT -299,IT Server,616,223,6.1,1,5.17,72.0,26.1,68.4,2.484,2.478,0.297,1
AST-IT -903,IT Server,2096,9,8.2,8,1.71,42.8,17.2,78.1,0.487,0.1,0.117,0
AST-WAT-189,Water Pump,1264,214,19.6,7,7.94,70.1,37.8,46.1,3.712,2.378,0.465,1
AST-IT -995,IT Server,1942,44,47.4,12,2.09,44.2,12.1,51.8,0.615,0.489,0.732,0
AST-HVA-593,HVAC,2244,62,267.5,11,3.95,70.3,23.1,56.3,1.852,0.689,3.576,1
AST-GEN-871,Generator,396,28,3.7,1,2.77,82.1,41.6,37.8,1.515,0.311,0.28,0
AST-ELE-129,Elevator,686,238,34.7,3,7.49,91.9,39.5,61.5,4.587,2.644,1.517,1
AST-LAB-884,Lab Equipment,1178,57,24.3,3,2.1,45.5,14.3,46.1,0.638,0.633,0.619,0
AST-ELE-587,Elevator,534,171,74.5,2,5.85,78.0,37.4,57.4,3.044,1.9,4.185,1
AST-IT -748,IT Server,2045,24,12.8,10,1.47,56.2,12.7,28.0,0.552,0.267,0.188,0
AST-MED-992,Medical,946,239,9.5,7,5.26,69.8,22.1,44.7,2.447,2.656,0.301,1
AST-IT -166,IT Server,1435,97,0.8,2,1.78,47.5,16.0,36.4,0.562,1.078,0.017,0
AST-ELE-853,Elevator,1593,168,4.6,8,4.64,63.3,38.0,46.7,1.96,1.867,0.087,0
AST-IT -976,IT Server,1819,207,19.7,9,5.07,70.0,22.6,68.7,2.368,2.3,0.325,1
AST-MED-218,Medical,1221,23,17.0,5,1.25,42.9,7.0,41.4,0.358,0.256,0.418,0
AST-MED-858,Medical,2455,240,162.2,7,7.37,73.5,22.0,65.9,3.607,2.667,1.982,1
AST-HVA-686,HVAC,1536,33,99.7,14,3.16,66.9,23.0,56.7,1.408,0.367,1.947,0
AST-LAB-690,Lab Equipment,36,80,0.0,0,1.52,44.7,11.3,41.6,0.454,0.889,0.0,0
AST-IT -294,IT Server,1619,109,0.5,14,2.11,42.9,18.5,56.5,0.603,1.211,0.009,0
AST-MED-916,Medical,547,134,1.1,3,2.55,43.8,10.8,38.9,0.745,1.489,0.06,0
AST-IT -327,IT Server,466,102,3.3,3,1.46,45.1,14.6,63.3,0.44,1.133,0.212,1
AST-WAT-571,Water Pump,1324,38,26.8,8,3.77,56.8,30.1,57.9,1.425,0.422,0.607,0
AST-MED-957,Medical,926,128,4.7,2,2.7,47.9,9.5,44.2,0.863,1.422,0.152,0
AST-GEN-715,Generator,1190,38,142.9,4,5.92,91.2,54.3,37.6,3.598,0.422,3.603,1
AST-WAT-920,Water Pump,170,154,1.8,1,4.21,74.4,28.0,40.1,2.086,1.711,0.318,0
AST-IT -805,IT Server,535,71,1.3,1,0.91,56.1,16.6,61.5,0.342,0.789,0.073,0
AST-ELE-687,Elevator,1989,162,57.0,7,6.21,88.6,30.1,61.3,3.665,1.8,0.86,1
AST-LAB-398,Lab Equipment,1572,16,60.5,14,2.24,57.7,10.7,75.4,0.862,0.178,1.155,0
AST-MED-256,Medical,892,218,0.5,6,5.03,69.7,17.0,35.6,2.335,2.422,0.017,0
AST-WAT-330,Water Pump,245,237,19.6,3,6.21,97.3,49.7,66.2,4.025,2.633,2.4,1
AST-GEN-977,Generator,2026,187,264.3,12,7.52,87.6,51.6,38.9,4.395,2.078,3.914,1
AST-WAT-775,Water Pump,682,6,6.2,2,2.76,57.8,32.3,52.5,1.063,0.067,0.273,0
AST-MED-532,Medical,1969,90,180.3,8,2.99,45.0,9.7,43.8,0.898,1.0,2.747,0
AST-LAB-173,Lab Equipment,2192,187,110.2,17,5.28,76.0,20.6,29.2,2.672,2.078,1.508,1
AST-ELE-299,Elevator,2274,101,15.1,6,3.12,56.2,35.4,41.6,1.167,1.122,0.199,0
AST-MED-870,Medical,2407,222,24.9,21,5.98,73.6,15.9,39.9,2.937,2.467,0.31,1
AST-WAT-826,Water Pump,1275,118,55.1,10,3.46,71.3,32.6,74.3,1.645,1.311,1.296,0
AST-IT -240,IT Server,1839,179,1.3,9,4.03,64.5,20.6,54.1,1.733,1.989,0.021,0
AST-GEN-314,Generator,923,206,32.5,9,5.35,87.2,53.1,62.9,3.113,2.289,1.056,1
AST-ELE-766,Elevator,67,93,0.0,0,1.62,51.1,17.6,56.8,0.553,1.033,0.0,0
AST-IT -204,IT Server,634,97,4.4,1,1.41,49.9,16.8,33.0,0.47,1.078,0.208,0
AST-LAB-795,Lab Equipment,719,238,6.0,5,6.57,83.5,27.2,34.1,3.657,2.644,0.25,1
AST-MED-585,Medical,765,14,8.1,3,1.17,32.6,10.0,50.3,0.255,0.156,0.318,0
AST-IT -765,IT Server,1416,152,28.6,8,3.38,59.6,23.6,44.6,1.341,1.689,0.606,0
AST-GEN-742,Generator,1684,63,10.5,9,4.07,67.9,37.6,57.8,1.842,0.7,0.187,1
AST-GEN-506,Generator,2031,78,54.8,9,2.07,97.9,44.4,20.0,1.35,0.867,0.809,0
AST-GEN-768,Generator,1567,199,30.2,10,5.96,106.9,49.8,60.2,4.25,2.211,0.578,1
AST-WAT-786,Water Pump,397,200,5.7,1,5.7,91.2,42.6,49.1,3.462,2.222,0.431,1
AST-WAT-765,Water Pump,1595,71,62.9,5,4.59,69.0,43.8,56.4,2.113,0.789,1.183,0
AST-LAB-476,Lab Equipment,77,31,4.8,2,1.28,41.6,11.8,57.6,0.354,0.344,1.87,0
AST-HVA-600,HVAC,2117,58,32.3,13,2.95,51.1,21.4,49.9,1.006,0.644,0.458,1
AST-IT -686,IT Server,1994,71,8.3,8,1.78,48.1,12.0,67.2,0.571,0.789,0.125,0
AST-HVA-913,HVAC,2458,47,29.5,19,3.22,60.7,27.8,49.7,1.3,0.522,0.36,0
AST-ELE-819,Elevator,1806,77,65.3,12,3.47,68.6,24.0,46.4,1.589,0.856,1.085,0
AST-HVA-433,HVAC,290,183,16.7,4,3.95,73.5,33.8,33.7,1.939,2.033,1.728,0
AST-WAT-650,Water Pump,787,104,13.3,2,3.58,58.5,34.2,50.8,1.394,1.156,0.507,0
AST-HVA-503,HVAC,2307,210,3.0,18,6.78,92.4,34.7,52.0,4.178,2.333,0.039,1
AST-WAT-642,Water Pump,2031,17,46.6,16,3.44,61.1,35.7,58.1,1.401,0.189,0.688,0
AST-IT -651,IT Server,538,193,2.9,1,4.41,61.9,24.5,52.7,1.819,2.144,0.162,0
AST-ELE-220,Elevator,770,221,56.5,6,6.46,86.6,39.6,44.9,3.728,2.456,2.201,1
AST-GEN-105,Generator,2302,115,87.5,11,4.25,73.0,53.4,53.7,2.071,1.278,1.14,1
AST-HVA-140,HVAC,557,148,0.9,5,3.87,67.4,30.5,41.0,1.739,1.644,0.048,0
AST-GEN-189,Generator,2333,66,12.2,12,2.63,71.2,42.2,58.9,1.249,0.733,0.157,0
AST-HVA-186,HVAC,540,130,5.3,4,3.75,68.0,16.5,46.7,1.701,1.444,0.294,0
AST-IT -275,IT Server,1762,169,59.0,13,4.23,69.5,25.7,50.1,1.96,1.878,1.005,1
AST-MED-147,Medical,2157,232,19.2,13,5.81,70.5,20.3,58.3,2.731,2.578,0.267,1
AST-ELE-646,Elevator,1852,36,47.8,8,3.35,63.4,28.6,54.7,1.417,0.4,0.774,0
AST-ELE-420,Elevator,2170,234,66.6,12,7.42,89.7,41.6,54.6,4.438,2.6,0.921,1
AST-MED-720,Medical,2234,131,66.9,10,3.24,55.2,11.8,58.6,1.192,1.456,0.898,1
AST-HVA-778,HVAC,213,61,0.0,0,2.17,54.7,23.1,36.8,0.792,0.678,0.0,0
AST-GEN-406,Generator,911,35,0.3,6,2.51,68.9,39.6,47.2,1.153,0.389,0.01,0
AST-GEN-705,Generator,1500,72,111.1,10,2.48,76.2,47.4,39.9,1.258,0.8,2.222,1
AST-IT -532,IT Server,334,141,3.3,1,2.34,49.2,23.6,42.5,0.767,1.567,0.296,0
AST-LAB-765,Lab Equipment,698,103,24.3,6,2.87,43.3,12.1,41.2,0.829,1.144,1.044,0
AST-MED-792,Medical,1772,178,64.2,17,4.91,70.8,15.0,67.8,2.317,1.978,1.087,1
AST-GEN-172,Generator,1133,163,40.1,6,6.31,76.1,55.9,59.1,3.204,1.811,1.062,1
AST-GEN-831,Generator,1554,145,39.9,8,3.68,95.3,52.8,52.2,2.34,1.611,0.77,1
AST-WAT-623,Water Pump,701,108,16.5,5,3.86,82.6,28.6,52.0,2.127,1.2,0.706,0
AST-MED-906,Medical,1806,98,14.0,8,1.73,43.9,9.4,55.9,0.505,1.089,0.233,0
AST-IT -353,IT Server,347,70,15.7,4,1.19,43.4,12.0,54.4,0.345,0.778,1.357,0
AST-HVA-800,HVAC,2276,105,157.5,16,4.15,67.9,22.8,46.9,1.879,1.167,2.076,1
AST-ELE-191,Elevator,1516,233,5.3,7,7.87,78.2,37.8,66.1,4.103,2.589,0.105,1
AST-MED-249,Medical,954,71,76.0,5,2.06,47.9,8.0,40.4,0.658,0.789,2.39,1
AST-LAB-327,Lab Equipment,1580,27,0.0,11,1.98,47.6,11.2,52.6,0.627,0.3,0.0,0
AST-HVA-279,HVAC,2186,187,38.5,13,5.98,69.5,35.7,63.9,2.77,2.078,0.528,1
AST-IT -941,IT Server,2035,25,71.9,12,2.16,51.5,14.6,50.5,0.74,0.278,1.06,0
AST-ELE-685,Elevator,1185,142,47.7,8,3.55,67.0,29.4,56.3,1.585,1.578,1.208,0
AST-HVA-149,HVAC,729,82,12.0,4,2.26,55.7,28.3,61.0,0.84,0.911,0.494,0
AST-LAB-285,Lab Equipment,1443,207,38.3,9,5.5,66.2,20.7,40.7,2.43,2.3,0.796,1
AST-WAT-644,Water Pump,2289,153,22.0,3,5.9,81.3,42.7,49.0,3.199,1.7,0.288,1
AST-LAB-588,Lab Equipment,2456,33,7.8,9,1.86,50.9,12.7,37.4,0.633,0.367,0.095,0
AST-ELE-625,Elevator,666,169,0.7,1,3.59,74.2,37.4,43.0,1.774,1.878,0.032,1
AST-LAB-681,Lab Equipment,1125,14,16.8,7,1.72,46.9,14.2,41.6,0.537,0.156,0.448,0
AST-ELE-479,Elevator,1050,174,18.4,9,5.12,72.5,34.1,50.8,2.475,1.933,0.526,0
AST-ELE-568,Elevator,779,113,35.1,3,2.75,73.0,28.9,25.4,1.341,1.256,1.352,0
AST-WAT-579,Water Pump,2087,74,10.2,16,2.89,67.1,26.7,50.3,1.294,0.822,0.147,0
AST-LAB-633,Lab Equipment,967,79,65.6,9,2.15,54.2,10.4,62.4,0.778,0.878,2.035,0
AST-HVA-412,HVAC,1695,198,23.7,8,5.35,80.9,21.5,43.3,2.889,2.2,0.419,1
AST-HVA-749,HVAC,355,20,20.5,1,1.55,49.4,28.6,55.1,0.51,0.222,1.732,0
AST-HVA-269,HVAC,2386,15,42.4,14,3.01,58.5,18.5,21.4,1.175,0.167,0.533,0
AST-MED-667,Medical,2048,207,74.9,10,6.21,62.6,16.5,33.7,2.591,2.3,1.097,1
AST-LAB-793,Lab Equipment,2113,239,100.1,13,7.95,84.9,23.6,20.0,4.498,2.656,1.421,1
AST-LAB-609,Lab Equipment,2139,176,38.0,13,4.78,66.7,22.8,34.5,2.126,1.956,0.533,0
AST-IT -814,IT Server,540,104,6.6,4,1.46,51.2,17.3,57.1,0.5,1.156,0.367,0
AST-GEN-951,Generator,59,183,8.7,2,3.61,82.7,51.8,65.0,1.993,2.033,4.424,0
AST-IT -867,IT Server,1443,63,38.8,8,1.69,54.9,12.4,46.3,0.619,0.7,0.807,0
AST-ELE-943,Elevator,2193,176,15.9,10,7.27,72.0,37.9,51.8,3.489,1.956,0.218,1
AST-IT -559,IT Server,720,173,78.2,5,4.6,76.2,16.8,42.8,2.338,1.922,3.258,0
AST-WAT-636,Water Pump,951,45,94.6,5,4.36,69.4,41.9,61.0,2.02,0.5,2.984,1
AST-WAT-236,Water Pump,2134,91,26.0,5,4.48,61.1,37.0,51.4,1.824,1.011,0.366,0
AST-LAB-607,Lab Equipment,1582,44,50.3,12,2.6,54.5,11.9,51.0,0.944,0.489,0.954,0
AST-HVA-446,HVAC,1053,213,36.4,4,6.21,75.9,33.7,47.2,3.146,2.367,1.037,1
AST-WAT-978,Water Pump,512,75,52.9,3,3.4,52.9,38.4,43.5,1.2,0.833,3.1,0
AST-MED-371,Medical,902,1,29.3,4,1.57,42.0,8.9,52.3,0.441,0.011,0.975,0
AST-IT -503,IT Server,920,237,0.4,3,5.88,75.2,27.9,46.4,2.948,2.633,0.013,1
AST-ELE-627,Elevator,175,240,4.4,1,8.25,85.6,38.8,49.3,4.708,2.667,0.754,1
AST-IT -968,IT Server,2029,15,21.0,7,1.69,54.3,11.3,49.7,0.612,0.167,0.31,0
AST-IT -571,IT Server,1375,77,0.0,0,1.37,41.8,18.2,45.4,0.382,0.856,0.0,0
AST-HVA-458,HVAC,792,103,3.2,2,1.4,63.5,19.9,47.2,0.591,1.144,0.121,0
AST-HVA-541,HVAC,2045,51,38.0,14,3.0,50.6,19.7,62.6,1.011,0.567,0.557,0
AST-IT -257,IT Server,1712,32,8.8,4,1.47,46.6,16.7,48.0,0.455,0.356,0.154,0
AST-HVA-259,HVAC,1054,58,87.7,5,3.1,55.3,26.2,52.5,1.144,0.644,2.496,0
AST-MED-406,Medical,1522,110,213.4,11,3.52,57.7,8.2,63.2,1.356,1.222,4.206,1
AST-IT -931,IT Server,1133,28,71.2,7,1.96,48.0,13.8,45.1,0.629,0.311,1.885,0
AST-ELE-959,Elevator,1829,42,47.8,12,3.22,71.3,27.8,33.5,1.532,0.467,0.784,0
AST-ELE-544,Elevator,53,92,7.7,1,1.42,52.5,29.1,30.0,0.496,1.022,4.358,0
AST-ELE-303,Elevator,483,49,33.3,4,2.6,55.1,23.7,45.9,0.954,0.544,2.068,0
AST-GEN-504,Generator,1754,191,31.1,10,5.92,88.1,50.9,62.7,3.479,2.122,0.532,1
AST-HVA-264,HVAC,845,123,35.0,5,2.79,77.3,23.4,31.7,1.44,1.367,1.243,0
AST-MED-221,Medical,1754,126,12.8,11,3.09,49.7,9.1,54.6,1.022,1.4,0.219,0
AST-WAT-798,Water Pump,551,84,0.0,0,2.07,59.8,34.4,78.7,0.826,0.933,0.0,0
AST-WAT-509,Water Pump,2085,186,136.6,15,5.11,93.1,30.6,55.4,3.17,2.067,1.965,1
AST-WAT-945,Water Pump,1622,34,61.1,9,3.34,62.4,34.1,56.6,1.39,0.378,1.13,0
AST-HVA-911,HVAC,116,33,8.8,2,1.01,64.8,21.0,56.9,0.435,0.367,2.276,0
AST-IT -113,IT Server,998,14,0.7,1,1.4,43.9,12.7,55.6,0.408,0.156,0.021,0
AST-MED-539,Medical,2475,189,73.3,17,5.83,66.8,15.5,46.6,2.596,2.1,0.888,1
AST-LAB-396,Lab Equipment,1185,125,16.4,6,3.01,45.8,12.6,45.7,0.919,1.389,0.415,0
AST-LAB-353,Lab Equipment,654,187,7.3,3,4.97,65.9,24.1,65.4,2.184,2.078,0.335,0
AST-GEN-387,Generator,501,222,9.2,5,6.55,94.3,44.1,37.7,4.116,2.467,0.551,1
AST-ELE-353,Elevator,1787,51,41.7,9,2.64,69.2,22.4,35.3,1.22,0.567,0.7,0
AST-WAT-929,Water Pump,452,180,3.5,1,5.72,74.9,38.6,39.8,2.858,2.0,0.232,0
AST-IT -285,IT Server,802,219,73.9,4,6.1,85.6,21.5,40.4,3.479,2.433,2.764,1
AST-ELE-252,Elevator,969,31,20.1,7,3.74,56.5,27.3,71.6,1.407,0.344,0.622,0
AST-HVA-380,HVAC,817,238,5.1,2,7.67,96.9,37.7,61.9,4.957,2.644,0.187,1
AST-HVA-731,HVAC,847,24,15.1,2,2.38,51.3,13.5,63.4,0.814,0.267,0.535,0
AST-LAB-517,Lab Equipment,2180,79,21.2,14,2.59,49.7,9.5,41.6,0.858,0.878,0.292,0
AST-GEN-327,Generator,1406,110,50.2,7,4.01,61.9,42.6,56.9,1.652,1.222,1.071,0
AST-IT -537,IT Server,241,78,20.5,2,1.24,48.2,13.7,38.9,0.399,0.867,2.552,0
AST-MED-387,Medical,1467,183,13.0,8,4.62,61.5,15.9,39.4,1.896,2.033,0.266,0
AST-MED-148,Medical,774,11,10.1,7,1.28,35.8,9.5,65.9,0.306,0.122,0.391,1
AST-ELE-862,Elevator,1347,55,11.6,6,2.44,61.4,35.2,52.4,0.998,0.611,0.258,0
AST-MED-721,Medical,442,111,0.0,0,1.92,43.8,8.0,32.6,0.561,1.233,0.0,0
AST-LAB-472,Lab Equipment,1399,78,19.5,5,1.95,54.8,11.8,40.9,0.714,0.867,0.418,0
AST-ELE-113,Elevator,2290,198,5.6,15,5.16,78.3,37.5,58.3,2.693,2.2,0.073,0
AST-MED-469,Medical,1510,191,11.5,6,4.52,59.7,17.5,56.3,1.798,2.122,0.228,0
AST-IT -719,IT Server,1552,61,7.8,8,1.6,48.8,13.9,48.6,0.521,0.678,0.151,0
AST-GEN-698,Generator,1603,23,146.2,9,3.7,80.8,40.7,73.7,1.99,0.256,2.736,0
AST-GEN-744,Generator,2495,31,93.6,13,3.5,80.4,53.8,66.9,1.878,0.344,1.125,1
AST-ELE-937,Elevator,810,50,34.5,3,2.64,52.6,22.3,70.3,0.925,0.556,1.278,0
AST-HVA-176,HVAC,2268,159,4.2,10,4.22,64.9,26.5,54.4,1.825,1.767,0.056,0
AST-ELE-585,Elevator,857,137,71.3,5,5.08,72.6,30.0,45.6,2.46,1.522,2.496,0
AST-HVA-230,HVAC,815,108,40.3,4,4.33,59.3,17.7,37.9,1.713,1.2,1.483,0
AST-MED-998,Medical,2325,89,34.9,15,2.23,54.6,9.5,47.0,0.812,0.989,0.45,0
AST-LAB-744,Lab Equipment,510,234,20.6,2,5.64,74.2,22.3,72.5,2.788,2.6,1.212,1
AST-LAB-529,Lab Equipment,2175,239,4.5,13,7.09,78.3,29.1,48.9,3.704,2.656,0.062,1
AST-WAT-122,Water Pump,713,154,14.1,2,4.97,75.5,42.4,55.3,2.5,1.711,0.593,1
AST-GEN-396,Generator,216,145,8.6,1,3.56,74.4,38.7,39.1,1.767,1.611,1.194,1
AST-ELE-294,Elevator,1658,127,61.8,6,5.34,66.6,30.1,48.7,2.37,1.411,1.118,0
AST-WAT-625,Water Pump,337,43,46.0,4,4.02,65.8,28.5,62.0,1.764,0.478,4.095,0
AST-IT -493,IT Server,2333,200,3.5,6,4.88,62.3,27.1,36.6,2.03,2.222,0.045,1
AST-IT -378,IT Server,877,48,35.2,5,1.72,55.5,14.2,76.5,0.636,0.533,1.204,1
AST-IT -323,IT Server,2455,179,305.6,15,5.54,78.2,23.9,71.0,2.892,1.989,3.734,1
AST-WAT-625,Water Pump,1895,129,61.8,6,5.17,83.5,33.2,49.3,2.879,1.433,0.978,1
AST-IT -365,IT Server,1272,219,437.2,9,6.1,82.7,22.4,53.7,3.36,2.433,10.311,1
AST-ELE-374,Elevator,2291,31,33.8,16,2.9,59.8,28.0,39.1,1.158,0.344,0.443,0
AST-HVA-646,HVAC,1005,75,2.6,4,1.29,47.5,24.8,53.6,0.408,0.833,0.078,0
AST-GEN-384,Generator,574,70,5.1,4,2.17,63.9,46.8,50.3,0.924,0.778,0.267,0
AST-HVA-757,HVAC,1049,211,12.1,9,6.37,82.4,33.1,49.3,3.499,2.344,0.346,1
AST-HVA-101,HVAC,1453,162,89.9,9,4.81,82.0,29.2,35.8,2.629,1.8,1.856,1
AST-MED-432,Medical,370,181,28.7,2,3.95,62.8,15.0,50.0,1.655,2.011,2.327,0
AST-MED-839,Medical,577,105,27.0,3,2.2,37.4,8.6,30.5,0.548,1.167,1.404,0
AST-MED-432,Medical,264,161,0.0,0,3.22,52.6,13.9,44.3,1.129,1.789,0.0,0
AST-WAT-464,Water Pump,928,188,94.8,9,6.37,92.6,41.5,48.6,3.936,2.089,3.065,1
AST-GEN-362,Generator,94,138,9.4,1,3.04,73.8,64.3,68.0,1.496,1.533,3.0,0
AST-WAT-896,Water Pump,2419,28,171.9,17,4.96,58.6,29.6,34.7,1.938,0.311,2.132,1
AST-ELE-491,Elevator,1084,223,2.8,4,5.74,89.7,44.6,62.2,3.436,2.478,0.077,1
AST-IT -664,IT Server,874,210,13.7,5,5.14,78.1,24.1,28.5,2.678,2.333,0.47,1
AST-MED-375,Medical,865,149,21.2,9,3.55,52.1,12.6,49.9,1.233,1.656,0.735,0
AST-WAT-870,Water Pump,1649,40,22.2,11,2.72,59.8,27.6,59.6,1.083,0.444,0.404,0
AST-ELE-843,Elevator,1807,95,47.3,10,3.6,59.7,39.1,57.2,1.434,1.056,0.785,1
AST-LAB-195,Lab Equipment,2061,47,154.9,14,3.12,58.3,12.3,69.2,1.211,0.522,2.255,1
AST-WAT-983,Water Pump,751,49,54.0,2,3.74,54.1,36.4,34.4,1.347,0.544,2.157,0
AST-ELE-284,Elevator,1185,6,8.4,6,2.55,50.2,24.2,41.3,0.852,0.067,0.213,0
AST-GEN-937,Generator,1644,176,14.3,9,6.38,79.8,52.8,57.5,3.391,1.956,0.261,1
AST-HVA-246,HVAC,325,110,16.3,1,3.34,66.6,27.5,47.0,1.483,1.222,1.505,0
AST-ELE-512,Elevator,440,186,0.1,3,4.83,76.4,27.1,51.5,2.464,2.067,0.007,0
AST-ELE-868,Elevator,78,155,0.0,0,4.27,60.5,31.8,46.9,1.721,1.722,0.0,0
AST-LAB-121,Lab Equipment,480,212,0.0,0,4.37,58.7,23.1,42.8,1.708,2.356,0.0,1
AST-WAT-759,Water Pump,209,34,0.0,0,2.11,59.0,23.6,45.1,0.829,0.378,0.0,0
AST-HVA-374,HVAC,614,161,23.3,3,4.02,66.4,32.6,50.0,1.782,1.789,1.138,0
AST-WAT-109,Water Pump,465,139,10.8,1,4.43,61.8,35.2,44.8,1.823,1.544,0.697,0
AST-MED-973,Medical,378,52,19.9,3,1.27,42.6,9.1,47.7,0.362,0.578,1.579,0
AST-WAT-676,Water Pump,1849,209,20.6,15,7.97,83.7,43.4,79.1,4.446,2.322,0.334,1
AST-MED-590,Medical,662,63,17.6,4,1.58,33.3,10.2,70.6,0.351,0.7,0.798,0
AST-ELE-373,Elevator,2256,32,74.1,17,3.95,61.3,25.1,46.1,1.615,0.356,0.985,1
AST-HVA-205,HVAC,2260,76,1.6,7,1.6,57.1,18.2,50.7,0.608,0.844,0.021,0
AST-WAT-525,Water Pump,610,1,6.1,2,1.71,53.7,39.1,70.8,0.612,0.011,0.3,0
AST-HVA-332,HVAC,1779,99,176.9,8,3.97,63.6,25.9,45.9,1.684,1.1,2.983,1
AST-ELE-393,Elevator,955,236,29.8,5,6.12,89.1,35.7,48.4,3.64,2.622,0.936,1
AST-LAB-803,Lab Equipment,490,126,4.3,1,2.35,40.5,14.1,38.6,0.635,1.4,0.263,0
AST-HVA-329,HVAC,446,73,0.0,0,2.31,47.7,20.8,24.2,0.735,0.811,0.0,0
AST-IT -441,IT Server,514,93,5.0,3,0.99,50.6,13.6,53.1,0.335,1.033,0.292,0
AST-HVA-144,HVAC,648,46,10.6,3,1.73,45.7,19.0,49.8,0.528,0.511,0.491,0
AST-MED-714,Medical,772,174,9.7,5,4.22,60.9,13.1,53.8,1.714,1.933,0.377,0
AST-ELE-803,Elevator,1265,160,9.6,6,4.31,71.8,38.1,58.3,2.062,1.778,0.228,0
AST-MED-996,Medical,455,70,0.0,0,0.7,44.1,7.5,68.7,0.207,0.778,0.0,0
AST-ELE-477,Elevator,1117,208,185.7,7,7.45,90.8,36.6,41.1,4.508,2.311,4.987,1
AST-WAT-178,Water Pump,38,221,0.0,0,6.34,92.1,41.7,47.5,3.896,2.456,0.0,0
AST-GEN-896,Generator,630,82,0.5,4,1.34,85.3,46.5,57.9,0.764,0.911,0.024,0
AST-LAB-838,Lab Equipment,1989,209,141.4,10,6.73,81.1,19.3,51.9,3.642,2.322,2.133,1
AST-IT -537,IT Server,1170,38,73.5,4,2.32,60.2,7.6,63.9,0.931,0.422,1.885,0
AST-GEN-286,Generator,1607,91,13.3,6,3.1,72.8,48.8,49.2,1.507,1.011,0.248,0
AST-LAB-592,Lab Equipment,1725,155,89.3,7,4.46,63.9,17.6,39.9,1.898,1.722,1.553,0
AST-MED-241,Medical,1037,99,10.8,5,1.26,39.8,9.6,42.9,0.334,1.1,0.312,0
AST-LAB-651,Lab Equipment,2216,127,349.5,16,3.84,67.5,11.8,45.2,1.726,1.411,4.731,1
AST-WAT-335,Water Pump,1605,22,29.6,10,2.46,67.3,29.7,31.1,1.103,0.244,0.553,0
AST-LAB-639,Lab Equipment,2396,199,363.3,18,6.45,72.9,24.3,32.4,3.133,2.211,4.549,1
AST-ELE-324,Elevator,387,61,53.7,5,2.64,65.2,24.8,67.1,1.148,0.678,4.163,0
AST-GEN-971,Generator,100,93,0.0,0,2.17,57.0,45.8,45.5,0.823,1.033,0.0,0
AST-GEN-212,Generator,274,234,3.1,1,6.49,99.7,59.9,49.2,4.315,2.6,0.339,1
AST-WAT-969,Water Pump,600,76,21.6,3,2.56,72.6,31.3,34.4,1.242,0.844,1.08,0
AST-WAT-973,Water Pump,2288,239,6.1,14,7.2,86.9,42.1,67.2,4.168,2.656,0.08,1
AST-GEN-315,Generator,949,15,4.3,6,3.7,64.7,48.1,33.1,1.593,0.167,0.136,0
AST-HVA-812,HVAC,616,97,4.4,1,1.8,57.3,22.5,50.5,0.686,1.078,0.214,0
AST-ELE-534,Elevator,1552,14,14.8,5,2.52,62.4,25.8,40.7,1.046,0.156,0.286,0
AST-ELE-695,Elevator,332,123,2.1,1,4.56,63.7,33.8,61.5,1.936,1.367,0.19,0
AST-WAT-261,Water Pump,153,38,0.0,0,1.19,59.8,32.3,39.7,0.474,0.422,0.0,0
AST-HVA-350,HVAC,345,4,46.2,2,4.07,59.0,21.9,73.3,1.602,0.044,4.017,0
AST-WAT-526,Water Pump,643,196,1.6,4,5.99,79.0,47.6,55.2,3.157,2.178,0.075,1
AST-ELE-243,Elevator,2190,179,11.6,12,4.11,84.9,35.1,85.0,2.326,1.989,0.159,0
AST-LAB-521,Lab Equipment,1411,114,25.3,4,2.84,51.7,13.5,64.1,0.979,1.267,0.538,0
AST-ELE-113,Elevator,1204,29,58.5,6,3.51,58.1,21.4,66.5,1.359,0.322,1.458,0
AST-ELE-132,Elevator,740,129,13.2,1,3.73,73.5,40.2,44.1,1.83,1.433,0.535,0
AST-LAB-952,Lab Equipment,1765,175,108.7,11,5.1,72.7,18.6,41.6,2.472,1.944,1.848,1
AST-LAB-667,Lab Equipment,1086,236,59.0,6,6.81,76.3,24.0,49.4,3.463,2.622,1.63,1
AST-MED-826,Medical,961,109,68.0,7,2.72,45.7,10.3,53.6,0.828,1.211,2.123,0
AST-MED-194,Medical,2166,97,30.7,9,2.01,45.0,8.7,48.7,0.604,1.078,0.425,0
AST-GEN-860,Generator,897,103,57.4,7,4.38,74.6,56.7,52.2,2.175,1.144,1.92,0
AST-GEN-501,Generator,782,211,60.1,4,6.14,104.0,54.6,50.7,4.255,2.344,2.306,1
AST-IT -719,IT Server,346,210,22.7,2,4.83,80.0,23.2,30.1,2.579,2.333,1.968,0
AST-LAB-420,Lab Equipment,1689,212,188.1,10,6.73,72.3,19.6,28.6,3.244,2.356,3.341,1
AST-HVA-922,HVAC,1551,166,6.5,8,5.05,55.3,28.9,41.6,1.864,1.844,0.126,0
AST-MED-211,Medical,457,20,43.0,4,1.28,42.9,8.6,57.0,0.365,0.222,2.823,0
AST-WAT-966,Water Pump,1404,8,5.3,9,2.71,53.6,36.3,42.6,0.966,0.089,0.113,0
AST-GEN-654,Generator,466,17,7.8,3,3.04,75.5,40.9,35.9,1.529,0.189,0.502,0
AST-HVA-874,HVAC,1296,49,4.9,9,1.43,66.3,16.1,56.4,0.632,0.544,0.113,0
AST-ELE-133,Elevator,1014,69,21.8,6,2.09,62.9,28.3,51.1,0.876,0.767,0.645,0
AST-IT -678,IT Server,213,145,2.0,1,2.77,45.0,18.9,43.8,0.829,1.611,0.282,0
AST-LAB-146,Lab Equipment,226,81,0.0,0,1.52,48.0,12.8,46.0,0.485,0.9,0.0,0
AST-MED-108,Medical,1490,193,22.6,15,4.85,60.8,14.3,37.9,1.967,2.144,0.455,1
AST-LAB-612,Lab Equipment,828,81,1.3,9,1.7,45.4,10.5,61.5,0.516,0.9,0.047,0
AST-ELE-464,Elevator,560,180,44.1,3,5.61,67.8,41.4,35.7,2.537,2.0,2.362,0
AST-MED-517,Medical,2092,26,52.3,6,1.93,44.4,10.6,50.6,0.571,0.289,0.75,0
AST-WAT-253,Water Pump,127,151,0.0,0,4.35,80.8,31.5,56.5,2.343,1.678,0.0,0
AST-LAB-700,Lab Equipment,183,75,29.7,2,1.1,41.8,13.5,72.3,0.306,0.833,4.869,0
AST-ELE-574,Elevator,352,227,3.0,1,6.96,76.7,36.2,73.7,3.561,2.522,0.256,1
AST-ELE-337,Elevator,913,207,5.6,3,6.2,68.1,35.6,66.4,2.816,2.3,0.184,0
AST-GEN-887,Generator,689,129,33.9,8,3.49,95.3,31.8,56.9,2.218,1.433,1.476,0
AST-ELE-723,Elevator,2173,239,66.4,8,7.03,105.9,42.6,73.1,4.96,2.656,0.917,1
AST-LAB-904,Lab Equipment,567,87,14.2,2,1.62,43.8,9.1,40.2,0.472,0.967,0.751,0
AST-IT -976,IT Server,1794,11,23.1,12,1.7,46.7,19.9,37.3,0.529,0.122,0.386,0
AST-WAT-799,Water Pump,1617,62,0.5,10,3.3,74.1,19.2,43.6,1.633,0.689,0.009,0
AST-IT -721,IT Server,337,40,0.7,1,1.21,39.6,13.7,80.6,0.32,0.444,0.062,0
AST-LAB-199,Lab Equipment,91,37,0.0,0,1.08,40.7,12.4,60.4,0.294,0.411,0.0,0
AST-MED-660,Medical,387,128,53.0,4,2.65,48.7,11.5,44.5,0.861,1.422,4.109,0
AST-MED-273,Medical,1240,42,2.1,12,2.0,46.7,7.9,60.8,0.622,0.467,0.051,0
AST-IT -472,IT Server,1477,23,18.0,2,1.46,49.0,16.1,32.6,0.478,0.256,0.366,0
AST-ELE-890,Elevator,1917,67,14.8,19,3.44,68.0,31.1,43.0,1.56,0.744,0.232,0
AST-MED-881,Medical,1840,167,17.4,7,4.17,52.9,14.3,73.8,1.472,1.856,0.284,0
AST-HVA-682,HVAC,2029,11,2.2,13,2.38,50.8,18.2,56.0,0.805,0.122,0.033,0
AST-MED-510,Medical,1705,220,111.2,9,6.3,81.0,20.8,43.7,3.402,2.444,1.957,1
AST-ELE-232,Elevator,1835,94,44.5,7,4.71,68.2,22.5,52.6,2.141,1.044,0.728,0
AST-IT -421,IT Server,1560,22,53.0,9,2.1,45.2,15.6,53.8,0.633,0.244,1.019,0
AST-IT -560,IT Server,1106,225,29.5,3,5.34,75.6,23.2,46.7,2.691,2.5,0.8,0
AST-ELE-143,Elevator,263,190,2.6,1,5.17,80.3,38.3,57.4,2.769,2.111,0.297,0
AST-ELE-940,Elevator,2327,3,0.2,14,1.6,67.7,27.4,37.9,0.722,0.033,0.003,0
AST-HVA-397,HVAC,1569,41,37.5,10,3.07,57.1,21.1,46.8,1.17,0.456,0.717,0
AST-WAT-174,Water Pump,943,100,85.3,10,3.16,67.3,38.8,32.0,1.419,1.111,2.714,0
AST-ELE-195,Elevator,1459,120,24.5,3,3.19,63.4,34.0,55.8,1.347,1.333,0.504,0
AST-IT -937,IT Server,1934,28,284.6,17,2.5,53.6,16.0,61.3,0.894,0.311,4.415,1
AST-ELE-210,Elevator,1655,197,71.9,16,6.42,82.5,38.6,47.7,3.535,2.189,1.303,1
AST-LAB-436,Lab Equipment,294,82,0.0,0,1.68,50.9,10.5,33.2,0.57,0.911,0.0,0
AST-IT -597,IT Server,900,180,15.0,4,4.29,67.4,21.5,34.1,1.931,2.0,0.5,0
AST-HVA-385,HVAC,1891,10,33.4,6,2.75,64.9,21.7,37.5,1.191,0.111,0.53,0
AST-LAB-249,Lab Equipment,904,82,14.6,6,1.44,40.1,13.8,63.8,0.386,0.911,0.485,0
AST-IT -892,IT Server,1587,16,2.6,7,1.51,47.9,13.7,48.8,0.483,0.178,0.049,0
AST-MED-908,Medical,1791,122,3.4,6,2.1,44.0,12.6,53.0,0.616,1.356,0.057,0
AST-GEN-988,Generator,123,195,0.0,0,5.35,85.6,57.3,51.2,3.05,2.167,0.0,0
AST-MED-358,Medical,751,22,5.3,4,1.02,39.9,8.7,68.0,0.271,0.244,0.212,0
AST-MED-514,Medical,364,77,0.0,0,0.75,42.6,8.2,44.6,0.212,0.856,0.0,0
AST-LAB-992,Lab Equipment,1749,135,45.3,6,3.91,52.9,14.6,61.3,1.381,1.5,0.777,0
AST-MED-288,Medical,250,24,6.7,2,1.25,38.1,8.4,44.3,0.318,0.267,0.804,0
AST-LAB-450,Lab Equipment,1246,43,8.4,7,2.23,47.2,14.5,34.8,0.703,0.478,0.202,0
AST-LAB-593,Lab Equipment,1977,138,64.2,11,4.0,59.6,15.8,49.7,1.588,1.533,0.974,0
AST-GEN-813,Generator,1819,91,103.8,9,3.85,66.5,50.8,73.4,1.707,1.011,1.712,0
AST-IT -498,IT Server,70,144,0.0,0,2.53,54.2,18.6,50.3,0.913,1.6,0.0,0
AST-IT -303,IT Server,348,186,83.9,3,4.4,78.8,24.0,31.4,2.309,2.067,7.233,1
AST-IT -248,IT Server,1356,171,22.1,8,4.05,69.5,23.3,46.7,1.876,1.9,0.489,0
AST-ELE-860,Elevator,1326,4,1.5,2,2.59,53.5,35.0,63.7,0.925,0.044,0.034,0
AST-LAB-251,Lab Equipment,2075,222,18.1,13,6.55,83.2,23.3,44.1,3.632,2.467,0.262,1
AST-WAT-790,Water Pump,1694,68,1.6,6,2.13,60.3,34.1,53.2,0.857,0.756,0.028,0
AST-HVA-561,HVAC,544,163,5.9,2,3.62,62.9,25.1,54.2,1.519,1.811,0.325,0
AST-IT -199,IT Server,179,56,19.3,4,0.73,46.5,15.7,71.5,0.225,0.622,3.235,0
AST-GEN-530,Generator,2266,199,42.3,19,7.37,92.4,53.4,38.9,4.54,2.211,0.56,1
AST-LAB-321,Lab Equipment,1455,54,96.0,5,2.71,54.1,8.7,51.5,0.977,0.6,1.979,0
AST-ELE-690,Elevator,88,95,3.6,1,2.29,55.1,36.7,70.0,0.843,1.056,1.227,0
AST-HVA-409,HVAC,1287,129,4.9,2,3.81,64.6,26.0,31.3,1.642,1.433,0.114,0
AST-HVA-816,HVAC,2074,167,3.7,12,4.01,69.7,29.1,56.7,1.862,1.856,0.054,0
AST-LAB-520,Lab Equipment,1470,91,123.9,8,2.95,52.8,9.2,57.8,1.04,1.011,2.529,0
AST-LAB-635,Lab Equipment,1405,30,30.3,8,1.65,44.9,14.6,63.3,0.495,0.333,0.647,0
AST-LAB-538,Lab Equipment,1558,46,7.6,3,2.38,45.6,12.9,59.1,0.723,0.511,0.146,0
AST-GEN-655,Generator,1815,98,64.4,7,3.87,86.8,53.5,47.1,2.24,1.089,1.064,1
AST-ELE-805,Elevator,1821,163,39.4,10,5.06,87.1,32.4,23.4,2.938,1.811,0.649,1
AST-IT -977,IT Server,436,23,51.0,4,1.56,53.1,15.2,69.7,0.552,0.256,3.509,0
AST-HVA-191,HVAC,97,158,0.0,0,4.76,78.5,30.7,54.9,2.494,1.756,0.0,0
AST-HVA-608,HVAC,2261,26,56.6,15,3.07,63.3,18.0,65.9,1.296,0.289,0.751,0
AST-IT -695,IT Server,163,171,0.0,0,3.65,59.7,20.0,63.0,1.453,1.9,0.0,0
AST-LAB-316,Lab Equipment,942,199,15.6,6,5.1,59.5,21.6,45.9,2.024,2.211,0.497,0
AST-LAB-217,Lab Equipment,831,220,41.4,4,6.17,77.6,20.7,60.6,3.19,2.444,1.495,1
AST-HVA-459,HVAC,1930,106,44.3,16,2.77,60.2,22.6,40.2,1.112,1.178,0.689,0
AST-ELE-820,Elevator,1651,2,11.0,12,2.34,63.8,24.2,31.4,0.994,0.022,0.2,0
AST-WAT-329,Water Pump,2108,73,215.2,21,5.08,68.0,29.2,55.1,2.302,0.811,3.063,1
AST-ELE-370,Elevator,1289,215,34.1,6,7.38,89.9,45.0,85.0,4.427,2.389,0.794,1
AST-LAB-789,Lab Equipment,1019,2,28.0,6,2.35,44.5,12.2,41.0,0.697,0.022,0.824,0
AST-LAB-133,Lab Equipment,93,7,0.0,0,1.86,40.4,13.2,45.3,0.502,0.078,0.0,0
AST-MED-960,Medical,2155,210,151.2,17,6.7,84.8,17.4,40.7,3.788,2.333,2.105,1
AST-MED-443,Medical,728,147,11.3,5,3.34,51.6,14.7,34.8,1.151,1.633,0.466,0
AST-GEN-669,Generator,1633,50,5.0,7,3.45,76.4,41.2,60.1,1.754,0.556,0.092,0
AST-LAB-948,Lab Equipment,241,206,0.0,0,5.34,62.6,21.4,53.7,2.23,2.289,0.0,0
AST-LAB-231,Lab Equipment,1629,187,39.7,8,5.76,76.6,20.3,47.6,2.939,2.078,0.731,1
AST-MED-629,Medical,678,112,88.6,8,3.03,49.2,8.4,72.6,0.993,1.244,3.92,0
AST-ELE-920,Elevator,547,130,32.4,5,3.24,69.3,32.7,63.7,1.496,1.444,1.777,0
AST-IT -903,IT Server,1635,216,34.9,7,5.63,79.8,25.9,50.2,2.996,2.4,0.64,1
AST-MED-957,Medical,2294,41,9.5,11,2.23,48.7,7.9,38.7,0.723,0.456,0.124,0
AST-GEN-195,Generator,412,7,57.6,5,2.72,80.2,47.9,44.8,1.452,0.078,4.194,0
AST-ELE-888,Elevator,2460,40,42.7,14,3.12,67.6,33.0,63.4,1.405,0.444,0.521,1
AST-ELE-656,Elevator,352,147,3.5,5,3.71,63.0,42.9,49.5,1.561,1.633,0.298,0
AST-ELE-851,Elevator,564,117,22.9,4,2.75,63.3,34.6,31.8,1.159,1.3,1.218,0
AST-WAT-466,Water Pump,794,62,66.2,10,4.1,71.1,30.6,50.0,1.942,0.689,2.501,0
AST-GEN-404,Generator,823,138,71.8,4,4.34,74.0,52.1,45.7,2.139,1.533,2.617,0
AST-ELE-898,Elevator,1578,198,1.1,10,5.98,66.0,41.0,37.2,2.633,2.2,0.021,1
AST-HVA-381,HVAC,369,240,16.8,1,6.19,73.5,30.0,42.5,3.037,2.667,1.366,1
AST-HVA-753,HVAC,2403,222,119.8,10,8.12,99.9,34.8,20.0,5.409,2.467,1.496,1
AST-LAB-710,Lab Equipment,532,28,2.4,1,1.2,43.2,11.6,45.3,0.347,0.311,0.135,0
AST-MED-284,Medical,410,20,3.1,2,1.19,38.6,7.4,47.5,0.308,0.222,0.227,0
AST-MED-958,Medical,881,101,6.4,4,1.77,42.0,8.4,46.6,0.495,1.122,0.218,0
AST-WAT-122,Water Pump,1724,19,71.6,9,2.86,62.8,38.9,48.6,1.197,0.211,1.246,0
AST-ELE-178,Elevator,891,176,44.6,5,4.72,71.1,38.7,52.5,2.24,1.956,1.502,1
AST-MED-748,Medical,1876,207,98.9,11,6.38,70.4,16.3,46.3,2.996,2.3,1.582,1
AST-MED-110,Medical,761,169,3.6,3,3.99,62.8,13.0,65.2,1.67,1.878,0.142,0
AST-IT -975,IT Server,158,31,5.1,1,1.04,35.1,17.4,42.3,0.244,0.344,0.968,0
AST-MED-595,Medical,2487,140,151.1,10,4.75,61.6,12.8,48.5,1.949,1.556,1.823,1
AST-IT -859,IT Server,1072,238,43.6,3,6.08,80.8,29.9,45.9,3.274,2.644,1.22,1
AST-IT -130,IT Server,2225,6,136.7,13,2.76,62.9,14.6,44.6,1.157,0.067,1.843,0
AST-WAT-256,Water Pump,915,222,58.0,4,7.72,81.2,43.1,47.6,4.182,2.467,1.902,1
AST-GEN-130,Generator,1371,36,16.6,5,2.39,77.7,38.7,46.6,1.239,0.4,0.363,0
AST-ELE-808,Elevator,548,69,8.8,3,2.56,61.0,29.4,37.0,1.039,0.767,0.482,0
AST-GEN-194,Generator,1457,182,13.2,7,5.48,88.0,57.8,34.1,3.218,2.022,0.272,1
AST-MED-578,Medical,2060,112,57.8,8,2.85,55.7,8.5,62.9,1.059,1.244,0.842,0
AST-LAB-297,Lab Equipment,1054,45,3.9,6,1.15,49.3,11.8,57.2,0.378,0.5,0.111,0
AST-WAT-834,Water Pump,1181,101,41.9,7,3.61,65.4,32.7,43.9,1.575,1.122,1.064,1
AST-WAT-884,Water Pump,2436,80,16.7,7,4.36,53.4,34.3,42.7,1.552,0.889,0.206,0
AST-GEN-839,Generator,2028,111,77.9,15,4.44,93.7,47.9,45.3,2.772,1.233,1.152,1
AST-LAB-710,Lab Equipment,1142,209,5.8,3,5.35,68.8,23.8,45.0,2.454,2.322,0.152,1
AST-HVA-721,HVAC,1598,110,90.7,11,4.29,67.4,25.8,41.3,1.93,1.222,1.703,1
AST-MED-482,Medical,293,116,6.6,1,2.14,47.7,9.0,43.0,0.681,1.289,0.676,0
AST-HVA-623,HVAC,1066,151,0.4,3,3.7,49.1,29.0,38.0,1.211,1.678,0.011,0
AST-IT -946,IT Server,2202,91,5.7,6,1.56,42.5,12.1,35.9,0.442,1.011,0.078,0
AST-HVA-284,HVAC,1351,110,2.2,8,2.73,61.5,23.0,54.7,1.119,1.222,0.049,0
AST-MED-351,Medical,327,56,19.5,6,1.1,44.4,7.8,51.1,0.326,0.622,1.789,0
AST-MED-248,Medical,1317,32,56.9,6,1.59,44.9,7.8,31.6,0.475,0.356,1.296,1
AST-ELE-111,Elevator,1377,55,78.3,4,2.81,69.6,18.7,49.2,1.305,0.611,1.706,0
AST-WAT-429,Water Pump,982,144,57.4,6,3.67,87.4,35.7,43.7,2.137,1.6,1.754,1
AST-MED-716,Medical,899,135,60.8,8,3.39,54.6,11.6,60.2,1.237,1.5,2.029,0
AST-IT -384,IT Server,336,147,19.3,3,2.84,60.4,22.0,56.1,1.146,1.633,1.723,0
AST-LAB-798,Lab Equipment,1812,82,11.0,6,2.28,42.1,14.7,54.9,0.641,0.911,0.182,0
AST-GEN-301,Generator,233,206,0.0,0,6.46,87.9,59.5,54.8,3.783,2.289,0.0,1
AST-HVA-381,HVAC,1755,31,1.0,8,2.86,53.0,19.4,44.4,1.012,0.344,0.017,0
AST-GEN-715,Generator,1368,152,39.0,11,4.2,102.3,43.5,37.9,2.867,1.689,0.855,1
AST-IT -121,IT Server,1197,5,84.4,6,2.16,53.4,17.3,44.5,0.769,0.056,2.115,0
AST-WAT-689,Water Pump,49,234,0.0,0,6.81,84.0,41.3,27.8,3.814,2.6,0.0,1
AST-GEN-961,Generator,1679,10,50.9,14,2.9,78.6,40.3,37.4,1.518,0.111,0.909,0
AST-IT -140,IT Server,1411,166,46.3,8,4.07,63.3,19.4,37.0,1.718,1.844,0.984,1
AST-LAB-197,Lab Equipment,1730,186,21.1,10,4.34,60.6,19.3,30.8,1.756,2.067,0.366,1
AST-MED-871,Medical,1446,103,20.8,10,2.23,36.3,11.4,53.7,0.54,1.144,0.432,0
AST-WAT-420,Water Pump,2052,157,72.4,8,5.56,96.1,40.9,38.9,3.564,1.744,1.058,1
AST-MED-813,Medical,1891,127,7.3,7,2.6,48.7,11.8,41.6,0.843,1.411,0.116,0
AST-HVA-963,HVAC,1561,159,13.0,12,3.65,63.3,29.7,43.8,1.541,1.767,0.25,1
AST-GEN-148,Generator,72,36,0.0,0,2.79,70.7,57.5,56.3,1.315,0.4,0.0,0
AST-MED-982,Medical,1814,58,15.9,11,1.96,37.2,6.0,57.4,0.486,0.644,0.263,0
AST-GEN-841,Generator,1540,209,6.8,10,7.23,98.9,58.2,51.0,4.766,2.322,0.132,1
AST-HVA-804,HVAC,245,67,1.4,2,1.51,56.7,21.3,53.8,0.571,0.744,0.171,0
AST-HVA-213,HVAC,226,78,2.0,1,2.69,57.0,18.9,70.4,1.021,0.867,0.265,0
AST-MED-804,Medical,1584,70,149.0,9,2.93,56.5,7.7,47.2,1.105,0.778,2.822,0
AST-GEN-697,Generator,1917,31,83.4,10,3.38,76.4,49.9,47.6,1.72,0.344,1.305,1
AST-WAT-251,Water Pump,2422,228,32.8,14,7.52,84.7,37.4,50.1,4.245,2.533,0.406,1
AST-LAB-752,Lab Equipment,1860,172,5.4,12,4.48,64.0,23.5,35.9,1.911,1.911,0.087,1
AST-IT -346,IT Server,2397,123,1.6,16,2.55,65.9,21.2,53.0,1.121,1.367,0.02,0
AST-MED-429,Medical,2007,58,31.5,9,1.56,39.9,7.4,55.0,0.416,0.644,0.471,0
AST-WAT-403,Water Pump,369,91,0.0,0,3.82,70.3,30.1,29.5,1.79,1.011,0.0,0
AST-WAT-348,Water Pump,873,178,5.1,2,5.94,78.2,39.0,40.3,3.098,1.978,0.175,1
AST-LAB-161,Lab Equipment,900,4,6.6,6,1.8,51.6,12.0,28.9,0.618,0.044,0.22,0
AST-LAB-938,Lab Equipment,1607,49,88.2,7,3.05,49.3,9.5,41.8,1.003,0.544,1.647,0
AST-MED-313,Medical,2448,195,326.4,19,6.25,72.8,18.7,52.9,3.033,2.167,4.0,1
AST-WAT-420,Water Pump,1307,182,13.0,4,4.87,78.6,46.1,47.0,2.552,2.022,0.298,1
AST-GEN-968,Generator,2096,28,175.1,9,4.1,77.6,50.7,59.5,2.118,0.311,2.506,0
AST-GEN-472,Generator,1609,116,60.7,6,3.53,94.8,58.2,48.6,2.232,1.289,1.132,0
AST-IT -307,IT Server,1669,49,47.4,12,1.76,50.8,17.4,55.2,0.595,0.544,0.852,0
AST-LAB-268,Lab Equipment,1288,223,20.8,9,5.44,74.1,22.8,51.9,2.685,2.478,0.484,1
AST-HVA-250,HVAC,1918,225,61.1,11,7.52,84.8,39.2,44.0,4.251,2.5,0.956,1
AST-HVA-346,HVAC,97,229,5.8,1,6.61,81.3,32.8,44.3,3.583,2.544,1.794,1
AST-MED-129,Medical,1980,170,81.1,13,4.7,61.2,13.6,48.2,1.918,1.889,1.229,1
AST-MED-371,Medical,514,238,5.1,1,5.27,65.9,19.1,42.2,2.316,2.644,0.298,0
AST-MED-541,Medical,898,39,53.3,3,2.05,47.5,7.3,41.4,0.65,0.433,1.781,0
AST-LAB-620,Lab Equipment,1396,14,6.8,4,1.85,45.5,7.2,57.6,0.561,0.156,0.146,0
AST-MED-200,Medical,231,167,38.6,2,3.34,53.7,13.5,64.4,1.197,1.856,5.013,0
AST-LAB-298,Lab Equipment,1234,49,43.4,7,1.82,50.8,12.4,35.4,0.618,0.544,1.055,0
AST-IT -382,IT Server,2199,156,323.9,13,4.77,68.2,20.8,32.7,2.17,1.733,4.419,1
AST-LAB-211,Lab Equipment,234,166,3.0,1,3.1,59.8,20.9,45.3,1.237,1.844,0.385,0
AST-HVA-324,HVAC,501,14,0.4,3,1.05,54.9,22.6,45.7,0.386,0.156,0.024,0
AST-IT -372,IT Server,1007,17,71.0,7,1.6,53.1,16.2,51.8,0.568,0.189,2.115,0
AST-MED-331,Medical,1687,101,10.3,4,2.78,39.6,10.0,50.2,0.734,1.122,0.183,0
AST-GEN-851,Generator,1128,127,44.9,5,3.97,86.3,42.9,41.2,2.285,1.411,1.194,1
AST-WAT-308,Water Pump,1453,164,51.7,7,5.26,84.1,40.8,41.8,2.948,1.822,1.067,1
AST-IT -394,IT Server,42,25,0.0,0,0.64,48.8,16.2,46.6,0.209,0.278,0.0,0
AST-ELE-737,Elevator,1982,190,87.3,11,6.18,96.6,39.8,61.7,3.977,2.111,1.321,1
AST-ELE-344,Elevator,727,81,3.8,1,2.12,60.2,31.2,68.7,0.851,0.9,0.157,0
AST-GEN-291,Generator,1390,231,13.1,9,6.15,104.6,56.1,75.5,4.29,2.567,0.283,1
AST-HVA-782,HVAC,1973,110,176.9,10,5.91,71.6,24.2,55.2,2.822,1.222,2.69,1
AST-GEN-370,Generator,345,44,11.2,1,3.25,64.8,42.0,58.3,1.406,0.489,0.974,0
AST-WAT-109,Water Pump,2463,91,7.5,12,2.84,65.9,31.0,55.2,1.249,1.011,0.091,0
AST-IT -101,IT Server,2030,224,22.6,12,5.69,62.3,30.7,20.1,2.363,2.489,0.334,1
AST-HVA-146,HVAC,101,146,0.0,0,2.76,64.4,28.9,37.1,1.186,1.622,0.0,0
AST-MED-955,Medical,965,135,27.1,4,3.17,57.1,11.8,28.5,1.209,1.5,0.842,0
AST-WAT-250,Water Pump,414,26,60.6,3,1.36,67.4,32.5,39.2,0.613,0.289,4.391,0
AST-ELE-443,Elevator,1883,126,69.3,11,3.99,80.6,39.4,46.9,2.147,1.4,1.104,1
AST-IT -363,IT Server,2022,65,141.8,10,2.71,58.3,16.5,39.7,1.056,0.722,2.104,1
AST-HVA-947,HVAC,1474,78,51.4,7,1.83,51.8,22.0,50.3,0.632,0.867,1.046,0
AST-IT -893,IT Server,2470,124,141.1,16,4.01,73.1,17.8,50.9,1.956,1.378,1.714,1
AST-ELE-631,Elevator,114,38,7.3,2,1.98,42.1,23.8,39.5,0.558,0.422,1.921,0
AST-WAT-325,Water Pump,610,92,3.0,6,0.67,59.9,23.5,56.1,0.269,1.022,0.148,0
AST-GEN-691,Generator,1794,93,100.5,10,3.3,69.2,43.0,45.3,1.52,1.033,1.681,1
AST-HVA-298,HVAC,1577,164,7.1,12,4.22,68.0,26.5,38.2,1.911,1.822,0.135,1
AST-MED-998,Medical,2261,231,14.4,11,6.38,74.5,20.3,20.0,3.171,2.567,0.191,1
AST-IT -279,IT Server,1116,234,34.9,6,5.98,77.2,25.4,36.1,3.079,2.6,0.938,1
AST-MED-500,Medical,2443,107,51.8,15,2.99,48.7,9.3,45.1,0.972,1.189,0.636,0
AST-MED-416,Medical,810,11,116.5,8,3.02,43.4,5.9,28.3,0.874,0.122,4.315,0
AST-ELE-451,Elevator,533,111,104.8,5,3.08,71.9,26.8,56.5,1.474,1.233,5.899,0
AST-IT -911,IT Server,1451,74,6.1,6,1.18,52.8,10.1,61.4,0.414,0.822,0.126,0
AST-HVA-610,HVAC,632,120,53.9,5,4.25,51.4,20.1,29.9,1.456,1.333,2.559,0
AST-IT -396,IT Server,2316,171,38.0,8,4.44,60.6,23.7,49.5,1.793,1.9,0.492,1
AST-LAB-395,Lab Equipment,294,205,4.8,1,5.11,62.7,21.4,53.7,2.133,2.278,0.49,0
AST-LAB-141,Lab Equipment,920,73,54.8,5,2.7,40.4,11.6,42.7,0.726,0.811,1.787,0
AST-HVA-154,HVAC,2030,79,197.4,14,4.05,66.0,21.9,54.2,1.781,0.878,2.917,1
AST-MED-776,Medical,32,13,0.0,0,1.25,36.6,9.9,57.7,0.306,0.144,0.0,0
AST-MED-999,Medical,1190,202,56.6,9,5.85,70.7,17.1,60.1,2.76,2.244,1.427,1
AST-ELE-887,Elevator,2326,40,786.9,22,4.61,73.4,31.4,47.5,2.252,0.444,10.149,1
AST-ELE-377,Elevator,614,188,38.0,3,5.9,73.7,37.4,40.9,2.899,2.089,1.857,1
AST-IT -182,IT Server,1221,57,1.3,4,1.28,46.9,11.6,54.1,0.402,0.633,0.032,0
AST-MED-354,Medical,1612,109,219.2,9,3.05,59.9,7.8,20.0,1.218,1.211,4.079,1
AST-HVA-367,HVAC,1267,153,43.3,5,5.19,68.0,27.5,53.6,2.352,1.7,1.025,1
AST-IT -546,IT Server,1350,206,11.1,2,4.99,78.5,26.1,57.2,2.608,2.289,0.247,1
AST-ELE-886,Elevator,847,65,29.0,9,2.6,50.1,21.7,49.8,0.87,0.722,1.027,0
AST-IT -304,IT Server,1263,79,9.2,4,1.21,40.9,14.3,36.2,0.329,0.878,0.219,0
AST-IT -743,IT Server,1918,140,110.7,16,4.01,61.5,20.2,47.8,1.643,1.556,1.731,1
AST-WAT-996,Water Pump,1819,25,4.7,8,1.62,71.0,38.1,61.3,0.765,0.278,0.078,0
AST-LAB-810,Lab Equipment,1313,129,3.3,3,2.57,61.6,14.1,50.6,1.056,1.433,0.075,0
AST-ELE-466,Elevator,1948,91,40.2,15,3.89,69.1,30.5,73.0,1.791,1.011,0.619,0
AST-LAB-520,Lab Equipment,1919,8,64.5,18,2.36,49.4,8.6,55.9,0.779,0.089,1.008,0
AST-HVA-885,HVAC,1754,23,23.4,16,3.23,58.2,16.9,36.5,1.251,0.256,0.4,0
AST-IT -409,IT Server,1023,149,20.8,6,3.15,75.1,16.3,47.8,1.579,1.656,0.61,0
AST-GEN-735,Generator,2255,231,6.6,14,6.97,91.8,57.9,48.0,4.265,2.567,0.088,1
AST-MED-154,Medical,1638,33,74.2,8,2.02,44.0,9.0,49.3,0.594,0.367,1.359,0
AST-HVA-573,HVAC,2151,118,3.3,10,3.46,58.6,22.4,38.1,1.353,1.311,0.046,0
AST-HVA-156,HVAC,1136,213,19.0,9,6.65,74.2,32.9,48.5,3.29,2.367,0.502,0
AST-HVA-441,HVAC,2464,25,125.7,14,3.76,65.8,20.9,43.6,1.65,0.278,1.53,0
AST-IT -593,IT Server,1387,222,64.8,5,6.11,82.3,27.3,57.4,3.348,2.467,1.402,1
AST-ELE-698,Elevator,2122,190,175.7,7,6.85,88.6,36.9,50.7,4.046,2.111,2.484,1
AST-ELE-309,Elevator,2144,37,73.0,11,3.14,73.4,28.0,54.5,1.535,0.411,1.021,0
AST-LAB-239,Lab Equipment,945,230,14.3,3,6.02,68.8,22.8,57.2,2.763,2.556,0.454,1
AST-WAT-258,Water Pump,1262,161,0.9,7,5.16,89.4,37.9,62.8,3.074,1.789,0.021,1
AST-HVA-924,HVAC,2016,160,16.7,8,4.66,62.3,22.9,49.7,1.935,1.778,0.249,0
AST-HVA-168,HVAC,30,40,0.0,0,0.41,48.4,22.8,37.3,0.132,0.444,0.0,0
AST-HVA-632,HVAC,426,64,12.5,3,2.01,60.7,18.3,37.6,0.811,0.711,0.88,0
AST-LAB-125,Lab Equipment,2101,114,78.1,17,3.13,64.6,14.1,61.2,1.348,1.267,1.115,0
AST-HVA-407,HVAC,1687,124,278.6,14,4.83,72.2,28.0,61.4,2.324,1.378,4.954,1
AST-WAT-340,Water Pump,2269,67,57.2,13,2.86,61.1,33.0,78.2,1.165,0.744,0.756,0
AST-ELE-549,Elevator,534,111,0.0,0,2.74,69.2,29.3,36.1,1.264,1.233,0.0,0
AST-HVA-289,HVAC,610,210,0.9,3,5.26,66.7,30.8,61.2,2.339,2.333,0.044,0
AST-GEN-274,Generator,2125,190,36.9,12,5.87,113.7,52.7,38.0,4.451,2.111,0.521,1
AST-GEN-587,Generator,1997,75,38.1,12,2.69,78.2,52.0,55.8,1.401,0.833,0.572,0
AST-HVA-702,HVAC,2049,95,36.0,16,2.65,52.8,17.8,52.2,0.933,1.056,0.527,0
AST-LAB-495,Lab Equipment,469,119,9.9,2,2.14,53.3,9.9,57.6,0.761,1.322,0.633,0
AST-LAB-251,Lab Equipment,144,73,0.0,0,0.57,45.2,9.9,68.9,0.172,0.811,0.0,0
AST-IT -498,IT Server,75,149,0.0,0,2.67,55.6,16.1,46.6,0.991,1.656,0.0,0
AST-ELE-766,Elevator,1850,11,29.1,3,3.38,52.8,27.7,51.8,1.188,0.122,0.472,0
AST-MED-242,Medical,1946,226,282.3,15,7.14,77.8,21.5,20.7,3.704,2.511,4.352,1
AST-MED-109,Medical,678,92,31.9,6,1.79,45.7,8.3,51.2,0.546,1.022,1.412,0
AST-WAT-615,Water Pump,893,90,51.9,7,2.67,61.6,37.1,41.2,1.097,1.0,1.744,0
AST-IT -499,IT Server,2131,17,31.3,10,2.15,44.9,11.7,46.1,0.644,0.189,0.441,0
AST-GEN-460,Generator,2336,87,17.6,9,4.73,79.6,43.6,58.4,2.51,0.967,0.226,1
AST-WAT-905,Water Pump,603,72,12.4,2,2.39,62.4,27.5,57.8,0.993,0.8,0.617,0
AST-ELE-410,Elevator,1643,18,43.4,6,3.87,69.2,35.4,52.1,1.785,0.2,0.792,0
AST-ELE-595,Elevator,1572,121,10.1,4,3.37,58.7,32.8,42.7,1.319,1.344,0.193,0
AST-GEN-689,Generator,2106,199,68.7,16,6.83,104.4,54.0,63.6,4.751,2.211,0.979,1
AST-MED-232,Medical,1357,151,11.9,7,3.29,59.0,14.0,37.1,1.292,1.678,0.263,0
AST-MED-698,Medical,1683,18,103.5,8,2.6,48.7,8.4,50.2,0.844,0.2,1.845,0
AST-WAT-850,Water Pump,681,60,2.9,1,1.49,50.5,28.5,59.8,0.503,0.667,0.128,0
AST-HVA-611,HVAC,1981,83,21.8,10,3.15,53.7,23.3,42.8,1.126,0.922,0.33,0
AST-WAT-927,Water Pump,999,27,25.2,5,1.19,69.9,27.6,48.8,0.555,0.3,0.757,0
AST-GEN-845,Generator,1603,194,23.9,11,7.0,90.2,48.7,69.4,4.213,2.156,0.447,1
AST-HVA-163,HVAC,1055,30,66.5,9,3.29,63.9,23.4,36.7,1.401,0.333,1.891,1
AST-ELE-174,Elevator,1838,196,14.9,12,5.67,94.5,33.0,61.7,3.575,2.178,0.243,1
AST-ELE-960,Elevator,150,237,4.7,1,6.59,87.9,42.3,40.8,3.858,2.633,0.94,1
AST-HVA-815,HVAC,1871,97,11.7,10,2.86,56.2,22.3,62.8,1.072,1.078,0.188,0
AST-ELE-687,Elevator,2309,52,37.7,12,3.37,47.9,24.8,78.1,1.077,0.578,0.49,0
AST-LAB-548,Lab Equipment,1201,58,58.2,6,2.42,43.0,12.0,55.9,0.695,0.644,1.454,0
AST-GEN-544,Generator,2194,208,83.2,8,8.28,94.8,54.9,68.4,5.235,2.311,1.138,1
AST-HVA-696,HVAC,129,162,4.4,1,3.5,70.6,30.9,34.5,1.645,1.8,1.023,0
AST-HVA-308,HVAC,166,208,9.5,1,6.11,76.3,28.9,63.5,3.107,2.311,1.717,1
AST-HVA-468,HVAC,1701,146,52.1,8,4.93,64.9,29.2,48.1,2.135,1.622,0.919,1
AST-HVA-448,HVAC,789,175,10.8,3,3.98,64.7,25.3,84.7,1.716,1.944,0.411,0
AST-ELE-757,Elevator,2193,128,116.7,12,5.89,75.2,28.9,61.3,2.956,1.422,1.596,1
AST-GEN-684,Generator,1970,129,101.6,14,4.24,87.9,44.6,52.2,2.485,1.433,1.547,1
AST-IT -672,IT Server,594,206,15.5,3,4.84,70.0,24.9,58.4,2.259,2.289,0.783,1
AST-LAB-740,Lab Equipment,1570,224,153.8,9,6.09,75.4,24.1,46.3,3.062,2.489,2.939,1
AST-HVA-230,HVAC,2148,77,3.0,16,1.69,55.0,21.0,37.5,0.621,0.856,0.042,0
AST-LAB-336,Lab Equipment,240,154,0.0,0,3.24,52.6,18.2,39.4,1.137,1.711,0.0,0
AST-HVA-329,HVAC,1217,237,47.3,6,6.89,77.2,38.9,58.2,3.545,2.633,1.166,1
AST-LAB-820,Lab Equipment,1495,18,39.3,8,1.72,48.5,14.4,47.0,0.557,0.2,0.789,0
AST-GEN-394,Generator,336,137,4.1,1,4.06,86.0,52.4,58.1,2.326,1.522,0.366,0
AST-WAT-630,Water Pump,2078,80,43.0,11,3.96,68.0,31.5,61.7,1.796,0.889,0.621,0
AST-HVA-659,HVAC,484,150,9.5,2,3.26,68.6,24.0,49.3,1.492,1.667,0.589,0
AST-MED-768,Medical,152,9,5.7,2,1.37,42.8,5.3,54.0,0.39,0.1,1.125,0
AST-MED-305,Medical,1400,228,1.5,9,6.03,60.4,19.7,50.7,2.428,2.533,0.032,0
AST-GEN-309,Generator,2270,210,30.8,18,6.9,94.5,48.2,63.3,4.343,2.333,0.407,1
AST-WAT-779,Water Pump,285,61,2.1,3,3.11,55.1,31.5,56.9,1.142,0.678,0.221,0
AST-WAT-677,Water Pump,174,89,19.5,2,1.71,53.0,26.6,69.3,0.605,0.989,3.362,0
AST-LAB-712,Lab Equipment,360,228,0.0,0,5.81,75.7,25.1,47.6,2.931,2.533,0.0,1
AST-GEN-377,Generator,200,27,14.4,1,2.44,80.0,39.4,70.7,1.299,0.3,2.16,0
AST-IT -330,IT Server,1464,111,0.9,6,1.94,43.9,14.5,56.0,0.568,1.233,0.018,0
AST-WAT-970,Water Pump,962,6,7.7,3,2.0,63.3,33.0,31.1,0.846,0.067,0.24,0
AST-HVA-892,HVAC,833,137,25.1,5,3.17,75.4,20.1,37.3,1.593,1.522,0.904,0
AST-LAB-798,Lab Equipment,104,142,10.3,1,3.65,50.2,18.0,66.8,1.222,1.578,2.971,0
AST-LAB-884,Lab Equipment,1575,179,2.9,8,4.39,62.7,22.0,65.1,1.835,1.989,0.055,1
AST-ELE-537,Elevator,2280,36,87.0,9,3.5,55.9,19.3,43.2,1.303,0.4,1.145,1
AST-HVA-730,HVAC,1536,91,40.4,7,1.84,55.7,17.7,40.8,0.682,1.011,0.789,0
AST-LAB-159,Lab Equipment,1005,60,40.7,2,2.52,41.8,10.9,60.2,0.704,0.667,1.215,0
AST-HVA-332,HVAC,1721,192,92.9,8,6.29,86.8,30.2,54.8,3.639,2.133,1.619,1
AST-WAT-912,Water Pump,2226,146,56.7,9,7.39,67.1,40.3,20.0,3.302,1.622,0.764,1
AST-WAT-115,Water Pump,1053,209,14.5,6,5.41,96.8,42.1,63.0,3.489,2.322,0.413,1
AST-HVA-229,HVAC,1826,47,47.0,8,3.15,67.2,23.6,38.5,1.412,0.522,0.772,0
AST-MED-458,Medical,2497,168,183.3,12,5.77,61.3,13.6,47.0,2.356,1.867,2.202,1
AST-MED-232,Medical,1659,123,118.6,9,3.59,54.2,10.5,45.2,1.298,1.367,2.145,0
AST-ELE-178,Elevator,342,65,39.8,3,2.69,55.0,30.1,60.2,0.986,0.722,3.491,0
AST-GEN-606,Generator,1492,230,33.7,5,6.63,89.0,66.5,36.7,3.934,2.556,0.678,1
AST-GEN-554,Generator,1269,94,4.2,3,3.93,77.5,43.1,75.2,2.031,1.044,0.099,0
AST-MED-989,Medical,1030,135,13.7,6,2.92,48.6,13.5,58.9,0.948,1.5,0.399,0
AST-MED-814,Medical,2247,129,38.4,15,3.31,62.2,10.6,55.2,1.372,1.433,0.513,1
AST-MED-520,Medical,2021,72,47.0,12,2.76,50.9,8.7,74.1,0.938,0.8,0.698,0
AST-GEN-961,Generator,2163,60,8.3,7,3.22,71.8,43.3,71.7,1.542,0.667,0.115,0
AST-IT -315,IT Server,532,96,22.7,5,1.1,61.5,14.3,42.6,0.452,1.067,1.28,0
AST-WAT-245,Water Pump,176,61,0.0,0,2.67,62.5,35.2,71.3,1.114,0.678,0.0,0
AST-ELE-882,Elevator,1888,30,24.1,9,2.29,57.9,26.7,20.0,0.884,0.333,0.383,0
AST-WAT-134,Water Pump,1137,72,33.5,6,3.98,64.8,32.7,63.0,1.717,0.8,0.884,0
AST-MED-947,Medical,376,16,87.0,6,1.79,49.2,9.5,36.8,0.588,0.178,6.941,0
AST-IT -493,IT Server,2058,5,10.1,11,1.45,56.9,18.6,50.5,0.552,0.056,0.147,0
AST-LAB-554,Lab Equipment,211,58,0.6,1,1.98,45.3,11.3,37.8,0.598,0.644,0.085,0
AST-GEN-775,Generator,1795,137,118.9,9,6.43,104.2,47.7,54.4,4.467,1.522,1.987,1
AST-MED-132,Medical,2248,196,38.4,9,5.56,62.5,19.1,44.8,2.318,2.178,0.512,1
AST-HVA-723,HVAC,1407,237,103.7,10,7.6,81.5,31.5,58.5,4.129,2.633,2.211,1
AST-MED-929,Medical,2450,56,198.2,8,3.52,55.3,9.7,53.8,1.299,0.622,2.427,1
AST-MED-843,Medical,1807,222,187.4,17,7.07,71.5,21.1,65.6,3.369,2.467,3.111,1
AST-ELE-853,Elevator,263,207,0.0,0,6.11,68.8,34.7,37.7,2.802,2.3,0.0,1
AST-LAB-838,Lab Equipment,1207,220,7.5,5,6.08,68.2,25.0,57.3,2.767,2.444,0.186,0
AST-IT -574,IT Server,1766,147,60.3,7,3.53,48.5,21.0,61.8,1.141,1.633,1.024,0
AST-WAT-631,Water Pump,1095,42,6.1,3,1.97,66.7,31.5,65.0,0.875,0.467,0.167,0
AST-LAB-863,Lab Equipment,1005,34,61.3,4,2.43,64.7,12.6,52.8,1.047,0.378,1.83,0
AST-MED-918,Medical,1153,22,32.9,5,1.68,42.7,8.4,42.2,0.479,0.244,0.856,0
AST-WAT-655,Water Pump,1241,87,11.0,5,2.6,60.9,26.3,67.2,1.056,0.967,0.266,0
AST-HVA-730,HVAC,1153,93,15.3,9,2.54,63.4,21.0,49.8,1.075,1.033,0.398,0
AST-MED-901,Medical,80,32,0.0,0,1.1,34.7,10.0,78.9,0.254,0.356,0.0,0
AST-ELE-428,Elevator,1113,217,6.1,5,5.18,83.7,40.4,72.3,2.893,2.411,0.164,1
AST-LAB-117,Lab Equipment,1831,3,18.4,7,1.68,46.2,10.1,61.8,0.519,0.033,0.301,0
AST-MED-591,Medical,2309,56,12.3,7,1.73,48.8,8.0,32.6,0.564,0.622,0.16,0
AST-IT -181,IT Server,1162,230,60.7,7,6.06,73.1,25.3,42.9,2.951,2.556,1.567,1
AST-MED-165,Medical,1834,47,47.9,12,2.22,50.4,7.8,47.8,0.745,0.522,0.784,0
AST-WAT-382,Water Pump,1093,223,6.2,8,7.25,90.5,38.6,55.5,4.373,2.478,0.17,1
AST-GEN-745,Generator,744,38,67.3,4,2.6,78.8,43.6,32.3,1.368,0.422,2.714,0
AST-ELE-150,Elevator,983,30,20.3,4,3.87,59.7,31.2,53.4,1.538,0.333,0.62,0
AST-GEN-800,Generator,2105,221,65.7,11,7.62,120.6,48.4,64.2,6.122,2.456,0.936,1
AST-MED-142,Medical,2296,184,13.5,8,4.57,50.2,18.8,43.2,1.528,2.044,0.176,1
AST-ELE-365,Elevator,1084,5,2.0,4,1.5,64.7,25.5,34.1,0.647,0.056,0.055,0
AST-WAT-969,Water Pump,1477,139,26.8,9,4.32,74.8,39.5,48.7,2.153,1.544,0.544,0
AST-IT -340,IT Server,1462,28,24.4,8,1.52,57.1,16.5,63.5,0.58,0.311,0.501,0
AST-LAB-215,Lab Equipment,2123,20,51.1,10,1.89,43.6,11.3,73.1,0.55,0.222,0.722,0
AST-MED-684,Medical,1551,213,15.8,9,5.56,60.5,17.3,48.1,2.24,2.367,0.306,0
AST-LAB-173,Lab Equipment,1776,225,50.3,9,6.69,70.7,26.0,55.4,3.154,2.5,0.85,1
AST-HVA-434,HVAC,1505,86,70.7,10,3.83,52.2,25.6,43.4,1.331,0.956,1.409,0
AST-ELE-483,Elevator,1957,76,232.0,15,4.45,70.0,23.7,57.5,2.076,0.844,3.556,1
AST-GEN-477,Generator,212,75,7.1,1,1.45,66.5,46.2,53.0,0.642,0.833,1.005,0
AST-IT -126,IT Server,465,156,27.7,2,3.36,64.3,20.7,59.2,1.442,1.733,1.787,0
AST-MED-623,Medical,2111,201,30.8,11,5.79,70.1,17.6,78.0,2.705,2.233,0.438,1
AST-MED-320,Medical,1581,213,3.1,4,5.36,68.3,18.4,56.9,2.443,2.367,0.059,1
AST-ELE-843,Elevator,644,98,11.3,3,1.9,49.3,33.3,42.7,0.624,1.089,0.526,0
AST-ELE-180,Elevator,346,240,0.4,1,8.07,92.7,41.5,53.1,4.99,2.667,0.035,0
AST-IT -615,IT Server,2382,162,11.2,11,3.89,65.1,17.7,49.1,1.688,1.8,0.141,0
AST-LAB-651,Lab Equipment,526,217,21.4,4,5.14,77.2,24.8,50.2,2.646,2.411,1.221,0
AST-WAT-152,Water Pump,1964,169,18.0,7,4.91,81.3,39.2,46.9,2.661,1.878,0.275,1
AST-LAB-424,Lab Equipment,1132,50,9.4,6,1.44,39.1,9.3,45.7,0.375,0.556,0.249,0
AST-MED-349,Medical,1376,63,193.4,9,3.26,51.5,8.6,37.1,1.119,0.7,4.217,0
AST-MED-336,Medical,1897,81,12.2,15,1.53,40.7,8.4,41.4,0.416,0.9,0.193,0
AST-HVA-809,HVAC,1017,114,15.1,6,3.27,58.5,22.0,54.8,1.275,1.267,0.445,0
AST-LAB-470,Lab Equipment,356,91,10.4,4,1.33,56.1,13.2,36.4,0.499,1.011,0.876,0
AST-HVA-470,HVAC,2013,155,26.1,9,5.24,79.6,33.6,51.0,2.78,1.722,0.389,1
AST-WAT-528,Water Pump,971,146,1.2,3,3.59,81.8,34.3,72.9,1.956,1.622,0.037,0
AST-GEN-650,Generator,1033,199,20.2,4,6.07,96.5,65.7,44.3,3.906,2.211,0.587,1
AST-ELE-698,Elevator,595,156,73.0,8,5.49,79.4,38.0,62.0,2.907,1.733,3.681,1
AST-MED-449,Medical,1315,31,0.9,8,1.78,43.7,9.1,59.3,0.518,0.344,0.021,0
AST-LAB-617,Lab Equipment,637,148,15.6,9,4.46,58.2,17.2,48.6,1.73,1.644,0.735,0
AST-WAT-302,Water Pump,766,225,38.5,3,8.03,79.0,50.0,71.5,4.234,2.5,1.508,1
AST-GEN-223,Generator,1744,68,26.4,8,3.28,66.7,45.3,32.4,1.46,0.756,0.454,0
AST-ELE-581,Elevator,443,33,6.5,2,2.14,57.7,22.2,63.0,0.824,0.367,0.44,0
AST-WAT-541,Water Pump,128,177,0.0,0,4.96,81.9,45.8,69.0,2.711,1.967,0.0,1
AST-HVA-235,HVAC,2139,222,19.8,11,6.01,69.7,31.8,60.8,2.793,2.467,0.278,1
AST-LAB-532,Lab Equipment,1481,33,63.3,9,2.54,50.6,10.3,62.8,0.858,0.367,1.282,0
AST-IT -347,IT Server,1231,31,28.9,4,1.7,52.5,18.8,54.9,0.596,0.344,0.704,0
AST-WAT-444,Water Pump,2452,156,27.8,11,5.38,63.2,41.0,59.7,2.268,1.733,0.34,1
AST-ELE-146,Elevator,332,190,2.2,1,7.15,68.0,44.2,40.3,3.241,2.111,0.199,0
AST-LAB-518,Lab Equipment,1872,190,45.4,8,5.06,61.1,18.4,44.6,2.06,2.111,0.728,0
AST-MED-875,Medical,1984,180,13.0,11,3.87,55.3,17.1,61.5,1.428,2.0,0.197,1
AST-GEN-841,Generator,2444,235,15.8,21,7.48,97.5,48.1,70.4,4.863,2.611,0.194,1
AST-IT -185,IT Server,653,230,7.7,4,5.47,63.9,24.2,40.4,2.33,2.556,0.354,1
AST-IT -478,IT Server,1887,98,34.4,6,2.06,55.6,14.5,50.4,0.765,1.089,0.547,0
AST-GEN-620,Generator,2438,72,255.6,18,3.12,83.1,46.0,49.8,1.73,0.8,3.145,1
AST-HVA-337,HVAC,1247,127,34.9,4,3.72,57.8,25.6,39.4,1.434,1.411,0.84,0
AST-IT -630,IT Server,2181,149,197.4,16,4.4,75.3,16.8,43.3,2.208,1.656,2.715,1
AST-LAB-392,Lab Equipment,1352,99,17.9,10,2.08,49.7,10.4,46.9,0.69,1.1,0.397,0
AST-GEN-246,Generator,201,209,0.0,0,6.48,93.1,46.9,35.9,4.023,2.322,0.0,0
AST-ELE-315,Elevator,1793,133,124.1,12,5.4,92.7,34.3,39.9,3.337,1.478,2.076,1
AST-IT -421,IT Server,437,89,0.0,0,0.89,42.9,10.9,48.1,0.254,0.989,0.0,0
AST-HVA-394,HVAC,1151,125,58.6,7,4.11,66.5,22.7,52.9,1.821,1.389,1.527,0
AST-GEN-395,Generator,1092,156,30.3,3,5.06,90.8,63.4,55.7,3.065,1.733,0.832,1
AST-GEN-782,Generator,1171,37,69.7,7,4.67,76.1,53.5,40.9,2.37,0.411,1.786,1
AST-IT -958,IT Server,2113,194,6.3,11,4.55,79.5,23.9,60.3,2.415,2.156,0.089,1
AST-IT -140,IT Server,2241,138,9.3,11,3.42,70.4,17.7,56.9,1.604,1.533,0.124,0
AST-HVA-600,HVAC,135,95,0.0,0,1.63,41.2,22.7,53.5,0.447,1.056,0.0,0
AST-IT -536,IT Server,1852,134,12.2,13,2.72,53.2,14.6,61.3,0.967,1.489,0.198,0
AST-LAB-402,Lab Equipment,478,184,75.0,5,5.27,63.3,17.6,32.8,2.224,2.044,4.707,0
AST-WAT-222,Water Pump,1850,228,9.1,10,7.07,85.5,44.2,45.8,4.031,2.533,0.148,1
AST-MED-188,Medical,590,72,214.4,7,2.7,49.6,6.9,56.3,0.894,0.8,10.902,0
AST-HVA-462,HVAC,353,191,0.0,0,5.08,77.2,30.1,59.7,2.616,2.122,0.0,0
AST-ELE-176,Elevator,1369,41,14.1,7,2.61,65.2,30.8,52.5,1.136,0.456,0.309,0
AST-MED-564,Medical,2130,173,28.2,12,4.78,66.0,14.4,35.3,2.103,1.922,0.397,0
AST-ELE-804,Elevator,1319,229,5.4,6,6.86,85.9,38.1,59.9,3.929,2.544,0.123,1
AST-LAB-202,Lab Equipment,2165,82,83.3,12,3.19,55.9,11.9,40.7,1.189,0.911,1.154,1
AST-IT -776,IT Server,175,163,3.1,2,3.01,61.1,17.0,40.3,1.226,1.811,0.531,0
AST-GEN-240,Generator,2431,97,117.1,17,5.59,68.6,48.8,34.7,2.555,1.078,1.445,1
AST-GEN-789,Generator,831,68,22.2,4,2.54,71.6,46.3,49.2,1.212,0.756,0.801,0
AST-LAB-933,Lab Equipment,796,188,1.5,3,4.66,71.9,20.7,38.6,2.235,2.089,0.057,0
AST-GEN-303,Generator,393,133,61.9,3,3.96,88.1,46.1,54.2,2.325,1.478,4.725,0
AST-ELE-319,Elevator,43,112,0.0,0,1.58,62.8,31.4,55.1,0.66,1.244,0.0,0
AST-IT -725,IT Server,884,182,11.4,5,3.97,72.0,20.0,34.2,1.905,2.022,0.387,1
AST-LAB-804,Lab Equipment,1107,158,2.7,9,3.58,54.7,18.1,50.0,1.306,1.756,0.073,0
AST-IT -340,IT Server,1458,124,144.1,12,3.57,66.9,19.7,55.0,1.595,1.378,2.965,1
AST-GEN-998,Generator,1259,216,46.4,10,7.35,95.0,52.5,44.1,4.655,2.4,1.106,1
AST-MED-784,Medical,2016,126,10.2,6,3.18,50.8,12.5,23.0,1.078,1.4,0.152,0
AST-LAB-712,Lab Equipment,1492,140,0.9,8,3.02,57.8,14.0,30.4,1.164,1.556,0.018,0
AST-HVA-324,HVAC,490,226,0.2,2,5.66,73.1,37.5,49.3,2.757,2.511,0.012,0
AST-WAT-394,Water Pump,1748,115,10.2,5,3.75,59.1,32.2,49.4,1.477,1.278,0.175,0
AST-ELE-535,Elevator,504,46,21.7,5,2.51,70.1,25.6,38.2,1.174,0.511,1.292,0
AST-MED-776,Medical,495,89,5.6,1,1.39,35.9,7.6,58.9,0.334,0.989,0.339,0
AST-ELE-231,Elevator,2011,216,40.9,13,7.33,99.1,43.2,73.8,4.844,2.4,0.61,1
AST-LAB-715,Lab Equipment,1717,176,39.6,10,5.47,59.2,19.9,22.8,2.157,1.956,0.692,1
AST-MED-374,Medical,2108,56,57.3,12,2.55,43.4,6.9,61.6,0.737,0.622,0.815,0
AST-WAT-518,Water Pump,279,144,4.2,1,5.32,58.7,37.9,59.9,2.082,1.6,0.452,0
AST-MED-791,Medical,1330,106,97.7,8,3.06,48.7,11.4,40.4,0.995,1.178,2.204,0
AST-LAB-535,Lab Equipment,1662,67,165.1,9,2.46,54.8,12.2,38.4,0.899,0.744,2.98,0
AST-MED-597,Medical,926,87,10.0,2,1.16,41.8,8.6,51.5,0.324,0.967,0.324,0
AST-HVA-415,HVAC,1863,105,13.3,13,4.2,53.0,21.8,56.7,1.483,1.167,0.214,0
AST-GEN-648,Generator,874,200,27.4,6,6.1,80.9,48.8,42.2,3.29,2.222,0.941,1
AST-IT -725,IT Server,1380,34,5.9,2,1.46,45.6,13.7,63.1,0.444,0.378,0.128,0
AST-HVA-839,HVAC,116,206,14.1,1,5.23,68.4,33.7,38.9,2.386,2.289,3.647,1
AST-WAT-821,Water Pump,1395,234,74.2,10,8.85,85.7,46.5,48.1,5.052,2.6,1.596,1
AST-WAT-666,Water Pump,289,168,28.4,2,3.32,69.7,29.7,41.3,1.542,1.867,2.948,1
AST-GEN-470,Generator,2223,51,95.7,7,3.81,71.6,42.0,50.2,1.82,0.567,1.291,0
AST-WAT-648,Water Pump,1650,221,9.3,7,7.39,94.1,43.2,63.4,4.636,2.456,0.169,1
AST-MED-920,Medical,691,234,45.3,5,6.08,69.5,18.5,50.8,2.818,2.6,1.967,1
AST-LAB-320,Lab Equipment,2294,188,152.1,19,5.9,70.6,24.9,48.9,2.775,2.089,1.989,1
AST-HVA-136,HVAC,112,194,0.8,1,4.22,72.6,32.9,70.9,2.046,2.156,0.214,0
AST-HVA-613,HVAC,1659,203,7.1,3,5.59,79.2,34.4,52.2,2.953,2.256,0.128,1
AST-GEN-389,Generator,1264,7,52.6,4,3.5,66.5,44.0,55.7,1.55,0.078,1.248,0
AST-WAT-804,Water Pump,1042,9,247.6,6,3.19,55.6,37.2,44.7,1.181,0.1,7.129,1
AST-HVA-932,HVAC,1577,168,10.1,6,3.93,78.2,28.8,79.8,2.051,1.867,0.192,1
AST-WAT-858,Water Pump,1135,221,17.4,3,5.99,91.5,43.8,50.5,3.653,2.456,0.46,1
AST-HVA-616,HVAC,1731,6,20.0,7,2.51,48.8,22.1,40.6,0.815,0.067,0.347,0
AST-WAT-654,Water Pump,651,25,0.0,0,0.6,52.7,29.5,36.1,0.209,0.278,0.0,0
AST-WAT-500,Water Pump,825,213,25.7,4,4.59,95.5,38.1,71.1,2.924,2.367,0.935,1
AST-MED-903,Medical,1355,109,73.9,11,2.6,51.3,10.2,36.0,0.891,1.211,1.636,0
AST-HVA-409,HVAC,1152,118,18.9,6,3.27,55.3,23.0,57.4,1.206,1.311,0.492,0
AST-MED-771,Medical,2390,121,52.6,18,3.35,53.3,11.7,48.2,1.19,1.344,0.66,0
AST-LAB-195,Lab Equipment,940,105,26.7,4,2.62,39.7,15.0,41.6,0.693,1.167,0.852,0
AST-LAB-391,Lab Equipment,2214,130,1.4,10,3.39,60.8,14.3,42.6,1.372,1.444,0.019,0
AST-HVA-608,HVAC,1642,96,1.1,9,3.64,63.0,21.0,38.7,1.527,1.067,0.02,0
AST-ELE-210,Elevator,1882,58,11.7,9,3.71,61.3,30.1,61.8,1.515,0.644,0.187,0
AST-HVA-506,HVAC,980,115,35.7,5,3.3,70.4,27.6,35.8,1.551,1.278,1.093,0
AST-IT -211,IT Server,1302,86,86.7,7,2.34,51.0,17.4,42.6,0.795,0.956,1.998,0
AST-ELE-185,Elevator,420,144,0.0,0,3.68,79.9,34.6,52.7,1.958,1.6,0.0,0
AST-WAT-601,Water Pump,2460,64,23.9,13,2.14,57.5,35.5,47.6,0.819,0.711,0.291,0
AST-LAB-731,Lab Equipment,1969,134,44.3,10,3.45,48.7,12.8,44.0,1.121,1.489,0.675,0
AST-IT -878,IT Server,982,16,29.9,4,1.24,48.4,18.4,41.5,0.401,0.178,0.913,0
AST-MED-521,Medical,1305,190,24.4,8,5.33,73.6,15.3,37.1,2.614,2.111,0.561,1
AST-GEN-137,Generator,1346,177,59.2,8,5.95,95.5,57.2,59.6,3.789,1.967,1.319,1
AST-LAB-992,Lab Equipment,52,69,0.0,0,1.39,49.5,14.9,52.7,0.457,0.767,0.0,0
AST-WAT-675,Water Pump,2031,140,145.6,15,5.2,86.1,32.1,57.1,2.983,1.556,2.151,1
AST-ELE-341,Elevator,1348,119,87.4,7,4.56,73.0,28.1,39.2,2.218,1.322,1.945,1
AST-IT -668,IT Server,363,236,2.4,2,5.49,79.2,23.7,41.3,2.895,2.622,0.198,1
AST-ELE-179,Elevator,1568,33,15.0,3,2.27,58.4,32.4,61.1,0.886,0.367,0.287,0
AST-GEN-632,Generator,527,43,44.7,6,3.36,73.3,39.0,44.7,1.641,0.478,2.545,0
AST-WAT-216,Water Pump,189,227,17.4,2,5.9,88.5,47.1,50.0,3.485,2.522,2.762,1
AST-GEN-741,Generator,2178,125,2.1,12,2.23,79.5,52.4,52.8,1.18,1.389,0.029,1
AST-WAT-660,Water Pump,1742,103,12.9,12,1.44,65.4,38.7,50.1,0.628,1.144,0.222,1
AST-HVA-545,HVAC,1235,185,126.6,9,6.3,87.0,31.5,44.3,3.658,2.056,3.075,1
AST-ELE-377,Elevator,2170,83,121.4,12,3.99,63.3,30.8,49.7,1.685,0.922,1.678,1
AST-MED-677,Medical,709,37,20.9,3,1.7,34.0,6.4,71.9,0.385,0.411,0.884,0
AST-ELE-309,Elevator,1550,133,32.0,9,3.91,68.0,30.6,46.9,1.775,1.478,0.619,0
AST-LAB-573,Lab Equipment,892,240,60.9,4,7.23,72.4,25.2,44.9,3.493,2.667,2.048,1
AST-ELE-837,Elevator,584,43,10.8,2,1.64,57.9,31.2,48.3,0.632,0.478,0.555,0
AST-WAT-585,Water Pump,70,82,5.1,1,2.32,56.9,31.6,29.9,0.88,0.911,2.186,0
AST-GEN-581,Generator,304,2,6.9,2,2.76,63.5,44.6,34.8,1.167,0.022,0.681,0
AST-GEN-304,Generator,414,138,9.9,2,3.96,74.0,43.7,64.0,1.953,1.533,0.717,0
AST-HVA-162,HVAC,1949,153,44.4,7,4.31,69.0,26.9,58.5,1.985,1.7,0.683,1
AST-MED-751,Medical,2320,227,14.6,18,6.28,64.7,19.0,62.8,2.71,2.522,0.189,1
AST-ELE-114,Elevator,819,71,13.6,5,1.74,62.9,35.8,57.3,0.729,0.789,0.498,0
AST-WAT-536,Water Pump,2423,187,15.9,17,6.0,94.1,38.9,65.0,3.76,2.078,0.197,1
AST-IT -885,IT Server,1681,240,26.6,9,5.91,80.4,23.9,32.4,3.166,2.667,0.475,1
AST-IT -756,IT Server,859,20,43.9,4,1.56,54.7,13.8,58.5,0.569,0.222,1.533,0
AST-HVA-848,HVAC,916,72,8.4,3,3.14,49.6,12.3,43.0,1.038,0.8,0.275,0
AST-IT -204,IT Server,548,205,4.3,1,4.65,67.5,25.3,49.6,2.091,2.278,0.235,0
AST-ELE-884,Elevator,1598,85,11.1,6,3.39,60.9,31.4,34.8,1.377,0.944,0.208,0
AST-WAT-706,Water Pump,1165,207,87.8,7,9.12,91.3,27.1,46.6,5.552,2.3,2.261,1
AST-IT -784,IT Server,1969,54,3.4,15,1.53,49.3,12.4,44.2,0.503,0.6,0.052,0
AST-WAT-337,Water Pump,916,24,16.4,3,2.91,59.0,31.3,74.6,1.143,0.267,0.537,0
AST-IT -250,IT Server,617,43,2.3,1,1.54,43.2,14.0,71.1,0.444,0.478,0.112,0
AST-HVA-431,HVAC,348,230,57.0,4,6.57,79.3,25.6,32.9,3.475,2.556,4.914,0
AST-GEN-623,Generator,1830,109,132.9,11,5.24,85.4,47.6,20.0,2.983,1.211,2.179,1
AST-MED-409,Medical,2079,195,19.3,14,5.13,72.1,16.6,31.0,2.465,2.167,0.278,1
AST-IT -502,IT Server,1575,199,17.6,7,4.76,67.0,23.3,65.6,2.124,2.211,0.335,1
AST-LAB-463,Lab Equipment,1306,215,0.9,7,5.0,70.9,24.4,35.3,2.364,2.389,0.021,1
AST-IT -180,IT Server,906,43,7.0,4,1.2,44.8,16.0,59.7,0.358,0.478,0.232,0
AST-WAT-384,Water Pump,615,216,23.0,3,6.58,85.8,41.5,45.3,3.759,2.4,1.122,1
AST-LAB-601,Lab Equipment,1056,176,29.6,5,4.03,64.7,18.4,60.7,1.74,1.956,0.841,1
AST-LAB-767,Lab Equipment,1456,46,30.9,9,2.36,43.2,12.0,62.0,0.678,0.511,0.637,0
AST-MED-975,Medical,1939,198,8.9,10,4.91,72.7,18.5,75.3,2.38,2.2,0.138,1
AST-ELE-534,Elevator,905,158,39.2,8,5.52,80.8,38.0,53.5,2.974,1.756,1.299,1
AST-GEN-491,Generator,1562,46,18.4,9,3.1,80.9,46.0,31.1,1.674,0.511,0.353,0
AST-HVA-300,HVAC,1840,93,76.6,12,3.18,61.2,19.3,55.3,1.298,1.033,1.249,0
AST-HVA-700,HVAC,1301,85,27.6,7,2.08,39.1,26.6,45.7,0.543,0.944,0.636,0
AST-MED-359,Medical,2089,236,27.5,13,6.64,66.8,21.1,51.7,2.956,2.622,0.395,1
AST-MED-134,Medical,1156,165,133.3,12,5.04,67.2,15.4,47.6,2.256,1.833,3.459,1
AST-HVA-812,HVAC,1066,71,6.9,6,1.65,54.3,16.9,63.6,0.597,0.789,0.194,0
AST-IT -943,IT Server,154,221,49.5,2,5.4,71.0,23.1,38.2,2.555,2.456,9.643,1
AST-LAB-722,Lab Equipment,1891,126,16.6,6,3.34,56.2,16.4,65.4,1.253,1.4,0.263,0
AST-ELE-995,Elevator,2264,207,58.1,15,5.9,81.2,38.7,51.0,3.193,2.3,0.77,1
AST-MED-129,Medical,657,181,19.0,2,4.33,62.9,15.8,58.2,1.815,2.011,0.868,0
AST-WAT-971,Water Pump,569,22,28.4,2,3.01,56.1,30.0,53.4,1.124,0.244,1.497,0
AST-WAT-222,Water Pump,259,114,0.0,0,2.43,58.5,32.4,46.7,0.949,1.267,0.0,0
AST-HVA-421,HVAC,429,220,88.3,7,6.28,93.8,33.9,41.8,3.926,2.444,6.175,1
AST-WAT-298,Water Pump,98,86,0.0,0,4.25,58.2,32.8,58.7,1.65,0.956,0.0,0
AST-WAT-424,Water Pump,723,232,20.4,6,6.82,74.1,46.7,53.8,3.369,2.578,0.846,0
AST-ELE-475,Elevator,2144,4,33.1,12,1.44,70.5,29.0,56.6,0.677,0.044,0.463,0
AST-LAB-526,Lab Equipment,281,17,0.8,2,1.44,48.3,13.2,42.5,0.462,0.189,0.085,0
AST-WAT-613,Water Pump,634,187,2.4,2,4.79,83.0,41.0,35.6,2.652,2.078,0.114,1
AST-GEN-554,Generator,212,71,11.0,1,2.64,80.3,42.6,51.4,1.415,0.789,1.557,0
AST-ELE-617,Elevator,1706,45,41.3,9,1.32,72.6,22.4,32.3,0.641,0.5,0.726,0
AST-WAT-957,Water Pump,43,80,0.0,0,2.42,51.7,34.0,43.7,0.834,0.889,0.0,0
AST-MED-220,Medical,1428,120,3.7,4,2.11,42.7,11.0,54.8,0.6,1.333,0.078,0
AST-ELE-188,Elevator,2349,239,54.3,9,8.25,97.1,41.2,44.8,5.336,2.656,0.693,1
AST-HVA-192,HVAC,777,187,2.1,2,5.5,79.2,28.8,62.8,2.905,2.078,0.081,1
AST-MED-705,Medical,112,197,0.0,0,4.92,58.4,17.7,22.8,1.912,2.189,0.0,0
AST-HVA-322,HVAC,1564,118,84.9,9,3.97,56.4,24.7,58.0,1.491,1.311,1.629,1
AST-ELE-352,Elevator,1290,215,10.4,2,4.65,82.7,37.5,56.8,2.561,2.389,0.242,1
AST-WAT-295,Water Pump,573,80,57.5,4,4.48,44.3,29.4,52.4,1.322,0.889,3.01,0
AST-ELE-393,Elevator,759,72,45.4,7,2.48,55.8,28.4,46.2,0.923,0.8,1.794,0
AST-MED-523,Medical,955,214,9.4,3,4.91,64.2,17.2,58.6,2.102,2.378,0.295,1
AST-GEN-281,Generator,1238,67,17.5,4,1.91,72.4,50.0,41.7,0.923,0.744,0.424,0
AST-MED-194,Medical,2036,91,2.5,11,1.77,35.5,8.7,38.4,0.418,1.011,0.037,0
AST-MED-890,Medical,2172,116,394.2,11,4.01,56.6,10.0,39.4,1.512,1.289,5.445,1
AST-ELE-951,Elevator,728,10,74.2,6,2.35,57.2,29.0,30.6,0.898,0.111,3.058,0
AST-IT -494,IT Server,667,138,53.3,4,3.11,62.7,21.3,50.6,1.3,1.533,2.397,0
AST-ELE-544,Elevator,1450,166,31.5,10,5.34,83.4,32.0,58.7,2.973,1.844,0.652,1
AST-WAT-395,Water Pump,879,88,13.4,5,3.4,75.2,35.1,85.0,1.707,0.978,0.457,0
AST-IT -664,IT Server,1131,24,9.4,6,1.46,40.5,12.5,45.2,0.394,0.267,0.249,0
AST-GEN-364,Generator,923,120,9.7,5,3.81,73.9,51.6,68.8,1.876,1.333,0.315,0
AST-HVA-629,HVAC,793,122,21.0,4,3.6,59.7,29.9,62.0,1.432,1.356,0.794,0
AST-IT -430,IT Server,1554,145,105.7,7,3.99,69.4,17.5,48.8,1.845,1.611,2.041,1
AST-IT -134,IT Server,1350,180,9.6,12,4.33,63.1,22.4,30.8,1.822,2.0,0.213,1
AST-MED-990,Medical,62,41,7.8,1,1.11,42.7,9.2,61.0,0.316,0.456,3.774,0
AST-MED-444,Medical,440,48,20.2,3,1.27,47.2,8.5,59.4,0.401,0.533,1.377,0
AST-MED-266,Medical,1942,140,37.7,12,4.05,52.9,11.3,52.5,1.427,1.556,0.582,1
AST-HVA-549,HVAC,1899,152,64.1,8,4.83,84.9,26.0,42.2,2.733,1.689,1.013,1
AST-LAB-848,Lab Equipment,1665,122,51.5,19,3.57,50.9,14.0,35.6,1.21,1.356,0.928,0
AST-MED-840,Medical,1558,154,13.9,8,3.23,45.3,13.9,50.4,0.975,1.711,0.268,0
AST-ELE-510,Elevator,1259,11,14.8,5,1.74,43.3,22.5,54.6,0.504,0.122,0.353,0
AST-GEN-881,Generator,2106,28,19.7,18,2.43,79.6,46.3,36.6,1.29,0.311,0.281,0
AST-WAT-375,Water Pump,2395,103,96.2,15,4.41,65.0,34.1,49.3,1.911,1.144,1.205,1
AST-GEN-624,Generator,711,237,17.1,1,7.08,93.5,65.8,45.1,4.416,2.633,0.722,1
AST-IT -814,IT Server,2176,51,20.2,5,1.85,45.7,16.3,60.6,0.564,0.567,0.278,0
AST-IT -869,IT Server,601,34,12.1,3,1.32,46.3,14.8,60.7,0.407,0.378,0.604,0
AST-WAT-155,Water Pump,400,80,2.8,1,3.3,72.3,36.6,41.4,1.588,0.889,0.21,0
AST-GEN-920,Generator,1447,118,79.9,10,3.7,84.1,46.1,45.2,2.074,1.311,1.657,1
AST-LAB-100,Lab Equipment,634,52,21.9,3,1.53,46.5,12.6,51.3,0.475,0.578,1.036,0
AST-MED-414,Medical,359,48,10.7,2,1.85,38.8,8.1,66.5,0.479,0.533,0.894,0
AST-GEN-547,Generator,399,186,1.0,1,3.96,78.8,52.5,63.4,2.08,2.067,0.075,1
AST-ELE-668,Elevator,1562,2,6.7,8,1.59,62.3,25.3,49.6,0.662,0.022,0.129,0
AST-MED-202,Medical,1958,141,81.3,13,3.74,54.3,13.0,60.6,1.357,1.567,1.246,0
AST-ELE-317,Elevator,1964,172,6.5,11,5.4,79.3,38.1,52.0,2.853,1.911,0.099,1
AST-LAB-823,Lab Equipment,1024,196,31.9,4,5.17,65.3,18.6,43.9,2.25,2.178,0.935,0
AST-LAB-231,Lab Equipment,1333,196,137.4,13,6.34,77.0,25.1,51.6,3.254,2.178,3.092,1
AST-LAB-891,Lab Equipment,1369,230,9.6,6,5.53,68.7,25.4,52.6,2.532,2.556,0.21,1
AST-ELE-847,Elevator,1769,153,23.9,13,4.38,70.9,30.6,44.3,2.067,1.7,0.405,1
AST-HVA-455,HVAC,2030,172,63.5,12,6.17,80.7,28.4,52.3,3.32,1.911,0.938,1
AST-IT -127,IT Server,938,227,12.7,2,5.74,74.7,24.1,47.5,2.861,2.522,0.406,1
AST-WAT-340,Water Pump,1541,93,214.9,10,3.76,80.4,35.4,47.8,2.018,1.033,4.184,1
AST-WAT-101,Water Pump,2484,193,136.1,16,6.36,94.2,43.5,27.5,3.993,2.144,1.644,1
AST-HVA-761,HVAC,972,36,1.2,3,2.33,61.7,23.5,44.1,0.961,0.4,0.037,0
AST-HVA-316,HVAC,1266,112,3.3,8,3.6,69.2,22.3,45.3,1.661,1.244,0.078,0
AST-LAB-769,Lab Equipment,766,109,2.8,5,2.64,56.4,10.5,50.4,0.994,1.211,0.11,0
AST-MED-496,Medical,1998,9,3.5,8,1.77,39.2,9.3,53.2,0.462,0.1,0.053,0
AST-LAB-283,Lab Equipment,699,102,1.2,4,1.71,46.4,14.6,62.0,0.53,1.133,0.052,0
AST-WAT-208,Water Pump,1934,207,46.0,16,7.27,85.1,45.5,50.1,4.128,2.3,0.714,1
AST-ELE-850,Elevator,445,168,21.3,4,3.83,67.5,32.2,64.9,1.724,1.867,1.436,0
AST-WAT-926,Water Pump,80,42,0.1,1,3.65,46.2,33.5,57.3,1.125,0.467,0.038,0
AST-IT -619,IT Server,1602,176,33.0,7,4.39,60.9,24.3,44.0,1.784,1.956,0.618,0
AST-LAB-769,Lab Equipment,1675,109,35.6,5,2.93,53.8,13.3,36.9,1.05,1.211,0.638,0
AST-MED-535,Medical,1089,190,7.7,8,4.59,63.8,17.2,66.9,1.955,2.111,0.212,0
AST-IT -926,IT Server,1874,129,140.3,9,3.33,78.5,17.6,47.7,1.743,1.433,2.246,1
AST-LAB-829,Lab Equipment,1402,217,17.4,3,5.45,68.7,21.9,65.9,2.493,2.411,0.372,1
AST-MED-214,Medical,762,109,3.5,3,1.23,41.5,10.4,49.7,0.341,1.211,0.138,0
AST-LAB-991,Lab Equipment,357,39,6.5,2,2.35,37.9,13.6,40.8,0.595,0.433,0.546,1
AST-ELE-704,Elevator,1086,51,24.8,6,2.76,62.7,22.3,42.6,1.155,0.567,0.685,0
AST-IT -845,IT Server,1893,112,118.0,4,3.48,60.8,16.2,35.3,1.412,1.244,1.87,1
AST-MED-140,Medical,527,223,30.2,2,5.67,71.6,19.9,39.5,2.708,2.478,1.719,1
AST-MED-151,Medical,2484,176,77.4,11,5.4,62.4,17.3,66.5,2.246,1.956,0.935,1
AST-LAB-445,Lab Equipment,1243,197,24.2,6,5.13,73.6,18.3,51.5,2.519,2.189,0.584,0
AST-IT -373,IT Server,762,76,4.6,4,1.06,51.5,15.6,48.3,0.362,0.844,0.181,0
AST-HVA-557,HVAC,1359,77,73.6,6,2.83,58.5,23.1,57.7,1.104,0.856,1.625,0
AST-IT -214,IT Server,1493,188,9.9,7,4.25,65.7,25.2,56.7,1.864,2.089,0.199,1
AST-ELE-505,Elevator,1048,45,0.6,2,3.0,68.6,28.3,75.4,1.372,0.5,0.017,0
AST-HVA-229,HVAC,622,163,68.1,6,4.95,66.3,31.2,60.1,2.19,1.811,3.285,1
AST-MED-453,Medical,1906,177,19.9,11,4.41,63.7,14.4,35.6,1.872,1.967,0.313,0
AST-WAT-954,Water Pump,2174,146,3.5,14,4.28,68.3,34.3,43.6,1.947,1.622,0.048,0
AST-HVA-434,HVAC,1556,10,104.1,11,3.16,62.9,26.3,54.8,1.327,0.111,2.007,0
AST-ELE-753,Elevator,444,98,9.9,1,2.35,61.8,29.4,56.0,0.968,1.089,0.669,0
AST-ELE-180,Elevator,1413,238,18.5,5,7.02,89.4,30.2,47.2,4.184,2.644,0.393,1
AST-MED-532,Medical,1671,6,11.4,11,1.25,38.9,6.0,64.5,0.324,0.067,0.205,0
AST-ELE-363,Elevator,354,215,20.9,3,6.31,83.2,32.3,38.4,3.499,2.389,1.771,0
AST-HVA-912,HVAC,814,147,4.1,4,3.49,63.3,23.2,40.2,1.474,1.633,0.151,0
AST-MED-730,Medical,2135,139,93.6,17,4.15,62.5,13.7,44.3,1.73,1.544,1.315,0
AST-GEN-810,Generator,230,96,11.0,2,1.84,63.2,42.7,54.4,0.777,1.067,1.435,0
AST-GEN-878,Generator,1819,71,23.1,8,2.47,74.8,40.0,30.5,1.234,0.789,0.381,0
AST-WAT-290,Water Pump,1163,129,15.6,7,3.73,75.7,36.6,30.4,1.881,1.433,0.402,0
AST-IT -508,IT Server,772,174,5.8,2,3.83,70.5,26.8,32.3,1.801,1.933,0.225,0
AST-HVA-516,HVAC,878,5,0.4,5,2.34,50.4,15.3,57.0,0.786,0.056,0.014,0
AST-ELE-232,Elevator,1155,69,20.5,6,3.87,51.7,20.3,70.3,1.333,0.767,0.532,0
AST-WAT-750,Water Pump,1333,25,27.9,6,1.65,57.3,29.6,45.7,0.631,0.278,0.628,0
AST-HVA-826,HVAC,1359,57,143.7,6,2.59,65.0,20.6,60.0,1.121,0.633,3.172,1
AST-MED-845,Medical,1916,151,70.2,8,4.08,54.8,11.6,40.8,1.491,1.678,1.099,1
AST-IT -436,IT Server,2247,100,130.7,13,3.29,57.3,13.7,49.0,1.258,1.111,1.745,1
AST-IT -112,IT Server,1434,88,29.3,7,1.49,44.4,13.5,71.5,0.441,0.978,0.613,0
AST-WAT-555,Water Pump,651,119,22.0,7,1.95,60.4,31.0,54.6,0.786,1.322,1.014,0
AST-LAB-315,Lab Equipment,2210,179,74.5,10,5.26,68.9,19.1,54.2,2.414,1.989,1.011,1
AST-LAB-361,Lab Equipment,1680,9,14.5,7,2.3,58.3,11.9,36.8,0.896,0.1,0.259,0
AST-IT -180,IT Server,2022,144,88.8,10,4.05,63.3,17.6,61.7,1.71,1.6,1.318,0
AST-HVA-312,HVAC,2199,95,9.7,13,3.3,60.9,17.7,54.0,1.338,1.056,0.132,0
AST-WAT-422,Water Pump,1879,173,8.2,11,6.54,80.0,43.5,56.7,3.488,1.922,0.131,1
AST-GEN-739,Generator,2425,43,31.2,11,3.16,85.2,38.8,39.4,1.796,0.478,0.386,0
AST-IT -541,IT Server,1731,196,42.5,6,5.28,75.1,25.2,46.9,2.642,2.178,0.737,1
AST-MED-669,Medical,2040,61,5.9,12,1.67,42.8,11.0,50.4,0.476,0.678,0.087,0
AST-IT -234,IT Server,1580,156,21.7,15,3.69,70.5,22.2,40.0,1.735,1.733,0.412,0
AST-HVA-199,HVAC,1650,56,39.6,13,1.47,58.6,27.4,48.3,0.574,0.622,0.72,0
AST-HVA-684,HVAC,1215,46,21.5,5,1.56,60.0,22.3,70.0,0.624,0.511,0.531,0
AST-WAT-896,Water Pump,1672,141,23.8,2,4.96,73.9,34.2,57.4,2.443,1.567,0.427,1
AST-WAT-322,Water Pump,1742,231,10.8,8,6.97,79.0,43.7,42.6,3.671,2.567,0.186,1
AST-MED-888,Medical,1517,162,37.2,6,3.63,59.4,14.6,58.9,1.438,1.8,0.736,1
AST-ELE-748,Elevator,1331,129,30.6,6,4.26,62.6,33.3,54.5,1.777,1.433,0.69,0
AST-LAB-330,Lab Equipment,1684,127,4.7,5,2.8,48.1,16.7,46.0,0.899,1.411,0.084,0
AST-MED-945,Medical,1870,41,1.9,7,1.72,47.4,10.0,52.0,0.543,0.456,0.03,0
AST-GEN-509,Generator,1211,1,2.5,12,1.86,77.2,50.1,52.3,0.957,0.011,0.062,0
AST-MED-881,Medical,1930,168,41.2,18,4.47,65.5,15.0,54.0,1.952,1.867,0.64,1
AST-HVA-492,HVAC,2406,168,43.8,12,4.55,85.7,29.3,52.0,2.602,1.867,0.546,1
AST-LAB-520,Lab Equipment,803,163,11.6,5,3.49,56.4,17.7,62.4,1.314,1.811,0.433,1
AST-GEN-241,Generator,2091,21,17.9,20,3.15,73.7,46.1,73.6,1.549,0.233,0.257,0
AST-ELE-518,Elevator,123,84,0.0,0,0.85,55.8,19.9,52.7,0.315,0.933,0.0,0
AST-GEN-682,Generator,1962,176,32.6,12,7.11,91.3,48.5,69.5,4.326,1.956,0.498,1
AST-MED-123,Medical,2493,227,138.2,15,7.18,75.3,19.3,54.7,3.603,2.522,1.663,1
AST-LAB-665,Lab Equipment,2124,222,13.5,9,5.56,74.6,26.3,67.1,2.765,2.467,0.191,1
AST-GEN-568,Generator,1541,186,0.0,9,4.47,94.1,53.2,50.7,2.806,2.067,0.0,0
AST-GEN-583,Generator,848,83,0.1,2,2.41,70.8,29.6,39.5,1.138,0.922,0.004,0
AST-HVA-131,HVAC,877,148,9.0,8,3.59,76.5,27.6,58.2,1.834,1.644,0.308,0
AST-GEN-800,Generator,2500,114,110.1,14,5.61,97.9,41.0,44.6,3.664,1.267,1.321,1
AST-WAT-281,Water Pump,1919,129,5.7,10,4.44,65.7,32.9,60.3,1.942,1.433,0.089,0
AST-WAT-718,Water Pump,1386,224,30.3,7,6.76,90.5,48.9,46.2,4.077,2.489,0.656,1
AST-GEN-350,Generator,1923,185,185.9,10,7.49,94.3,50.7,34.2,4.71,2.056,2.9,1
AST-HVA-866,HVAC,162,175,4.4,1,4.5,58.9,24.3,48.9,1.764,1.944,0.815,0
AST-WAT-632,Water Pump,1955,221,15.7,15,8.21,91.3,42.9,43.2,5.0,2.456,0.241,1
AST-WAT-527,Water Pump,1095,227,39.6,7,7.36,97.6,41.8,70.3,4.784,2.522,1.085,1
AST-HVA-832,HVAC,2217,183,120.5,12,6.78,88.4,28.2,59.1,3.991,2.033,1.631,1
AST-LAB-947,Lab Equipment,274,75,22.6,2,1.34,38.2,12.7,69.0,0.342,0.833,2.474,0
AST-WAT-942,Water Pump,193,94,12.3,1,1.83,53.9,28.6,50.0,0.659,1.044,1.912,0
AST-IT -744,IT Server,1832,110,9.4,9,2.08,59.4,16.7,33.1,0.824,1.222,0.154,0
AST-HVA-249,HVAC,1105,195,2.4,9,6.26,77.1,27.5,46.2,3.22,2.167,0.065,0
AST-WAT-910,Water Pump,487,185,12.4,2,5.65,86.3,45.2,65.4,3.253,2.056,0.764,1
AST-LAB-772,Lab Equipment,1421,37,99.7,14,3.19,50.7,10.9,57.5,1.08,0.411,2.105,0
AST-WAT-594,Water Pump,890,68,29.2,6,3.06,62.7,29.2,46.3,1.28,0.756,0.984,0
AST-ELE-810,Elevator,333,118,6.5,2,3.65,73.0,26.4,52.2,1.777,1.311,0.586,0
AST-LAB-870,Lab Equipment,1032,194,19.5,5,4.86,68.4,22.4,71.1,2.216,2.156,0.567,1
AST-MED-805,Medical,1851,85,95.8,6,2.79,45.2,6.4,44.0,0.839,0.944,1.553,0
AST-ELE-364,Elevator,2357,71,62.9,10,3.91,71.9,23.3,34.3,1.876,0.789,0.801,0
AST-WAT-243,Water Pump,636,134,21.6,2,4.5,72.8,31.4,47.0,2.187,1.489,1.019,0
AST-GEN-479,Generator,2338,93,295.8,12,2.39,84.3,50.4,33.8,1.344,1.033,3.796,1
AST-MED-833,Medical,678,146,10.7,2,3.01,49.9,11.5,63.6,1.0,1.622,0.473,0
AST-LAB-830,Lab Equipment,1831,173,8.7,6,4.73,55.8,20.5,60.6,1.758,1.922,0.143,0
AST-ELE-924,Elevator,556,38,3.0,3,1.53,67.6,23.8,60.4,0.69,0.422,0.162,0
AST-WAT-493,Water Pump,1083,164,1.1,5,5.14,74.8,39.7,60.9,2.563,1.822,0.03,1
AST-WAT-316,Water Pump,2418,78,49.7,18,4.06,58.8,30.3,34.4,1.591,0.867,0.617,1
AST-HVA-365,HVAC,1521,185,12.9,6,4.16,75.4,29.9,54.8,2.088,2.056,0.254,1
AST-WAT-629,Water Pump,1692,123,19.1,8,3.74,60.6,38.9,57.0,1.512,1.367,0.339,0
AST-GEN-452,Generator,668,151,6.5,2,3.16,71.3,49.7,44.5,1.503,1.678,0.292,0
AST-MED-635,Medical,1563,97,62.0,8,2.7,46.3,10.5,54.2,0.833,1.078,1.19,0
AST-LAB-763,Lab Equipment,722,223,1.0,2,5.02,68.6,23.9,57.3,2.294,2.478,0.042,0
AST-GEN-595,Generator,1585,4,46.5,10,1.34,77.9,38.3,48.8,0.696,0.044,0.88,0
AST-HVA-450,HVAC,950,80,3.7,2,1.66,49.5,24.6,56.9,0.548,0.889,0.117,0
AST-GEN-384,Generator,519,167,6.3,3,3.98,95.9,54.2,47.7,2.542,1.856,0.364,1
AST-LAB-570,Lab Equipment,2362,234,40.7,11,7.27,81.8,22.3,49.2,3.963,2.6,0.517,1
AST-HVA-960,HVAC,2176,230,121.9,9,8.79,79.2,32.1,32.9,4.641,2.556,1.681,1
AST-GEN-472,Generator,164,103,0.0,0,2.9,59.8,42.7,38.1,1.158,1.144,0.0,0
AST-MED-619,Medical,305,70,8.2,3,0.93,36.3,7.8,57.2,0.225,0.778,0.807,0
AST-IT -966,IT Server,2232,224,104.5,9,6.33,81.2,24.0,53.7,3.426,2.489,1.405,1
AST-WAT-157,Water Pump,1859,146,10.5,9,4.59,69.5,44.3,50.4,2.125,1.622,0.169,0
AST-GEN-362,Generator,778,177,3.1,3,5.66,93.8,57.9,55.2,3.541,1.967,0.12,0
AST-WAT-350,Water Pump,965,177,9.2,6,4.4,76.8,34.8,60.4,2.254,1.967,0.286,0
AST-GEN-141,Generator,1118,142,0.4,4,3.9,95.3,55.1,39.7,2.478,1.578,0.011,1
AST-ELE-294,Elevator,290,232,3.8,1,5.64,75.3,42.2,48.6,2.83,2.578,0.393,0
AST-IT -410,IT Server,279,54,18.2,1,1.39,46.5,14.5,34.7,0.431,0.6,1.957,0
AST-IT -879,IT Server,2410,123,19.0,11,2.62,60.1,18.1,65.5,1.051,1.367,0.237,0
AST-IT -900,IT Server,239,82,5.1,2,1.19,53.3,16.6,51.6,0.423,0.911,0.64,0
AST-HVA-301,HVAC,1989,30,45.4,6,3.51,50.4,23.0,50.3,1.18,0.333,0.685,0
AST-LAB-302,Lab Equipment,439,139,38.5,3,3.83,57.6,14.4,48.6,1.471,1.544,2.631,0
AST-IT -598,IT Server,1258,146,30.1,7,3.4,58.9,22.1,47.1,1.335,1.622,0.718,1
AST-LAB-981,Lab Equipment,486,185,5.5,4,4.35,58.8,19.9,44.3,1.705,2.056,0.34,0
AST-WAT-758,Water Pump,827,151,1.5,7,5.18,64.5,38.9,67.6,2.228,1.678,0.054,0
AST-IT -873,IT Server,1898,1,4.8,8,1.23,51.8,14.2,66.1,0.423,0.011,0.076,0
AST-LAB-715,Lab Equipment,1138,127,4.4,5,3.44,54.9,16.9,39.1,1.259,1.411,0.116,0
AST-MED-619,Medical,2009,132,57.4,7,3.16,58.2,11.1,44.7,1.227,1.467,0.857,0
AST-ELE-406,Elevator,1112,223,5.9,5,5.99,76.3,42.4,60.2,3.047,2.478,0.159,1
AST-MED-381,Medical,2328,129,23.7,12,3.54,52.3,11.4,53.6,1.233,1.433,0.305,0
AST-LAB-214,Lab Equipment,776,125,7.5,4,2.6,47.4,17.2,56.2,0.821,1.389,0.29,1
AST-IT -581,IT Server,2060,42,26.5,6,1.66,56.0,14.5,44.4,0.619,0.467,0.386,0
AST-WAT-542,Water Pump,1277,25,9.3,7,3.16,68.7,25.4,37.4,1.45,0.278,0.218,0
AST-LAB-450,Lab Equipment,2236,211,44.5,17,6.2,71.5,18.5,35.6,2.955,2.344,0.597,1
AST-WAT-211,Water Pump,979,55,1.9,3,2.48,66.5,36.9,35.8,1.097,0.611,0.058,0
AST-MED-427,Medical,2202,121,149.1,14,4.16,53.1,10.6,36.6,1.474,1.344,2.031,1
AST-MED-724,Medical,891,147,9.8,3,3.2,55.9,11.9,56.5,1.193,1.633,0.33,0
AST-MED-260,Medical,816,197,9.5,2,4.59,65.7,16.7,50.1,2.011,2.189,0.349,0
AST-GEN-972,Generator,676,157,7.2,1,3.37,82.8,58.0,77.2,1.859,1.744,0.32,0
AST-MED-628,Medical,1970,168,97.7,14,5.2,61.9,14.4,60.2,2.145,1.867,1.488,1
AST-LAB-898,Lab Equipment,1133,59,18.9,3,2.2,51.8,12.4,43.2,0.759,0.656,0.5,0
AST-LAB-976,Lab Equipment,1273,95,55.2,6,2.42,51.9,12.8,55.5,0.839,1.056,1.301,0
AST-MED-844,Medical,1479,213,1.6,6,4.82,63.1,18.3,33.8,2.027,2.367,0.032,0
AST-LAB-415,Lab Equipment,1772,145,20.1,7,3.76,56.6,15.3,45.9,1.42,1.611,0.34,0
AST-LAB-105,Lab Equipment,1685,15,76.8,8,2.44,43.6,13.5,51.5,0.708,0.167,1.367,0
AST-MED-761,Medical,603,117,80.6,4,2.9,50.3,10.0,40.3,0.973,1.3,4.01,0
AST-HVA-938,HVAC,858,54,73.6,7,2.84,60.9,24.5,31.7,1.152,0.6,2.573,0
AST-MED-401,Medical,1559,7,208.7,10,3.23,50.8,9.0,39.8,1.094,0.078,4.016,1
AST-WAT-491,Water Pump,1364,143,79.0,6,5.39,89.2,36.3,61.3,3.207,1.589,1.738,1
AST-GEN-916,Generator,910,159,4.0,6,4.5,81.8,45.2,47.5,2.455,1.767,0.132,0
AST-WAT-380,Water Pump,467,20,2.8,5,3.15,68.1,29.6,41.8,1.43,0.222,0.18,0
AST-MED-840,Medical,1994,185,73.9,14,5.45,61.6,16.4,53.4,2.239,2.056,1.112,1
AST-HVA-899,HVAC,1627,177,199.4,12,6.18,75.9,23.7,51.3,3.128,1.967,3.677,1
AST-ELE-598,Elevator,1053,72,12.9,7,2.38,57.2,31.2,32.7,0.909,0.8,0.368,0
AST-IT -484,IT Server,272,26,12.7,2,1.17,60.2,17.8,44.0,0.47,0.289,1.401,0
AST-MED-382,Medical,2233,95,22.3,10,1.71,43.9,9.5,53.1,0.502,1.056,0.3,0
AST-MED-213,Medical,1962,35,114.8,12,2.62,55.9,9.8,58.2,0.977,0.389,1.755,0
AST-HVA-432,HVAC,1724,212,72.2,6,7.44,80.6,35.8,66.9,4.0,2.356,1.256,1
AST-GEN-703,Generator,1254,147,18.2,8,4.72,78.7,51.4,52.0,2.477,1.633,0.435,1
AST-HVA-548,HVAC,1034,84,131.1,11,3.03,59.5,25.0,38.4,1.202,0.933,3.804,0
AST-WAT-776,Water Pump,1097,143,16.7,7,5.04,67.9,39.5,67.2,2.283,1.589,0.457,0
AST-MED-806,Medical,119,36,0.0,0,0.53,41.4,10.6,35.0,0.146,0.4,0.0,0
AST-HVA-991,HVAC,1315,219,82.6,6,7.2,84.9,34.3,45.7,4.076,2.433,1.884,1
AST-WAT-556,Water Pump,909,48,2.6,3,2.44,55.1,38.7,60.8,0.896,0.533,0.086,0
AST-GEN-571,Generator,1513,86,145.7,12,5.8,90.4,55.6,54.1,3.492,0.956,2.889,1
AST-ELE-365,Elevator,1075,155,28.3,10,4.85,81.6,40.5,35.3,2.642,1.722,0.79,0
AST-HVA-243,HVAC,518,165,0.6,1,4.1,66.1,32.7,46.2,1.807,1.833,0.035,0
AST-LAB-925,Lab Equipment,2022,205,35.7,9,5.93,67.7,24.5,50.1,2.679,2.278,0.53,1
AST-IT -161,IT Server,2128,96,110.2,16,3.02,60.5,14.1,48.8,1.22,1.067,1.554,1
AST-LAB-132,Lab Equipment,2095,224,21.1,9,6.44,68.4,20.0,36.7,2.936,2.489,0.302,1
AST-WAT-651,Water Pump,2045,73,26.9,10,2.94,74.1,26.4,53.6,1.45,0.811,0.395,0
AST-ELE-168,Elevator,339,145,0.0,0,2.92,58.0,34.1,58.1,1.13,1.611,0.0,0
AST-IT -899,IT Server,490,137,38.0,2,2.8,59.9,18.0,65.5,1.118,1.522,2.327,0
AST-IT -966,IT Server,389,147,4.6,1,2.79,51.1,19.1,31.0,0.952,1.633,0.355,0
AST-IT -765,IT Server,811,193,34.1,8,4.48,77.1,24.7,43.1,2.303,2.144,1.261,1
AST-ELE-541,Elevator,1164,120,43.2,8,3.75,67.5,33.8,50.9,1.685,1.333,1.113,0
AST-ELE-255,Elevator,1383,19,37.3,10,2.34,55.5,24.7,54.0,0.866,0.211,0.809,0
AST-IT -447,IT Server,1889,136,1.9,7,2.78,63.9,20.0,47.8,1.185,1.511,0.03,0
AST-ELE-939,Elevator,1801,228,34.1,12,7.62,90.6,45.6,64.0,4.607,2.533,0.568,1
AST-IT -400,IT Server,56,160,0.0,0,3.43,55.4,22.7,28.7,1.266,1.778,0.0,0
AST-HVA-108,HVAC,952,83,32.0,4,2.72,58.2,17.2,62.3,1.056,0.922,1.008,0
AST-MED-976,Medical,942,150,42.7,5,3.82,57.7,13.9,45.1,1.47,1.667,1.36,0
AST-MED-645,Medical,1904,168,9.0,13,4.4,62.5,15.8,39.4,1.836,1.867,0.142,0
AST-WAT-941,Water Pump,2382,237,38.5,14,7.67,92.4,40.6,60.8,4.728,2.633,0.485,1
AST-ELE-988,Elevator,2392,40,157.0,10,4.82,71.6,19.5,60.4,2.3,0.444,1.969,1
AST-GEN-311,Generator,1293,47,60.7,7,2.46,64.9,44.5,58.4,1.062,0.522,1.408,0
AST-IT -716,IT Server,191,200,0.0,0,4.23,73.0,25.7,43.4,2.057,2.222,0.0,1
AST-MED-170,Medical,1371,223,8.7,4,6.21,64.6,20.4,71.8,2.673,2.478,0.19,1
AST-GEN-773,Generator,885,52,11.6,6,2.6,81.8,49.7,48.2,1.42,0.578,0.393,0
AST-LAB-377,Lab Equipment,984,240,4.3,3,6.02,74.7,25.4,51.3,2.998,2.667,0.131,0
AST-WAT-463,Water Pump,141,36,0.9,1,0.45,52.7,26.7,46.6,0.158,0.4,0.191,0
AST-LAB-226,Lab Equipment,1566,7,121.6,8,2.35,54.1,13.2,34.1,0.847,0.078,2.33,0
AST-ELE-974,Elevator,884,98,10.8,3,4.23,52.2,24.0,50.9,1.47,1.089,0.367,0
AST-LAB-508,Lab Equipment,843,53,38.4,4,2.23,37.3,12.2,47.2,0.554,0.589,1.367,0
AST-IT -934,IT Server,540,24,104.0,6,2.12,58.9,17.1,45.9,0.834,0.267,5.778,0
AST-IT -692,IT Server,2145,32,61.2,10,2.13,51.2,13.6,61.0,0.727,0.356,0.856,0
AST-GEN-223,Generator,2033,190,119.4,11,5.2,99.3,63.9,63.7,3.446,2.111,1.762,1
AST-ELE-424,Elevator,1730,49,63.9,13,2.58,54.1,34.4,47.3,0.932,0.544,1.108,0
AST-HVA-918,HVAC,2106,93,23.7,11,1.79,60.4,25.1,40.3,0.719,1.033,0.338,0
AST-IT -214,IT Server,1901,5,22.7,9,1.92,53.5,11.1,42.6,0.685,0.056,0.358,1
AST-WAT-530,Water Pump,1669,220,45.0,8,7.31,85.9,41.3,40.4,4.191,2.444,0.809,1
AST-MED-417,Medical,297,112,1.1,2,2.34,46.6,10.8,31.1,0.729,1.244,0.111,0
AST-ELE-407,Elevator,969,180,95.6,4,5.2,75.8,42.6,58.6,2.629,2.0,2.96,1
AST-ELE-929,Elevator,1626,225,34.5,6,6.5,81.9,43.7,72.2,3.547,2.5,0.637,1
AST-MED-847,Medical,1354,12,46.5,14,2.27,39.7,7.8,41.0,0.599,0.133,1.03,0
AST-GEN-281,Generator,2342,3,173.6,13,4.39,64.0,35.9,64.0,1.872,0.033,2.224,1
AST-GEN-243,Generator,1954,196,14.2,9,7.7,95.5,54.6,50.2,4.905,2.178,0.218,1
AST-IT -921,IT Server,889,222,7.4,3,5.21,79.9,27.9,47.6,2.774,2.467,0.25,1
AST-MED-480,Medical,1729,211,287.8,11,6.43,73.6,18.4,34.4,3.157,2.344,4.994,1
AST-GEN-278,Generator,2154,39,115.3,9,3.59,77.2,42.8,60.6,1.846,0.433,1.606,0
AST-WAT-784,Water Pump,773,94,19.7,3,4.29,61.8,32.6,26.2,1.765,1.044,0.765,0
AST-HVA-905,HVAC,695,8,5.7,3,0.82,56.1,19.9,62.3,0.306,0.089,0.246,0
AST-MED-513,Medical,1558,233,82.7,10,7.29,78.7,22.2,72.2,3.827,2.589,1.592,1
AST-IT -428,IT Server,146,201,32.1,2,4.5,61.1,28.0,58.3,1.831,2.233,6.596,1
AST-HVA-581,HVAC,170,189,0.0,0,5.06,79.3,32.4,42.6,2.673,2.1,0.0,0
AST-LAB-147,Lab Equipment,2239,97,461.9,20,3.39,54.6,13.8,57.8,1.235,1.078,6.189,1
AST-ELE-637,Elevator,725,41,31.1,7,2.47,49.7,16.8,42.8,0.817,0.456,1.287,0
AST-MED-328,Medical,407,108,17.6,1,1.71,45.9,9.8,49.8,0.524,1.2,1.297,0
AST-HVA-587,HVAC,1932,107,44.1,12,4.17,61.5,19.7,37.4,1.712,1.189,0.685,0
AST-IT -550,IT Server,580,220,21.9,6,5.07,78.5,24.0,69.8,2.651,2.444,1.133,1
AST-ELE-100,Elevator,1305,122,15.0,4,2.99,52.4,25.9,48.5,1.044,1.356,0.345,0
AST-MED-231,Medical,1352,169,63.9,6,4.45,61.3,13.9,31.6,1.819,1.878,1.418,0
AST-IT -784,IT Server,424,123,9.8,3,2.26,57.1,18.3,44.0,0.861,1.367,0.693,0
AST-WAT-972,Water Pump,2369,51,24.0,13,3.23,61.4,28.7,33.1,1.323,0.567,0.304,0
AST-IT -232,IT Server,614,58,12.1,7,0.76,47.4,14.1,41.6,0.239,0.644,0.591,0
AST-ELE-197,Elevator,1684,73,124.5,6,4.22,73.2,27.6,56.1,2.058,0.811,2.218,0
AST-HVA-355,HVAC,956,65,2.4,3,1.98,53.9,27.3,20.0,0.709,0.722,0.075,0
AST-ELE-408,Elevator,1376,182,23.3,5,4.19,72.2,38.5,46.4,2.017,2.022,0.508,0
AST-ELE-704,Elevator,2159,133,2.0,10,3.57,69.2,31.9,40.6,1.645,1.478,0.028,0
AST-MED-878,Medical,569,84,20.7,4,1.46,46.8,7.8,51.6,0.457,0.933,1.091,0
AST-ELE-248,Elevator,2403,189,5.8,11,6.28,93.4,27.6,73.7,3.911,2.1,0.072,1
AST-HVA-865,HVAC,1607,162,20.1,6,5.43,70.6,22.7,42.4,2.557,1.8,0.375,1
AST-GEN-286,Generator,88,37,0.0,0,2.76,62.6,42.3,46.7,1.154,0.411,0.0,0
AST-WAT-913,Water Pump,1004,42,17.0,3,2.19,61.8,24.1,73.9,0.904,0.467,0.508,0
AST-HVA-685,HVAC,1999,124,24.7,8,3.35,63.9,23.2,81.2,1.425,1.378,0.371,0
AST-GEN-743,Generator,2394,104,45.7,15,3.0,79.9,55.6,46.3,1.596,1.156,0.573,0
AST-GEN-564,Generator,1106,140,37.4,4,5.55,81.8,62.8,29.1,3.026,1.556,1.014,1
AST-ELE-386,Elevator,2137,237,82.4,10,7.63,97.9,44.1,29.0,4.976,2.633,1.157,1
AST-GEN-361,Generator,1426,207,1.7,6,8.11,86.8,64.4,49.2,4.696,2.3,0.036,1
AST-WAT-662,Water Pump,1899,170,157.3,12,6.35,91.2,37.9,78.9,3.859,1.889,2.485,1
AST-WAT-450,Water Pump,2156,68,366.9,19,3.73,63.0,35.2,58.0,1.567,0.756,5.105,1
AST-MED-536,Medical,134,140,12.1,2,2.2,39.8,14.2,33.9,0.583,1.556,2.709,0
AST-GEN-568,Generator,485,31,0.7,1,2.25,61.0,40.9,31.7,0.914,0.344,0.043,0
AST-MED-229,Medical,1453,79,27.0,7,2.07,38.0,6.5,43.1,0.524,0.878,0.557,0
AST-IT -184,IT Server,2097,47,38.8,10,2.09,49.0,14.6,61.9,0.682,0.522,0.555,0
AST-IT -299,IT Server,610,216,14.1,2,4.91,80.5,22.5,59.7,2.634,2.4,0.693,1
AST-WAT-117,Water Pump,843,188,23.5,4,5.11,75.8,43.0,60.9,2.584,2.089,0.836,0
AST-IT -715,IT Server,651,145,10.3,2,2.82,54.3,16.1,52.6,1.022,1.611,0.475,0
AST-IT -148,IT Server,2213,93,145.2,12,2.85,63.3,19.2,38.7,1.202,1.033,1.968,1
AST-ELE-643,Elevator,713,96,7.6,1,2.23,47.7,28.3,57.6,0.71,1.067,0.32,0
AST-ELE-269,Elevator,956,216,1.2,2,5.76,87.2,38.9,74.3,3.346,2.4,0.038,0
AST-ELE-255,Elevator,2245,157,3.9,9,4.95,59.2,36.5,36.0,1.954,1.744,0.052,0
AST-GEN-385,Generator,230,103,0.0,0,2.22,85.5,48.2,60.9,1.263,1.144,0.0,0
AST-IT -531,IT Server,1981,120,318.5,19,3.88,67.8,17.8,60.9,1.755,1.333,4.823,1
AST-ELE-407,Elevator,31,20,5.5,1,1.27,54.3,29.7,50.5,0.459,0.222,5.323,0
AST-IT -784,IT Server,1306,54,40.3,6,1.57,55.5,14.4,42.0,0.583,0.6,0.926,0
AST-IT -708,IT Server,303,16,1.8,1,1.14,44.1,17.5,42.2,0.337,0.178,0.178,0
AST-GEN-247,Generator,1999,211,122.6,12,7.64,104.9,40.6,35.4,5.347,2.344,1.84,1
AST-WAT-348,Water Pump,1632,202,32.3,9,6.24,92.4,45.6,65.2,3.845,2.244,0.594,1
AST-LAB-500,Lab Equipment,2452,50,6.4,9,2.9,49.4,12.4,39.6,0.953,0.556,0.078,0
AST-MED-172,Medical,956,71,3.6,2,1.74,38.9,8.5,67.1,0.452,0.789,0.113,0
AST-LAB-226,Lab Equipment,2429,173,21.2,14,3.94,66.7,19.5,38.1,1.754,1.922,0.262,1
AST-LAB-245,Lab Equipment,1158,195,43.8,6,5.83,60.9,19.2,44.2,2.37,2.167,1.135,1
AST-ELE-220,Elevator,2162,80,68.5,20,2.57,54.1,31.2,64.5,0.927,0.889,0.951,0
AST-WAT-743,Water Pump,2481,121,112.8,24,5.94,76.9,45.7,45.5,3.044,1.344,1.364,1
AST-LAB-405,Lab Equipment,541,139,2.4,5,2.71,57.5,16.7,62.8,1.04,1.544,0.133,0
AST-LAB-257,Lab Equipment,318,226,14.7,2,5.47,72.7,23.1,57.4,2.653,2.511,1.387,0
AST-ELE-449,Elevator,1144,11,99.9,4,3.48,82.4,25.1,47.0,1.908,0.122,2.62,0
AST-MED-215,Medical,1940,110,65.7,8,3.15,53.6,6.5,49.2,1.124,1.222,1.016,0
AST-ELE-808,Elevator,2025,195,35.6,17,6.23,82.9,34.8,58.9,3.443,2.167,0.527,1
AST-IT -205,IT Server,392,188,33.2,5,4.5,60.7,23.2,60.5,1.822,2.089,2.541,0
AST-IT -985,IT Server,1515,62,8.6,10,1.17,56.5,11.3,54.5,0.439,0.689,0.17,0
AST-ELE-606,Elevator,1801,108,24.4,16,3.24,59.6,27.9,50.3,1.287,1.2,0.406,1
AST-HVA-985,HVAC,1177,216,133.8,9,6.5,95.8,32.3,30.6,4.155,2.4,3.41,1
AST-MED-357,Medical,2110,85,24.9,12,2.0,44.9,8.0,20.0,0.598,0.944,0.354,0
AST-WAT-357,Water Pump,1490,22,103.8,6,3.52,67.3,30.5,35.1,1.579,0.244,2.09,1
AST-ELE-925,Elevator,2018,63,48.1,14,2.95,65.3,26.0,55.0,1.284,0.7,0.715,0
AST-GEN-705,Generator,1806,171,55.4,7,7.14,89.9,48.3,61.5,4.278,1.9,0.92,1
AST-WAT-946,Water Pump,2028,144,14.9,11,4.53,73.7,39.6,53.3,2.226,1.6,0.22,0
AST-IT -484,IT Server,2155,223,2.0,11,5.67,79.2,22.4,55.2,2.994,2.478,0.028,0
AST-LAB-143,Lab Equipment,2494,28,0.5,15,2.91,45.4,10.2,55.3,0.881,0.311,0.006,0
AST-WAT-758,Water Pump,433,148,3.2,4,3.83,78.9,38.2,37.2,2.016,1.644,0.222,1
AST-WAT-344,Water Pump,1507,149,17.0,9,4.78,74.7,38.2,33.2,2.38,1.656,0.338,0
AST-IT -531,IT Server,1642,184,125.2,13,5.72,91.7,23.1,55.4,3.5,2.044,2.287,1
AST-MED-762,Medical,1833,219,24.1,14,5.91,70.2,18.3,55.5,2.763,2.433,0.394,1
AST-WAT-635,Water Pump,182,103,0.0,0,1.65,63.3,36.7,40.7,0.697,1.144,0.0,0
AST-ELE-862,Elevator,1798,172,116.4,18,6.56,83.6,41.3,68.4,3.652,1.911,1.942,1
AST-GEN-680,Generator,770,7,10.2,4,2.68,78.2,42.9,42.2,1.397,0.078,0.397,0
AST-MED-201,Medical,1227,236,10.7,5,5.49,74.9,21.2,50.3,2.739,2.622,0.262,1
AST-HVA-846,HVAC,1900,218,92.5,9,6.81,86.7,29.0,52.0,3.94,2.422,1.461,1
AST-MED-938,Medical,1439,91,53.9,5,2.33,49.5,8.1,60.6,0.769,1.011,1.124,0
AST-GEN-383,Generator,1856,201,13.8,6,6.28,87.6,54.0,46.4,3.671,2.233,0.223,1
AST-LAB-815,Lab Equipment,1107,197,36.4,7,5.1,68.7,21.3,42.3,2.334,2.189,0.986,0
AST-GEN-671,Generator,2271,166,23.3,11,5.06,86.5,54.0,77.6,2.917,1.844,0.308,1
AST-LAB-871,Lab Equipment,1457,200,1.1,9,4.89,61.9,20.4,66.0,2.018,2.222,0.023,0
AST-WAT-611,Water Pump,394,86,32.7,3,3.84,67.5,30.8,27.0,1.728,0.956,2.49,0
AST-IT -857,IT Server,962,82,9.9,2,1.43,49.0,11.2,53.5,0.467,0.911,0.309,0
AST-HVA-839,HVAC,400,164,0.0,0,5.17,66.5,28.1,45.9,2.293,1.822,0.0,0
AST-IT -609,IT Server,792,194,9.0,1,3.93,69.0,23.1,66.3,1.809,2.156,0.341,0
AST-MED-976,Medical,2018,90,57.8,15,2.25,44.9,6.9,59.5,0.674,1.0,0.859,0
AST-LAB-470,Lab Equipment,682,44,25.6,3,2.09,47.7,12.7,32.6,0.665,0.489,1.126,0
AST-HVA-294,HVAC,2413,80,41.8,12,2.9,72.7,26.0,20.0,1.405,0.889,0.52,0
AST-ELE-757,Elevator,2325,76,82.7,12,4.18,63.8,25.9,54.7,1.778,0.844,1.067,0
AST-IT -282,IT Server,1660,159,63.4,7,4.25,67.1,19.1,20.0,1.902,1.767,1.146,0
AST-GEN-195,Generator,400,183,5.2,1,4.67,94.6,62.5,24.6,2.941,2.033,0.39,1
AST-ELE-514,Elevator,1108,38,25.6,4,1.69,69.2,32.9,48.8,0.777,0.422,0.693,0
AST-IT -462,IT Server,1655,35,141.9,9,2.38,44.2,15.1,67.0,0.702,0.389,2.572,0
AST-HVA-965,HVAC,1233,158,47.6,6,4.76,68.9,23.7,52.0,2.186,1.756,1.158,1
AST-HVA-431,HVAC,950,114,121.8,8,3.85,66.8,25.9,22.6,1.714,1.267,3.846,0
AST-GEN-661,Generator,664,171,58.5,6,5.8,97.3,46.8,73.5,3.763,1.9,2.643,0
AST-HVA-606,HVAC,949,214,44.2,4,5.93,95.4,34.1,59.9,3.774,2.378,1.397,1
AST-GEN-351,Generator,955,113,9.5,4,4.36,72.1,27.0,20.0,2.092,1.256,0.298,0
AST-GEN-248,Generator,80,76,0.0,0,2.04,72.6,37.3,52.6,0.989,0.844,0.0,0
AST-HVA-978,HVAC,2009,215,323.8,10,6.75,87.2,28.7,35.5,3.923,2.389,4.835,1
AST-IT -664,IT Server,2356,50,122.9,14,2.6,63.8,16.1,55.0,1.105,0.556,1.565,0
AST-WAT-631,Water Pump,2409,103,227.2,16,5.18,92.9,37.1,46.2,3.208,1.144,2.829,1
AST-LAB-864,Lab Equipment,1101,181,70.0,6,5.42,69.6,21.1,33.6,2.518,2.011,1.907,1
AST-MED-922,Medical,1109,111,16.3,3,2.43,54.8,8.5,55.1,0.889,1.233,0.441,0
AST-GEN-427,Generator,2243,92,50.5,14,3.18,59.2,52.5,54.7,1.255,1.022,0.675,1
AST-ELE-237,Elevator,1347,221,7.3,8,6.11,83.5,33.8,53.8,3.4,2.456,0.163,1
AST-ELE-352,Elevator,2234,149,65.7,11,5.36,82.7,41.3,56.0,2.958,1.656,0.882,1
AST-WAT-619,Water Pump,1978,138,10.9,6,3.63,73.0,37.7,54.9,1.768,1.533,0.165,0
AST-WAT-946,Water Pump,963,185,3.0,4,5.6,76.1,35.5,31.4,2.838,2.056,0.093,1
AST-ELE-760,Elevator,2299,211,27.5,11,6.91,81.7,34.7,49.0,3.763,2.344,0.359,0
AST-LAB-375,Lab Equipment,2382,215,64.5,16,6.44,86.9,24.0,54.3,3.727,2.389,0.812,1
AST-IT -548,IT Server,2066,152,68.5,12,3.81,67.4,23.0,37.2,1.711,1.689,0.995,1
AST-GEN-122,Generator,2323,115,102.5,12,2.87,83.6,40.2,44.1,1.6,1.278,1.324,1
AST-HVA-455,HVAC,1982,223,31.1,9,6.38,98.6,34.9,64.1,4.194,2.478,0.471,1
AST-HVA-798,HVAC,1481,17,25.6,5,1.53,56.5,25.2,39.2,0.576,0.189,0.519,0
AST-MED-683,Medical,1062,230,27.6,6,5.6,66.2,20.1,59.1,2.471,2.556,0.78,1
AST-ELE-712,Elevator,2040,111,49.2,9,3.66,74.7,21.9,50.1,1.823,1.233,0.724,0
AST-GEN-505,Generator,911,170,57.1,5,4.31,81.2,46.9,56.5,2.332,1.889,1.88,1
AST-IT -813,IT Server,1277,85,178.1,8,2.44,59.2,16.7,39.4,0.964,0.944,4.184,1
AST-WAT-996,Water Pump,2110,105,246.6,14,4.07,84.1,31.7,53.2,2.282,1.167,3.506,1
AST-IT -797,IT Server,2433,81,20.7,7,1.83,56.3,17.8,21.6,0.687,0.9,0.255,0
AST-IT -154,IT Server,1497,151,158.6,9,4.71,76.4,17.9,41.6,2.398,1.678,3.178,1
AST-HVA-728,HVAC,290,136,15.5,1,2.19,53.3,23.5,52.5,0.777,1.511,1.603,0
AST-GEN-850,Generator,827,64,70.4,9,3.12,79.4,46.7,24.7,1.655,0.711,2.554,0
AST-WAT-877,Water Pump,764,214,13.1,1,6.58,92.8,44.1,40.6,4.069,2.378,0.514,1
AST-ELE-606,Elevator,519,85,10.7,2,2.91,53.5,24.5,48.6,1.039,0.944,0.618,0
AST-LAB-687,Lab Equipment,1616,207,14.1,8,5.29,72.8,20.8,69.9,2.567,2.3,0.262,1
AST-ELE-585,Elevator,597,217,33.6,3,4.89,79.8,40.1,51.6,2.604,2.411,1.688,1
AST-HVA-418,HVAC,1484,46,25.5,6,2.59,67.1,21.3,35.2,1.158,0.511,0.515,0
AST-MED-611,Medical,401,48,20.9,4,1.13,39.0,8.7,42.2,0.295,0.533,1.564,0
AST-GEN-332,Generator,1468,166,0.7,5,5.2,81.2,62.1,58.3,2.812,1.844,0.014,1
AST-MED-562,Medical,415,135,11.3,2,2.47,51.5,12.0,40.2,0.849,1.5,0.817,0
AST-IT -162,IT Server,2311,16,75.1,13,1.84,56.1,15.1,59.6,0.689,0.178,0.975,0
AST-HVA-272,HVAC,37,136,12.3,1,3.34,59.3,30.6,30.7,1.322,1.511,9.973,1
AST-MED-493,Medical,1284,8,1.6,5,1.63,40.7,6.2,56.8,0.443,0.089,0.037,0
AST-IT -676,IT Server,1565,220,0.1,13,5.34,81.0,26.7,47.7,2.881,2.444,0.002,1
AST-GEN-293,Generator,2070,47,195.2,18,5.6,74.8,46.4,24.9,2.792,0.522,2.829,1
AST-MED-199,Medical,663,154,0.9,1,3.13,46.1,10.9,36.8,0.962,1.711,0.041,0
AST-GEN-551,Generator,757,130,19.4,2,2.99,90.5,40.0,58.1,1.802,1.444,0.769,1
AST-WAT-555,Water Pump,154,160,0.0,0,4.0,77.0,31.3,53.4,2.054,1.778,0.0,1
AST-IT -912,IT Server,522,207,9.0,2,4.47,74.4,24.0,44.3,2.22,2.3,0.517,0
AST-MED-210,Medical,1459,175,65.9,10,5.24,62.6,14.4,40.7,2.186,1.944,1.355,1
AST-IT -271,IT Server,438,128,15.0,3,2.16,57.4,17.5,70.7,0.829,1.422,1.027,0
AST-GEN-727,Generator,1411,117,7.3,2,3.64,78.4,56.7,50.1,1.904,1.3,0.155,0
AST-IT -951,IT Server,1622,201,45.6,6,5.51,72.6,25.2,47.4,2.669,2.233,0.843,1
AST-HVA-784,HVAC,2301,17,3.0,18,2.16,56.1,17.1,60.3,0.809,0.189,0.039,0
AST-MED-244,Medical,1010,210,25.6,6,5.74,65.7,17.6,60.9,2.512,2.333,0.76,1
AST-WAT-513,Water Pump,200,92,2.4,1,2.68,71.6,33.3,58.0,1.28,1.022,0.36,0
AST-LAB-930,Lab Equipment,2451,26,27.9,10,1.89,40.3,12.7,38.8,0.509,0.289,0.341,0
AST-HVA-779,HVAC,1342,234,12.4,3,7.54,96.9,37.4,54.7,4.867,2.6,0.277,1
AST-IT -819,IT Server,2208,134,83.1,19,3.88,59.6,19.5,59.7,1.542,1.489,1.129,1
AST-IT -758,IT Server,853,73,24.6,4,1.26,55.5,14.2,38.2,0.466,0.811,0.865,0
AST-LAB-881,Lab Equipment,841,75,35.4,9,1.34,40.2,10.6,34.5,0.358,0.833,1.263,0
AST-LAB-513,Lab Equipment,1812,97,146.6,15,3.39,56.4,12.5,65.3,1.275,1.078,2.427,1
AST-HVA-603,HVAC,457,83,4.7,3,1.02,55.9,22.5,56.8,0.38,0.922,0.309,0
AST-IT -498,IT Server,1282,128,25.7,10,2.61,51.6,17.5,50.8,0.899,1.422,0.601,0
AST-WAT-394,Water Pump,255,136,4.5,2,2.43,66.4,31.6,46.0,1.077,1.511,0.529,0
AST-GEN-191,Generator,1287,229,1.1,4,6.32,101.5,57.0,45.5,4.28,2.544,0.026,1
AST-IT -655,IT Server,740,165,0.0,0,3.17,54.5,27.3,57.5,1.153,1.833,0.0,0
AST-HVA-647,HVAC,144,13,17.2,2,0.75,47.7,22.8,52.5,0.239,0.144,3.583,0
AST-LAB-292,Lab Equipment,1470,138,12.9,7,3.17,52.7,18.3,49.7,1.112,1.533,0.263,0
AST-WAT-800,Water Pump,1806,190,72.2,8,6.99,77.3,50.5,31.3,3.603,2.111,1.199,1
AST-WAT-282,Water Pump,2113,95,1.6,7,3.3,60.9,29.2,49.4,1.34,1.056,0.023,0
AST-HVA-319,HVAC,434,118,0.0,0,2.73,60.7,25.9,59.7,1.105,1.311,0.0,0
AST-GEN-829,Generator,1341,19,132.6,9,3.82,79.0,54.4,72.2,2.011,0.211,2.966,0
AST-LAB-311,Lab Equipment,2369,164,84.0,13,4.93,69.1,18.9,39.2,2.272,1.822,1.064,1
AST-HVA-490,HVAC,873,231,184.7,10,6.91,91.9,35.4,45.3,4.233,2.567,6.347,1
AST-MED-104,Medical,1014,169,39.0,6,3.86,53.0,16.0,48.0,1.363,1.878,1.154,0
AST-WAT-438,Water Pump,755,100,0.0,0,2.98,61.7,26.5,59.4,1.226,1.111,0.0,0
AST-MED-957,Medical,1676,12,25.9,13,2.1,48.3,6.8,63.7,0.675,0.133,0.464,0
AST-IT -352,IT Server,1087,226,4.9,4,5.72,75.8,29.3,52.9,2.891,2.511,0.135,0
AST-ELE-684,Elevator,1298,53,28.5,13,1.72,71.7,41.4,52.5,0.824,0.589,0.659,0
AST-ELE-854,Elevator,1146,105,50.7,8,2.76,58.4,30.2,48.5,1.074,1.167,1.327,0
AST-LAB-943,Lab Equipment,1724,97,16.4,6,1.83,53.4,11.4,71.8,0.652,1.078,0.285,0
AST-GEN-936,Generator,2029,65,1.3,8,2.07,60.6,58.1,44.6,0.836,0.722,0.019,0
AST-ELE-809,Elevator,1649,11,12.5,10,2.29,60.7,30.6,52.9,0.926,0.122,0.227,0
AST-LAB-231,Lab Equipment,943,19,10.8,7,1.37,55.2,10.9,63.1,0.504,0.211,0.344,0
AST-HVA-262,HVAC,2031,18,8.2,21,2.88,59.1,21.8,67.4,1.135,0.2,0.121,0
AST-MED-271,Medical,1080,175,7.7,2,4.33,50.4,16.2,62.7,1.454,1.944,0.214,0
AST-ELE-507,Elevator,1196,138,6.0,6,3.61,73.2,30.7,43.0,1.762,1.533,0.151,0
AST-WAT-683,Water Pump,1101,28,40.0,9,2.19,70.0,29.4,40.6,1.02,0.311,1.09,0
AST-LAB-942,Lab Equipment,857,23,21.5,4,2.0,52.6,13.7,77.9,0.703,0.256,0.753,0
AST-LAB-305,Lab Equipment,550,133,6.6,2,1.93,49.9,17.5,29.4,0.643,1.478,0.36,0
AST-LAB-590,Lab Equipment,477,29,5.4,3,1.68,48.1,9.6,47.4,0.539,0.322,0.34,0
AST-WAT-497,Water Pump,785,22,0.0,0,2.61,54.5,29.3,60.1,0.948,0.244,0.0,0
AST-WAT-169,Water Pump,1020,112,17.9,6,3.0,66.5,31.6,39.4,1.327,1.244,0.526,0
AST-LAB-856,Lab Equipment,614,114,11.6,3,2.68,41.6,15.5,41.0,0.743,1.267,0.567,0
AST-HVA-778,HVAC,2092,197,65.1,11,5.16,88.1,26.6,45.1,3.031,2.189,0.934,1
AST-WAT-315,Water Pump,1332,12,6.1,10,2.74,48.0,28.9,67.3,0.877,0.133,0.137,0
AST-GEN-449,Generator,1057,236,14.7,7,6.71,100.3,55.3,56.2,4.485,2.622,0.417,1
AST-LAB-305,Lab Equipment,261,101,0.0,0,2.0,42.9,16.5,43.2,0.573,1.122,0.0,0
AST-MED-617,Medical,290,58,1.8,1,1.37,37.5,11.0,44.1,0.342,0.644,0.186,0
AST-GEN-443,Generator,1827,7,1.2,11,2.68,73.4,55.3,38.0,1.311,0.078,0.02,0
AST-HVA-963,HVAC,1036,155,14.2,6,5.01,65.3,24.5,74.4,2.18,1.722,0.411,0
AST-IT -264,IT Server,617,141,2.9,3,2.58,64.6,18.4,35.2,1.11,1.567,0.141,0
AST-HVA-214,HVAC,296,105,1.6,1,2.9,58.5,21.1,53.9,1.132,1.167,0.162,0
AST-HVA-733,HVAC,725,186,1.6,4,5.14,83.2,32.8,65.4,2.851,2.067,0.066,0
AST-MED-139,Medical,617,231,17.8,5,6.18,68.7,20.0,74.9,2.83,2.567,0.865,1
AST-GEN-106,Generator,1591,1,1.3,6,2.85,78.0,53.2,43.0,1.483,0.011,0.025,0
AST-WAT-496,Water Pump,2352,31,56.1,14,3.95,61.3,30.5,30.8,1.613,0.344,0.716,0
AST-WAT-743,Water Pump,174,145,0.0,0,5.5,68.9,41.8,48.8,2.523,1.611,0.0,0
AST-HVA-764,HVAC,1981,240,31.1,13,7.43,84.9,34.6,53.8,4.202,2.667,0.471,1
AST-LAB-389,Lab Equipment,1614,116,43.2,10,3.05,47.9,12.8,59.2,0.973,1.289,0.803,0
AST-GEN-799,Generator,2039,157,19.1,15,5.86,86.1,49.2,43.9,3.361,1.744,0.281,1
AST-ELE-565,Elevator,1992,236,5.3,12,7.73,85.2,36.3,52.0,4.391,2.622,0.08,1
AST-LAB-649,Lab Equipment,1505,58,18.0,2,1.85,44.0,12.4,35.6,0.542,0.644,0.359,0
AST-ELE-848,Elevator,744,100,24.1,6,2.37,58.5,28.1,47.6,0.923,1.111,0.972,0
AST-GEN-476,Generator,115,111,0.0,0,2.63,58.4,33.5,51.2,1.023,1.233,0.0,0
AST-GEN-143,Generator,1913,106,148.7,16,3.07,68.1,38.6,53.2,1.393,1.178,2.332,1
AST-IT -972,IT Server,959,103,55.5,5,2.17,48.9,12.2,71.5,0.707,1.144,1.736,0
AST-ELE-461,Elevator,882,104,143.1,8,4.43,59.9,26.9,60.5,1.767,1.156,4.867,1
AST-LAB-571,Lab Equipment,1882,114,252.3,12,3.75,56.2,16.6,52.2,1.404,1.267,4.022,1
AST-LAB-472,Lab Equipment,1413,84,41.5,5,1.55,53.6,12.8,49.2,0.552,0.933,0.881,0
AST-GEN-840,Generator,2200,53,292.3,17,4.73,85.0,44.5,52.5,2.679,0.589,3.986,1
AST-ELE-295,Elevator,2358,50,78.7,12,3.34,71.4,26.6,48.9,1.588,0.556,1.001,0
AST-ELE-775,Elevator,1518,231,2.0,8,6.68,94.0,46.1,57.8,4.185,2.567,0.04,1
AST-WAT-882,Water Pump,1702,96,109.1,12,3.87,72.3,40.6,41.5,1.865,1.067,1.923,1
AST-GEN-502,Generator,608,121,7.7,2,2.81,66.8,49.2,55.1,1.251,1.344,0.38,0
AST-ELE-563,Elevator,1260,232,9.4,9,7.47,86.3,33.9,58.2,4.297,2.578,0.224,1
AST-WAT-990,Water Pump,1718,14,28.0,8,3.14,70.0,35.6,44.1,1.463,0.156,0.489,0
AST-MED-664,Medical,671,169,1.9,4,4.26,54.7,14.3,53.5,1.555,1.878,0.085,0
AST-IT -542,IT Server,768,114,15.9,3,2.0,51.0,19.3,52.8,0.68,1.267,0.621,0
AST-GEN-495,Generator,2354,171,103.1,12,5.97,100.0,48.2,26.8,3.98,1.9,1.314,1
AST-ELE-796,Elevator,2337,197,35.9,8,6.36,87.8,33.6,50.5,3.719,2.189,0.461,1
AST-LAB-688,Lab Equipment,840,39,33.1,7,2.3,34.6,12.0,28.9,0.532,0.433,1.182,0
AST-LAB-351,Lab Equipment,564,196,14.7,2,4.72,70.4,20.7,41.5,2.214,2.178,0.782,0
AST-MED-725,Medical,2203,189,2.3,8,4.54,61.5,16.3,50.9,1.862,2.1,0.031,0
AST-HVA-792,HVAC,427,202,1.9,4,5.2,82.6,35.1,33.5,2.862,2.244,0.133,1
AST-HVA-108,HVAC,246,85,5.5,3,2.44,57.3,21.6,48.2,0.934,0.944,0.671,0
AST-MED-465,Medical,861,191,5.5,7,4.51,61.3,15.4,44.0,1.844,2.122,0.192,1
AST-GEN-414,Generator,300,93,0.0,0,2.6,64.0,52.0,68.8,1.108,1.033,0.0,0
AST-MED-697,Medical,1859,122,209.3,15,4.33,50.8,10.7,44.3,1.465,1.356,3.378,1
AST-GEN-396,Generator,1272,26,22.4,10,2.23,79.3,42.8,44.8,1.177,0.289,0.528,0
AST-GEN-255,Generator,698,107,107.0,6,4.04,86.5,39.0,36.3,2.329,1.189,4.599,1
AST-IT -519,IT Server,678,144,0.2,5,2.95,59.5,21.8,24.6,1.171,1.6,0.009,0
AST-LAB-816,Lab Equipment,1181,177,2.6,8,4.28,62.6,19.6,54.0,1.788,1.967,0.066,0
AST-GEN-216,Generator,630,233,1.7,4,5.83,107.2,61.8,39.7,4.166,2.589,0.081,1
AST-WAT-140,Water Pump,585,226,10.6,5,6.48,82.4,44.0,69.3,3.56,2.511,0.544,1
AST-LAB-588,Lab Equipment,728,197,8.4,2,4.21,68.7,19.7,39.7,1.926,2.189,0.346,1
AST-ELE-937,Elevator,1514,239,15.4,11,6.02,94.1,43.8,39.4,3.78,2.656,0.305,1
AST-IT -286,IT Server,1862,229,12.6,8,5.93,79.1,27.8,57.9,3.127,2.544,0.203,1
AST-LAB-787,Lab Equipment,2351,89,469.8,15,2.94,61.8,9.2,63.2,1.21,0.989,5.995,1
AST-HVA-478,HVAC,312,46,26.0,5,3.09,53.8,26.9,39.7,1.108,0.511,2.5,0
AST-MED-793,Medical,1642,235,18.3,4,5.88,73.1,21.8,69.9,2.869,2.611,0.334,1
AST-WAT-784,Water Pump,837,163,2.9,3,6.86,69.9,39.2,52.8,3.196,1.811,0.104,1
AST-ELE-911,Elevator,370,91,0.9,2,2.08,60.1,31.3,47.1,0.835,1.011,0.073,0
AST-WAT-606,Water Pump,95,160,0.0,0,3.66,83.8,31.3,42.9,2.046,1.778,0.0,0
AST-LAB-273,Lab Equipment,1525,218,115.0,18,6.76,78.4,23.7,49.6,3.531,2.422,2.262,1
AST-IT -386,IT Server,2161,232,35.7,5,6.19,76.8,28.3,48.9,3.168,2.578,0.496,1
AST-LAB-426,Lab Equipment,713,14,18.6,5,1.61,52.2,10.4,24.7,0.558,0.156,0.783,0
AST-ELE-413,Elevator,1107,115,27.2,9,2.52,59.1,28.2,34.1,0.993,1.278,0.737,0
AST-MED-141,Medical,1147,192,1.1,4,4.57,55.3,14.2,44.1,1.685,2.133,0.029,0
AST-ELE-569,Elevator,358,86,4.2,2,1.66,52.7,13.2,40.2,0.582,0.956,0.352,0
AST-GEN-992,Generator,73,189,0.0,0,4.86,85.5,58.1,51.4,2.77,2.1,0.0,0
AST-MED-489,Medical,847,232,26.3,5,5.63,69.6,18.0,71.5,2.615,2.578,0.932,1
AST-LAB-136,Lab Equipment,1137,179,2.8,2,4.52,63.0,18.9,35.5,1.898,1.989,0.074,0
AST-MED-922,Medical,2129,219,69.7,12,5.98,72.1,19.0,45.6,2.874,2.433,0.982,0
AST-LAB-516,Lab Equipment,1431,34,59.8,6,1.86,47.1,9.6,82.7,0.585,0.378,1.254,0
AST-ELE-367,Elevator,2292,50,26.4,10,2.07,56.1,18.4,69.8,0.775,0.556,0.346,0
AST-MED-185,Medical,1872,236,6.9,7,6.09,69.2,19.7,32.8,2.809,2.622,0.111,1
AST-WAT-782,Water Pump,1335,221,7.2,5,6.3,86.7,46.5,46.0,3.641,2.456,0.162,1
AST-HVA-123,HVAC,556,207,4.9,5,6.1,73.4,29.0,40.3,2.985,2.3,0.264,0
AST-GEN-176,Generator,755,96,33.8,3,4.71,75.1,53.5,37.8,2.356,1.067,1.343,1
AST-IT -920,IT Server,1000,200,89.8,6,5.23,86.6,21.5,51.9,3.016,2.222,2.694,1
AST-HVA-109,HVAC,85,189,0.0,0,5.24,70.5,31.6,22.9,2.464,2.1,0.0,0
AST-WAT-732,Water Pump,318,40,0.0,0,0.8,72.8,34.9,52.7,0.39,0.444,0.0,0
AST-WAT-571,Water Pump,1385,202,17.3,7,7.03,72.7,39.3,53.9,3.405,2.244,0.375,1
AST-IT -224,IT Server,260,181,0.0,0,3.68,64.7,20.3,44.2,1.587,2.011,0.0,0
AST-ELE-183,Elevator,790,24,12.6,8,1.88,64.3,25.2,46.3,0.807,0.267,0.478,0
AST-HVA-103,HVAC,1803,203,32.3,7,6.27,90.4,31.5,66.0,3.779,2.256,0.537,1
AST-GEN-151,Generator,355,100,4.7,2,2.3,72.2,56.5,57.5,1.105,1.111,0.397,0
AST-IT -297,IT Server,1979,210,13.0,9,5.04,67.4,23.8,42.8,2.266,2.333,0.197,1
AST-LAB-719,Lab Equipment,792,121,41.5,4,3.02,51.6,18.8,61.7,1.041,1.344,1.572,0
AST-ELE-706,Elevator,280,114,12.1,3,3.72,63.9,24.9,67.1,1.583,1.267,1.296,0
AST-HVA-181,HVAC,750,51,15.6,3,2.05,61.8,23.9,56.7,0.845,0.567,0.624,0
AST-IT -689,IT Server,805,180,14.2,3,3.76,67.5,21.6,49.1,1.693,2.0,0.529,1
AST-WAT-177,Water Pump,800,48,25.4,3,3.51,59.9,26.9,45.9,1.404,0.533,0.952,0
AST-WAT-333,Water Pump,695,102,10.0,4,3.07,58.9,33.6,52.0,1.205,1.133,0.432,0
AST-IT -403,IT Server,2493,106,108.9,13,2.99,56.4,16.2,35.0,1.124,1.178,1.31,0
AST-MED-323,Medical,1777,65,40.9,4,1.34,43.2,9.3,27.3,0.387,0.722,0.69,0
AST-ELE-346,Elevator,2203,2,25.6,12,2.17,57.3,26.7,64.9,0.83,0.022,0.349,0
AST-ELE-357,Elevator,1182,194,12.4,6,5.96,74.9,43.0,55.9,2.98,2.156,0.315,1
AST-HVA-164,HVAC,2053,89,28.0,13,1.53,58.7,23.3,46.4,0.6,0.989,0.409,0
AST-HVA-734,HVAC,1791,21,8.8,6,3.15,55.9,20.1,44.0,1.173,0.233,0.147,0
AST-ELE-556,Elevator,79,191,13.5,1,4.39,74.6,40.7,57.6,2.183,2.122,5.127,0
AST-MED-702,Medical,1510,179,24.5,6,4.66,65.2,14.2,48.0,2.028,1.989,0.487,0
AST-ELE-167,Elevator,2361,68,43.0,22,4.0,67.2,27.5,60.0,1.793,0.756,0.546,0
AST-MED-561,Medical,1496,191,4.8,4,3.93,59.3,17.7,44.9,1.552,2.122,0.096,0
AST-MED-611,Medical,1259,196,88.6,7,5.2,68.7,17.2,76.5,2.38,2.178,2.111,1
AST-IT -862,IT Server,809,59,9.2,1,0.89,50.0,13.3,34.6,0.296,0.656,0.341,0
AST-HVA-807,HVAC,1475,105,87.5,12,4.85,57.0,26.5,68.2,1.841,1.167,1.78,0
AST-LAB-432,Lab Equipment,1681,119,11.0,5,3.09,53.7,14.6,39.2,1.107,1.322,0.196,0
AST-LAB-563,Lab Equipment,655,37,15.2,4,1.71,37.6,14.2,45.2,0.429,0.411,0.696,0
AST-LAB-529,Lab Equipment,130,224,0.0,0,5.08,68.1,22.5,64.9,2.307,2.489,0.0,1
AST-MED-490,Medical,641,103,165.9,6,2.69,53.0,8.9,51.7,0.95,1.144,7.764,0
AST-LAB-910,Lab Equipment,737,39,6.1,11,1.29,47.3,10.4,50.9,0.407,0.433,0.248,0
AST-GEN-322,Generator,418,5,63.8,3,2.49,58.3,46.8,50.0,0.967,0.056,4.579,0
AST-GEN-377,Generator,1411,51,60.2,7,3.02,85.8,47.9,50.8,1.727,0.567,1.28,1
AST-LAB-262,Lab Equipment,1273,213,276.6,9,6.04,80.8,23.8,55.1,3.251,2.367,6.518,1
AST-IT -384,IT Server,962,49,41.5,3,1.42,41.3,17.8,41.4,0.393,0.544,1.294,0
AST-ELE-611,Elevator,1802,112,138.9,10,4.13,70.7,27.0,52.3,1.946,1.244,2.312,0
AST-GEN-599,Generator,274,91,0.0,0,1.91,69.6,29.3,32.7,0.884,1.011,0.0,0
AST-HVA-431,HVAC,1982,156,21.9,11,5.43,68.6,35.0,20.7,2.482,1.733,0.331,1
AST-GEN-631,Generator,2054,206,120.9,11,6.79,100.1,44.7,39.9,4.529,2.289,1.766,1
AST-LAB-113,Lab Equipment,1291,162,32.5,6,4.15,51.1,18.6,33.9,1.415,1.8,0.755,0
AST-ELE-418,Elevator,1787,157,103.5,10,3.98,81.6,39.0,65.6,2.165,1.744,1.738,1
AST-GEN-642,Generator,1184,88,19.9,4,1.88,64.2,51.5,50.2,0.806,0.978,0.504,0
AST-WAT-805,Water Pump,554,95,28.9,6,1.23,64.3,27.7,62.2,0.527,1.056,1.565,0
AST-LAB-164,Lab Equipment,102,115,0.0,0,1.73,47.9,12.9,59.5,0.551,1.278,0.0,0
AST-GEN-314,Generator,1366,177,9.7,5,5.44,98.2,45.9,55.4,3.559,1.967,0.213,1
AST-WAT-420,Water Pump,1980,202,102.2,8,7.38,87.5,41.0,42.3,4.309,2.244,1.548,1
AST-MED-691,Medical,1386,179,4.0,8,4.0,62.1,15.1,72.5,1.659,1.989,0.087,0
AST-GEN-429,Generator,2374,234,185.4,14,9.05,100.7,58.3,67.0,6.074,2.6,2.343,1
AST-IT -724,IT Server,1000,209,0.1,6,4.7,69.5,22.7,69.8,2.176,2.322,0.003,0
AST-LAB-676,Lab Equipment,1954,228,89.1,14,7.6,86.2,22.4,34.4,4.366,2.533,1.368,1
AST-IT -197,IT Server,1603,193,79.1,7,5.07,70.4,23.9,49.8,2.383,2.144,1.48,1
AST-MED-183,Medical,2197,126,190.6,11,4.5,54.9,11.6,55.1,1.648,1.4,2.603,1
AST-ELE-372,Elevator,304,116,19.8,3,2.76,68.9,26.0,34.5,1.265,1.289,1.954,0
AST-GEN-910,Generator,1161,183,5.3,4,4.06,94.4,56.9,47.8,2.553,2.033,0.137,1
AST-WAT-896,Water Pump,271,122,1.0,6,2.25,79.3,40.9,50.6,1.19,1.356,0.111,0
AST-ELE-103,Elevator,1370,92,7.5,9,3.3,74.3,28.8,54.0,1.632,1.022,0.164,0
AST-LAB-675,Lab Equipment,628,201,19.1,3,4.63,67.7,21.0,43.3,2.09,2.233,0.912,1
AST-MED-596,Medical,1316,155,8.5,13,4.1,60.0,14.4,49.2,1.639,1.722,0.194,0
AST-GEN-943,Generator,800,237,96.3,5,7.15,119.9,50.9,40.6,5.714,2.633,3.611,1
AST-HVA-402,HVAC,278,189,65.9,7,4.63,71.2,32.7,35.6,2.198,2.1,7.112,0
AST-IT -918,IT Server,2094,73,2.5,9,1.46,40.3,11.9,40.4,0.391,0.811,0.036,0
AST-LAB-533,Lab Equipment,74,77,0.0,0,1.19,49.5,10.2,36.9,0.394,0.856,0.0,0
AST-GEN-403,Generator,133,8,6.0,1,1.98,65.2,41.2,49.2,0.863,0.089,1.353,0
AST-WAT-531,Water Pump,352,95,5.4,2,2.16,63.5,33.4,42.0,0.917,1.056,0.46,0
AST-GEN-557,Generator,1594,143,3.3,5,4.54,79.8,43.2,57.6,2.412,1.589,0.062,1
AST-LAB-876,Lab Equipment,1316,28,59.9,11,1.66,52.5,12.6,40.7,0.582,0.311,1.366,0
AST-LAB-382,Lab Equipment,840,181,17.7,4,4.71,63.6,18.5,34.3,1.996,2.011,0.632,0
AST-MED-266,Medical,2432,33,68.5,7,2.43,46.0,7.0,46.9,0.745,0.367,0.845,0
AST-HVA-226,HVAC,244,223,7.3,4,5.51,93.5,32.2,58.9,3.436,2.478,0.898,1
AST-LAB-477,Lab Equipment,610,81,21.3,6,1.58,49.8,11.2,75.2,0.525,0.9,1.048,0
AST-LAB-663,Lab Equipment,134,161,3.7,1,3.36,71.4,17.1,60.2,1.597,1.789,0.828,0
AST-MED-505,Medical,759,84,34.4,4,2.5,44.8,7.7,41.6,0.747,0.933,1.36,0
AST-WAT-135,Water Pump,1188,83,78.9,7,3.87,58.8,26.8,77.4,1.516,0.922,1.992,0
AST-IT -140,IT Server,2125,15,19.2,12,1.92,43.8,14.3,50.3,0.562,0.167,0.271,0
AST-ELE-235,Elevator,2064,17,6.4,13,2.79,70.4,29.2,33.2,1.309,0.189,0.093,0
AST-GEN-255,Generator,448,134,46.0,4,3.86,84.0,49.6,46.4,2.163,1.489,3.08,1
AST-ELE-340,Elevator,406,194,3.9,2,4.68,69.3,42.6,51.1,2.165,2.156,0.288,0
AST-MED-446,Medical,362,106,0.7,2,1.88,44.5,8.4,42.4,0.558,1.178,0.058,0
AST-HVA-604,HVAC,1670,140,43.4,9,4.82,71.0,33.4,47.2,2.283,1.556,0.78,1
AST-LAB-757,Lab Equipment,1651,178,27.9,13,5.47,61.0,16.4,38.7,2.225,1.978,0.507,1
AST-WAT-191,Water Pump,878,115,23.8,6,3.37,53.8,36.3,54.6,1.21,1.278,0.813,0
AST-WAT-989,Water Pump,1098,59,182.3,7,5.27,68.8,30.1,64.8,2.42,0.656,4.981,1
AST-ELE-799,Elevator,2314,7,19.4,13,2.97,54.5,26.6,40.1,1.078,0.078,0.252,0
AST-WAT-814,Water Pump,953,123,13.1,6,3.02,57.4,31.1,39.6,1.158,1.367,0.412,0
AST-GEN-876,Generator,982,40,49.8,5,2.03,72.9,48.0,44.0,0.987,0.444,1.521,0
AST-GEN-612,Generator,1338,83,9.3,8,1.9,75.1,57.9,47.9,0.95,0.922,0.209,0
AST-ELE-786,Elevator,1651,5,144.0,14,4.69,58.1,43.1,47.9,1.817,0.056,2.617,0
AST-MED-604,Medical,126,172,1.7,1,3.28,50.9,14.4,45.0,1.113,1.911,0.405,0
AST-LAB-663,Lab Equipment,308,11,15.9,3,1.54,46.0,13.8,40.9,0.473,0.122,1.549,0
AST-HVA-313,HVAC,970,150,2.9,5,4.16,69.3,23.5,57.1,1.921,1.667,0.09,0
AST-MED-818,Medical,360,149,13.0,3,3.05,46.7,13.5,44.8,0.95,1.656,1.083,0
AST-IT -948,IT Server,702,102,2.1,5,1.06,58.1,18.0,41.9,0.411,1.133,0.09,0
AST-IT -107,IT Server,1182,69,6.7,3,1.02,48.2,13.2,65.8,0.328,0.767,0.17,0
AST-IT -497,IT Server,684,214,29.6,3,5.05,69.9,25.8,49.0,2.351,2.378,1.298,1
AST-IT -362,IT Server,1400,51,4.9,3,0.98,45.2,19.1,55.8,0.295,0.567,0.105,0
AST-MED-502,Medical,518,167,1.6,2,3.44,58.4,15.2,48.9,1.341,1.856,0.093,0
AST-HVA-556,HVAC,2126,198,183.5,11,6.68,72.9,23.6,63.8,3.244,2.2,2.589,1
AST-GEN-215,Generator,200,100,19.3,2,2.74,77.0,47.4,36.2,1.408,1.111,2.895,0
AST-ELE-995,Elevator,872,52,5.8,4,2.84,65.6,26.5,41.1,1.241,0.578,0.2,0
AST-ELE-865,Elevator,1253,214,24.9,10,5.76,83.1,31.9,48.5,3.19,2.378,0.596,1
AST-GEN-707,Generator,1272,93,58.8,7,1.78,85.7,46.6,53.4,1.019,1.033,1.387,0
AST-ELE-741,Elevator,971,146,154.3,9,5.65,88.9,35.3,56.7,3.349,1.622,4.767,1
AST-WAT-358,Water Pump,918,131,31.5,3,4.1,72.7,42.0,42.7,1.988,1.456,1.029,1
AST-HVA-321,HVAC,771,221,13.5,1,6.37,76.5,37.5,35.6,3.248,2.456,0.525,1
AST-LAB-837,Lab Equipment,1621,185,114.4,7,5.76,65.4,20.1,40.9,2.51,2.056,2.117,1
AST-LAB-716,Lab Equipment,706,236,25.3,2,6.35,80.4,27.3,57.8,3.405,2.622,1.075,1
AST-IT -711,IT Server,1198,204,4.3,9,4.96,68.7,24.1,26.2,2.271,2.267,0.108,0
AST-WAT-354,Water Pump,348,158,12.6,3,3.13,68.5,39.4,43.0,1.43,1.756,1.086,0
AST-HVA-973,HVAC,157,159,0.0,0,3.61,71.0,26.5,46.1,1.707,1.767,0.0,1
AST-HVA-380,HVAC,30,78,0.0,0,2.02,55.4,22.7,42.6,0.747,0.867,0.0,0
AST-ELE-681,Elevator,683,25,8.6,1,3.95,51.9,25.0,48.5,1.368,0.278,0.378,0
AST-GEN-761,Generator,811,109,14.7,3,4.26,90.3,53.9,24.8,2.568,1.211,0.544,0
AST-MED-177,Medical,1176,107,11.0,11,1.78,44.2,8.7,60.5,0.523,1.189,0.281,0
AST-MED-888,Medical,173,231,21.9,4,5.31,66.1,19.5,47.1,2.339,2.567,3.798,1
AST-GEN-369,Generator,1901,239,123.5,16,7.5,95.4,65.7,45.5,4.772,2.656,1.949,1
AST-WAT-309,Water Pump,522,236,1.2,3,6.32,93.5,51.5,61.1,3.937,2.622,0.069,1
AST-ELE-911,Elevator,154,226,12.5,1,6.29,93.6,44.7,73.9,3.928,2.511,2.435,1
AST-LAB-278,Lab Equipment,88,29,3.7,2,1.42,44.5,11.7,45.3,0.42,0.322,1.261,0
AST-GEN-566,Generator,2404,178,31.1,13,6.29,90.7,53.0,40.3,3.804,1.978,0.388,1
AST-MED-123,Medical,2336,123,7.2,13,2.57,48.6,13.6,44.2,0.832,1.367,0.092,0
AST-ELE-256,Elevator,912,17,13.0,4,3.5,54.0,24.3,44.7,1.261,0.189,0.428,0
AST-LAB-130,Lab Equipment,182,128,1.8,2,2.84,50.0,14.7,62.2,0.946,1.422,0.297,0
AST-LAB-522,Lab Equipment,746,4,2.8,4,1.55,37.1,12.2,56.8,0.384,0.044,0.113,0
AST-HVA-772,HVAC,288,198,1.3,1,5.7,77.3,34.6,23.8,2.939,2.2,0.135,0
AST-ELE-388,Elevator,1992,52,33.7,13,3.57,68.9,23.1,60.9,1.64,0.578,0.508,0
AST-HVA-787,HVAC,1143,224,46.7,3,6.79,86.1,37.4,47.2,3.899,2.489,1.226,1
AST-ELE-558,Elevator,37,167,31.2,1,4.88,75.9,33.9,57.6,2.468,1.856,25.297,1
AST-IT -955,IT Server,1813,144,55.8,9,3.35,65.3,17.8,35.4,1.458,1.6,0.923,0
AST-LAB-910,Lab Equipment,978,184,3.9,5,4.57,71.4,21.9,43.6,2.173,2.044,0.12,0
AST-HVA-393,HVAC,1521,23,4.3,6,1.66,60.1,19.9,49.6,0.667,0.256,0.085,0
AST-LAB-940,Lab Equipment,1965,140,4.4,9,3.52,63.9,16.3,51.2,1.501,1.556,0.067,0
AST-ELE-480,Elevator,2286,139,24.5,15,5.07,81.6,28.7,66.5,2.759,1.544,0.322,1
AST-ELE-754,Elevator,1450,105,0.9,7,2.03,65.7,28.1,45.4,0.888,1.167,0.019,0
AST-LAB-481,Lab Equipment,1944,89,128.8,10,2.38,57.4,13.8,57.3,0.911,0.989,1.988,0
AST-GEN-933,Generator,2055,173,8.4,12,5.07,93.9,53.9,61.8,3.176,1.922,0.123,1
AST-MED-542,Medical,384,155,71.3,4,3.7,63.4,12.8,43.9,1.563,1.722,5.57,1
AST-GEN-440,Generator,1499,166,38.9,10,5.51,102.2,44.8,41.4,3.753,1.844,0.779,1
AST-WAT-652,Water Pump,702,228,13.3,3,6.87,78.8,46.5,28.4,3.611,2.533,0.568,1
AST-IT -980,IT Server,624,154,4.3,6,3.16,64.7,19.7,32.7,1.364,1.711,0.207,0
AST-ELE-951,Elevator,683,218,34.8,6,7.04,79.3,42.7,55.5,3.722,2.422,1.529,1
AST-GEN-935,Generator,873,212,90.8,7,7.52,106.4,50.1,79.0,5.334,2.356,3.12,1
AST-HVA-943,HVAC,1746,226,52.3,10,7.09,96.6,34.8,64.1,4.566,2.511,0.899,1
AST-IT -657,IT Server,201,134,0.6,1,2.47,59.0,23.8,62.9,0.971,1.489,0.09,0
AST-HVA-360,HVAC,2284,171,92.6,14,7.31,76.1,33.8,54.4,3.709,1.9,1.216,1
AST-ELE-332,Elevator,1401,126,53.3,8,4.03,80.2,26.6,55.7,2.156,1.4,1.141,1
AST-ELE-956,Elevator,1559,141,14.0,8,4.59,63.4,34.6,59.9,1.937,1.567,0.269,0
AST-IT -772,IT Server,1638,57,87.1,8,2.63,59.1,14.9,39.4,1.034,0.633,1.595,0
AST-ELE-517,Elevator,465,58,2.7,2,1.11,53.5,21.2,37.5,0.396,0.644,0.174,0
AST-LAB-259,Lab Equipment,801,184,22.4,4,5.06,62.2,20.3,43.3,2.097,2.044,0.839,1
AST-WAT-616,Water Pump,471,127,9.7,3,3.03,70.3,44.5,37.6,1.417,1.411,0.618,0
AST-HVA-811,HVAC,1285,62,3.1,6,2.77,53.2,22.6,63.5,0.981,0.689,0.072,0
AST-MED-945,Medical,887,139,29.2,5,3.66,57.8,12.7,43.0,1.409,1.544,0.988,0
AST-WAT-295,Water Pump,126,5,0.0,0,3.89,51.0,33.7,52.4,1.323,0.056,0.0,0
AST-HVA-312,HVAC,790,212,54.5,4,5.74,83.4,35.8,32.2,3.189,2.356,2.07,1
AST-HVA-168,HVAC,1068,116,15.0,7,2.71,53.8,22.2,48.8,0.972,1.289,0.421,0
AST-LAB-466,Lab Equipment,1680,3,65.8,4,2.55,46.6,13.2,43.6,0.791,0.033,1.175,0
AST-MED-451,Medical,1618,96,59.5,7,2.51,53.5,8.5,50.2,0.897,1.067,1.103,0
AST-LAB-734,Lab Equipment,2445,236,50.1,13,6.36,75.8,23.8,40.0,3.212,2.622,0.615,1
AST-IT -707,IT Server,201,174,30.0,3,3.68,56.2,24.9,36.1,1.379,1.933,4.478,0
AST-HVA-611,HVAC,1339,90,12.8,4,1.87,55.8,15.9,64.8,0.696,1.0,0.287,0
AST-ELE-584,Elevator,1601,193,78.4,10,6.81,82.0,35.3,65.4,3.727,2.144,1.469,1
AST-HVA-532,HVAC,2434,159,26.6,13,4.5,66.8,28.1,60.6,2.002,1.767,0.328,0
AST-ELE-602,Elevator,141,98,32.7,2,1.98,59.7,35.2,31.0,0.789,1.089,6.957,0
AST-LAB-877,Lab Equipment,385,122,17.2,4,2.43,42.3,15.3,48.0,0.684,1.356,1.34,0
AST-HVA-184,HVAC,1035,186,2.3,8,4.79,68.6,32.9,38.8,2.192,2.067,0.067,0
AST-ELE-196,Elevator,1892,98,72.7,11,2.93,69.3,32.2,61.2,1.353,1.089,1.153,0
AST-GEN-718,Generator,1952,9,227.6,13,3.67,83.2,41.5,58.4,2.035,0.1,3.498,1
AST-IT -895,IT Server,1878,56,28.0,11,1.91,48.2,15.3,68.8,0.613,0.622,0.447,0
AST-HVA-110,HVAC,555,152,154.3,6,4.63,72.2,26.1,34.3,2.231,1.689,8.341,1
AST-WAT-128,Water Pump,2103,114,36.8,13,5.2,71.4,36.4,59.0,2.476,1.267,0.525,1
AST-GEN-574,Generator,1155,179,7.2,3,6.01,89.5,49.2,57.2,3.586,1.989,0.187,1
AST-WAT-648,Water Pump,229,65,11.2,3,3.51,61.1,34.3,47.7,1.431,0.722,1.467,0
AST-ELE-629,Elevator,2041,45,69.1,9,2.41,55.6,33.3,48.7,0.894,0.5,1.016,0
AST-MED-974,Medical,696,11,30.2,5,2.08,44.4,8.1,45.2,0.615,0.122,1.302,0
AST-MED-536,Medical,479,176,1.8,2,4.02,54.9,15.9,46.0,1.47,1.956,0.113,0
AST-WAT-178,Water Pump,845,124,8.8,5,2.71,76.6,28.6,55.5,1.383,1.378,0.312,0
AST-HVA-496,HVAC,753,198,28.3,4,5.25,72.0,28.5,42.4,2.518,2.2,1.127,1
AST-MED-287,Medical,945,88,5.9,3,1.12,43.4,9.5,50.0,0.324,0.978,0.187,0
AST-IT -965,IT Server,2050,59,163.9,13,3.0,51.2,13.7,40.2,1.023,0.656,2.399,0
AST-WAT-817,Water Pump,505,26,46.5,4,2.93,70.9,39.1,64.1,1.384,0.289,2.762,0
AST-GEN-858,Generator,2335,7,1.1,9,2.71,78.4,44.5,39.7,1.418,0.078,0.014,0
AST-MED-913,Medical,1791,6,31.4,9,1.47,39.9,7.8,48.9,0.39,0.067,0.526,0
AST-ELE-477,Elevator,2256,28,29.5,12,3.01,64.4,28.7,61.5,1.29,0.311,0.392,0
AST-HVA-385,HVAC,1817,143,73.2,10,4.09,81.0,30.6,49.2,2.207,1.589,1.209,1
AST-HVA-166,HVAC,387,68,112.5,3,1.81,64.0,24.7,67.6,0.77,0.756,8.721,0
AST-ELE-466,Elevator,1974,103,3.5,8,2.66,77.6,33.0,43.7,1.377,1.144,0.053,0
AST-GEN-996,Generator,593,31,81.4,5,3.12,88.5,33.5,50.5,1.841,0.344,4.118,1
AST-HVA-684,HVAC,795,171,7.2,2,5.79,68.6,32.5,50.6,2.645,1.9,0.272,1
AST-ELE-659,Elevator,1559,143,36.1,9,4.89,79.6,33.7,55.9,2.596,1.589,0.695,1
AST-HVA-908,HVAC,789,150,6.3,1,4.19,55.8,28.2,66.5,1.561,1.667,0.24,0
AST-IT -140,IT Server,981,52,57.5,6,1.63,51.4,15.2,51.6,0.557,0.578,1.758,0
AST-GEN-864,Generator,1630,3,99.2,11,1.88,82.8,45.9,27.1,1.038,0.033,1.826,0
AST-IT -907,IT Server,79,29,0.0,0,1.07,53.5,16.9,61.9,0.382,0.322,0.0,0
AST-MED-699,Medical,2203,3,511.0,16,3.5,50.6,8.8,72.1,1.181,0.033,6.959,1
AST-WAT-240,Water Pump,1338,236,79.4,6,7.16,111.1,40.3,45.6,5.305,2.622,1.78,1
AST-LAB-920,Lab Equipment,904,49,4.9,4,1.9,48.7,13.8,49.9,0.616,0.544,0.163,0
AST-LAB-590,Lab Equipment,907,26,8.4,3,0.89,49.6,16.4,44.7,0.293,0.289,0.278,0
AST-IT -748,IT Server,2247,220,9.9,11,5.31,76.9,28.1,44.4,2.723,2.444,0.132,1
AST-GEN-783,Generator,550,220,1.6,3,5.38,84.6,47.8,56.2,3.035,2.444,0.087,1
AST-WAT-878,Water Pump,308,123,0.0,0,3.15,74.1,30.4,20.5,1.557,1.367,0.0,0
AST-HVA-679,HVAC,704,64,3.7,3,1.75,53.7,24.5,31.7,0.627,0.711,0.158,0
AST-LAB-959,Lab Equipment,1511,58,119.4,14,2.47,59.3,9.9,48.4,0.976,0.644,2.371,0
AST-LAB-161,Lab Equipment,1798,11,9.3,11,1.48,42.8,11.1,54.7,0.423,0.122,0.155,0
AST-WAT-504,Water Pump,143,50,0.0,0,3.83,74.1,30.3,45.5,1.89,0.556,0.0,0
AST-MED-500,Medical,1872,156,134.2,11,4.54,56.7,14.2,45.7,1.716,1.733,2.151,1
AST-GEN-866,Generator,551,123,10.6,4,2.1,69.5,44.1,41.5,0.975,1.367,0.577,0
AST-WAT-621,Water Pump,1695,166,1.0,15,4.73,75.6,32.7,55.7,2.383,1.844,0.018,0
AST-ELE-261,Elevator,1018,154,60.5,6,3.45,77.8,34.6,62.2,1.79,1.711,1.783,0
AST-LAB-891,Lab Equipment,337,111,0.7,1,1.19,43.7,13.5,56.7,0.345,1.233,0.062,0
AST-LAB-167,Lab Equipment,2330,22,54.9,11,2.42,51.0,14.1,57.4,0.823,0.244,0.707,0
AST-WAT-249,Water Pump,193,95,2.6,2,1.79,64.0,29.1,45.3,0.766,1.056,0.404,0
AST-MED-575,Medical,1428,78,16.8,9,1.96,36.5,6.6,57.1,0.476,0.867,0.353,0
AST-IT -434,IT Server,1292,219,30.0,9,5.54,68.2,24.6,50.8,2.521,2.433,0.697,0
AST-IT -599,IT Server,1611,194,114.7,11,5.78,77.9,22.4,55.3,2.999,2.156,2.136,1
AST-ELE-703,Elevator,2324,237,16.6,9,8.72,82.5,37.5,48.9,4.792,2.633,0.214,1
AST-IT -776,IT Server,2381,36,169.4,17,2.92,53.1,16.5,53.1,1.032,0.4,2.134,1
AST-HVA-808,HVAC,2035,88,108.0,9,2.8,59.1,18.1,49.5,1.105,0.978,1.592,0
AST-IT -746,IT Server,287,65,1.9,1,0.57,40.1,15.4,55.4,0.153,0.722,0.199,0
AST-MED-995,Medical,1213,153,60.0,8,4.03,64.8,11.6,50.1,1.743,1.7,1.484,0
AST-MED-431,Medical,1010,145,30.1,8,3.19,55.0,12.8,62.0,1.17,1.611,0.894,0
AST-MED-296,Medical,1402,133,9.1,7,3.01,57.9,9.7,25.6,1.16,1.478,0.195,0
AST-MED-370,Medical,2478,109,252.3,21,3.34,54.9,7.5,51.4,1.224,1.211,3.054,1
AST-GEN-886,Generator,600,206,32.7,5,7.01,101.6,42.7,47.2,4.752,2.289,1.635,1
AST-MED-294,Medical,1510,183,88.4,7,5.1,67.1,15.7,61.6,2.281,2.033,1.756,1
AST-MED-309,Medical,1925,149,24.4,15,3.95,52.4,11.1,41.0,1.378,1.656,0.38,0
AST-HVA-841,HVAC,1223,164,84.1,8,4.55,71.8,22.8,71.5,2.177,1.822,2.063,1
AST-IT -908,IT Server,1411,47,35.0,9,1.53,42.1,15.3,51.4,0.429,0.522,0.744,0
AST-WAT-608,Water Pump,1565,63,8.8,9,3.22,72.5,29.8,55.5,1.557,0.7,0.169,0
AST-ELE-377,Elevator,2357,118,140.4,12,4.8,68.8,34.1,36.4,2.203,1.311,1.787,1
AST-GEN-360,Generator,325,65,0.0,0,0.53,62.6,47.3,54.1,0.222,0.722,0.0,0
AST-LAB-932,Lab Equipment,2285,101,7.8,13,2.2,48.0,16.8,55.5,0.702,1.122,0.102,1
AST-GEN-931,Generator,1073,238,82.4,10,9.87,111.1,57.5,43.6,7.308,2.644,2.304,1
AST-IT -697,IT Server,1164,131,19.5,5,2.69,57.7,17.2,55.4,1.035,1.456,0.503,0
AST-GEN-372,Generator,238,110,0.0,0,3.53,70.9,39.6,28.9,1.67,1.222,0.0,0
AST-LAB-709,Lab Equipment,472,122,44.1,4,3.46,53.4,9.9,65.2,1.232,1.356,2.803,0
AST-MED-222,Medical,602,47,2.6,2,0.93,42.9,7.5,39.6,0.267,0.522,0.13,0
AST-WAT-920,Water Pump,253,11,8.2,2,3.69,57.0,35.9,38.7,1.401,0.122,0.972,0
AST-MED-210,Medical,2276,138,63.1,11,3.77,63.0,11.2,49.4,1.583,1.533,0.832,1
AST-WAT-198,Water Pump,1763,53,66.4,13,4.22,55.3,27.6,58.9,1.555,0.589,1.13,1
AST-ELE-680,Elevator,275,3,7.2,1,1.33,64.6,31.7,54.6,0.572,0.033,0.785,0
AST-IT -836,IT Server,1165,73,54.5,9,1.44,50.0,12.2,28.0,0.481,0.811,1.403,0
AST-GEN-325,Generator,2367,193,410.5,16,7.83,108.1,53.2,38.3,5.641,2.144,5.203,1
AST-IT -462,IT Server,998,39,37.8,6,1.53,46.7,15.6,31.7,0.475,0.433,1.136,0
AST-IT -424,IT Server,930,44,23.9,5,1.57,52.1,17.6,50.6,0.547,0.489,0.771,0
AST-WAT-492,Water Pump,862,139,7.8,5,3.95,72.7,35.9,45.6,1.916,1.544,0.271,0
AST-GEN-193,Generator,2369,190,129.9,15,7.19,92.6,60.6,40.2,4.436,2.111,1.645,1
AST-MED-928,Medical,2021,32,18.0,14,1.83,47.1,6.5,48.9,0.573,0.356,0.267,0
AST-WAT-516,Water Pump,935,62,9.6,2,2.6,68.4,22.3,37.3,1.186,0.689,0.308,0
AST-GEN-277,Generator,932,72,5.3,3,3.05,75.6,51.0,51.4,1.536,0.8,0.171,0
AST-GEN-787,Generator,1293,112,58.2,5,4.31,89.4,52.7,31.1,2.568,1.244,1.35,1
AST-IT -969,IT Server,1613,115,21.1,6,2.25,45.6,17.3,47.7,0.685,1.278,0.392,0
AST-HVA-967,HVAC,365,105,0.0,0,1.81,68.2,22.4,53.4,0.823,1.167,0.0,0
AST-LAB-253,Lab Equipment,1604,218,121.7,7,6.21,79.9,25.5,32.2,3.307,2.422,2.276,1
AST-LAB-123,Lab Equipment,2247,196,104.8,11,6.03,68.9,20.3,48.9,2.768,2.178,1.399,1
AST-ELE-603,Elevator,1818,203,15.4,3,6.27,89.3,38.2,47.9,3.732,2.256,0.254,1
AST-MED-429,Medical,114,128,0.0,0,2.34,46.9,10.9,60.9,0.732,1.422,0.0,0
AST-LAB-958,Lab Equipment,1841,156,7.4,7,3.57,58.8,13.9,58.2,1.4,1.733,0.121,0
AST-GEN-820,Generator,346,154,0.0,0,2.99,85.2,46.1,65.7,1.695,1.711,0.0,0
AST-ELE-486,Elevator,719,202,42.9,8,7.45,81.4,37.4,54.7,4.044,2.244,1.79,1
AST-GEN-421,Generator,1476,104,5.7,5,1.53,55.8,46.3,69.1,0.569,1.156,0.116,0
AST-ELE-397,Elevator,975,98,6.2,5,2.26,52.7,24.2,51.9,0.793,1.089,0.191,0
AST-LAB-124,Lab Equipment,2337,63,10.9,14,1.94,58.9,11.8,47.9,0.762,0.7,0.14,0
AST-HVA-563,HVAC,119,100,19.8,1,1.83,50.4,27.0,38.0,0.613,1.111,4.992,0
AST-MED-490,Medical,113,126,2.2,2,2.23,40.3,10.4,40.2,0.599,1.4,0.584,0
AST-LAB-534,Lab Equipment,396,112,5.5,2,2.94,52.0,15.1,40.0,1.021,1.244,0.417,0
AST-GEN-375,Generator,1531,234,5.8,2,7.99,107.2,58.0,29.4,5.712,2.6,0.114,0
AST-LAB-261,Lab Equipment,720,57,2.5,4,1.22,43.4,14.6,66.0,0.353,0.633,0.104,0
AST-ELE-629,Elevator,2483,136,149.1,18,6.22,73.3,30.0,54.5,3.038,1.511,1.801,1
AST-WAT-137,Water Pump,1592,94,0.1,5,1.91,54.2,33.8,40.5,0.691,1.044,0.002,0
AST-GEN-192,Generator,680,24,36.1,9,3.08,71.0,41.9,67.0,1.457,0.267,1.593,0
AST-IT -151,IT Server,1055,21,5.1,5,1.17,50.6,10.3,72.3,0.395,0.233,0.145,0
AST-MED-563,Medical,640,76,7.9,4,1.49,40.4,7.3,69.2,0.401,0.844,0.37,0
AST-LAB-385,Lab Equipment,791,59,20.9,8,1.02,40.3,11.2,26.6,0.273,0.656,0.793,0
AST-GEN-633,Generator,303,60,5.2,1,2.04,65.1,45.4,37.4,0.887,0.667,0.515,0
AST-IT -153,IT Server,2375,168,25.2,7,4.16,59.8,23.5,45.3,1.66,1.867,0.318,0
AST-WAT-987,Water Pump,750,74,4.0,8,2.01,55.1,31.1,50.9,0.739,0.822,0.16,0
AST-LAB-271,Lab Equipment,997,5,4.8,1,1.99,44.0,10.8,54.6,0.582,0.056,0.144,0
AST-GEN-717,Generator,345,18,14.7,3,3.63,54.8,41.9,54.0,1.326,0.2,1.278,0
AST-MED-936,Medical,762,137,14.4,3,2.47,47.4,11.9,53.2,0.779,1.522,0.567,0
AST-LAB-666,Lab Equipment,1541,186,1.8,8,4.54,54.6,20.1,40.6,1.652,2.067,0.035,1
AST-IT -291,IT Server,1036,202,2.9,5,4.77,72.3,23.6,36.6,2.299,2.244,0.084,1
AST-WAT-275,Water Pump,1145,132,382.2,10,3.48,81.1,37.3,58.4,1.882,1.467,10.014,1
AST-IT -616,IT Server,262,101,0.0,0,1.38,42.0,15.4,70.0,0.386,1.122,0.0,0
AST-HVA-580,HVAC,668,217,8.2,3,5.23,75.5,36.7,54.6,2.632,2.411,0.368,1
AST-WAT-723,Water Pump,1534,147,52.9,8,4.05,77.3,36.4,72.4,2.084,1.633,1.035,0
AST-LAB-351,Lab Equipment,1893,45,11.0,12,1.56,58.2,10.7,40.7,0.604,0.5,0.174,0
AST-ELE-354,Elevator,693,164,8.9,2,5.17,68.2,32.4,70.6,2.35,1.822,0.385,0
AST-HVA-168,HVAC,1575,35,51.9,14,2.25,69.7,23.3,74.5,1.044,0.389,0.989,1
AST-LAB-641,Lab Equipment,2036,174,11.4,8,5.27,63.7,19.0,45.2,2.239,1.933,0.168,0
AST-IT -654,IT Server,1684,228,18.9,9,5.44,61.2,22.4,63.2,2.219,2.533,0.337,1
AST-ELE-632,Elevator,1479,202,23.0,10,6.82,73.7,43.6,46.7,3.349,2.244,0.467,1
AST-ELE-957,Elevator,1689,193,45.3,6,5.83,82.0,39.8,47.1,3.188,2.144,0.805,1
AST-LAB-270,Lab Equipment,2090,220,57.8,8,6.07,77.1,21.6,47.2,3.118,2.444,0.83,1
AST-WAT-137,Water Pump,877,19,8.8,4,1.95,52.6,25.8,41.6,0.686,0.211,0.301,0
AST-MED-962,Medical,1252,30,10.1,5,1.69,38.7,7.4,65.6,0.436,0.333,0.242,0
AST-LAB-491,Lab Equipment,1569,77,5.2,8,1.85,51.8,8.6,53.0,0.639,0.856,0.099,0
AST-MED-598,Medical,843,193,59.0,5,4.43,57.4,18.0,66.3,1.696,2.144,2.1,1
AST-LAB-893,Lab Equipment,632,116,104.5,6,3.14,54.9,12.8,57.8,1.15,1.289,4.96,0
AST-WAT-876,Water Pump,602,167,31.3,5,4.64,82.4,38.3,50.4,2.551,1.856,1.56,0
AST-LAB-350,Lab Equipment,612,5,10.2,4,1.28,30.8,10.6,65.5,0.264,0.056,0.5,0
AST-LAB-358,Lab Equipment,2023,103,83.8,10,3.3,60.3,14.7,34.6,1.326,1.144,1.243,0
AST-LAB-480,Lab Equipment,868,119,24.3,5,2.55,54.3,14.4,56.3,0.924,1.322,0.84,0
AST-HVA-351,HVAC,626,230,2.5,1,6.62,78.1,35.4,54.0,3.448,2.556,0.12,1
AST-HVA-402,HVAC,1562,14,65.4,12,2.27,57.9,16.4,40.7,0.876,0.156,1.256,0
AST-LAB-769,Lab Equipment,1805,20,107.3,8,2.47,54.5,14.8,32.9,0.899,0.222,1.783,0
AST-MED-940,Medical,2129,142,0.1,5,3.16,60.3,11.6,37.3,1.272,1.578,0.001,0
AST-WAT-967,Water Pump,1993,18,28.0,12,2.05,76.2,26.9,57.0,1.043,0.2,0.421,0
AST-GEN-417,Generator,2105,43,211.1,9,4.19,73.7,55.0,44.6,2.06,0.478,3.009,1
AST-HVA-249,HVAC,2330,70,81.1,13,3.53,57.2,26.4,49.4,1.348,0.778,1.044,1
AST-IT -323,IT Server,2164,96,126.0,7,3.08,60.1,16.6,52.6,1.234,1.067,1.747,1
AST-LAB-442,Lab Equipment,1915,89,87.5,9,2.94,58.5,13.5,51.9,1.146,0.989,1.371,0
AST-MED-476,Medical,238,206,0.0,0,5.03,60.7,17.5,44.3,2.037,2.289,0.0,0
AST-HVA-548,HVAC,2026,111,12.9,7,2.88,50.7,23.6,36.3,0.974,1.233,0.191,0
AST-HVA-782,HVAC,2274,187,199.4,18,6.32,93.6,33.4,59.9,3.946,2.078,2.631,1
AST-IT -168,IT Server,658,239,18.6,3,5.87,89.0,27.2,32.2,3.481,2.656,0.848,1
AST-MED-776,Medical,1831,188,15.6,13,4.42,56.3,15.6,49.9,1.659,2.089,0.256,0
AST-MED-247,Medical,612,196,7.0,3,4.54,67.3,17.6,61.8,2.034,2.178,0.343,0
AST-HVA-731,HVAC,1602,71,28.5,7,3.45,55.2,16.3,40.1,1.268,0.789,0.534,0
AST-HVA-145,HVAC,1270,4,14.6,3,3.01,55.6,26.3,20.0,1.114,0.044,0.345,0
AST-GEN-528,Generator,2361,50,9.1,13,2.87,71.8,40.5,60.5,1.375,0.556,0.116,0
AST-WAT-255,Water Pump,1778,141,45.5,9,4.87,67.5,32.5,56.2,2.19,1.567,0.768,1
AST-GEN-100,Generator,301,42,1.0,1,3.01,63.1,42.2,56.2,1.265,0.467,0.1,0
AST-MED-844,Medical,2006,202,37.7,6,5.5,62.5,17.1,45.1,2.29,2.244,0.564,1
AST-LAB-269,Lab Equipment,2051,30,132.2,13,3.27,63.0,6.6,42.6,1.373,0.333,1.934,1
AST-LAB-931,Lab Equipment,1433,158,19.4,11,3.77,62.0,15.5,64.2,1.557,1.756,0.406,0
AST-MED-971,Medical,1950,67,12.8,2,2.01,37.6,10.0,41.0,0.504,0.744,0.197,0
AST-IT -933,IT Server,1384,162,8.3,7,3.59,53.7,23.2,34.9,1.286,1.8,0.18,0
AST-IT -259,IT Server,2445,134,111.6,22,3.89,65.2,21.8,64.0,1.69,1.489,1.369,1
AST-WAT-708,Water Pump,1034,58,3.9,5,2.42,62.2,34.1,64.8,1.002,0.644,0.113,0
AST-LAB-594,Lab Equipment,1144,85,4.3,6,1.06,48.3,11.3,39.4,0.343,0.944,0.113,0
AST-MED-610,Medical,1687,14,35.7,4,2.08,50.3,8.4,46.8,0.698,0.156,0.635,0
AST-MED-920,Medical,1085,28,16.5,4,2.01,36.5,7.8,56.4,0.488,0.311,0.456,0
AST-IT -328,IT Server,926,226,26.4,7,5.02,77.1,25.9,29.5,2.582,2.511,0.855,0
AST-LAB-256,Lab Equipment,433,179,26.0,2,4.14,69.8,22.0,39.8,1.926,1.989,1.801,0
AST-MED-522,Medical,1667,108,111.4,9,3.37,54.6,8.5,50.6,1.227,1.2,2.005,0
AST-MED-183,Medical,1023,42,26.8,2,1.77,38.4,6.6,56.0,0.453,0.467,0.786,0
AST-ELE-167,Elevator,1315,238,1.2,12,7.12,77.5,41.3,42.7,3.676,2.644,0.027,1
AST-LAB-515,Lab Equipment,1800,40,47.4,13,2.77,41.8,15.6,58.9,0.771,0.444,0.79,0
AST-HVA-441,HVAC,1547,31,7.3,9,2.46,45.4,25.0,44.9,0.744,0.344,0.142,0
AST-LAB-603,Lab Equipment,1653,151,42.5,12,3.96,58.1,18.0,62.5,1.533,1.678,0.771,1
AST-LAB-969,Lab Equipment,993,74,16.7,5,1.85,45.0,14.0,48.4,0.555,0.822,0.505,0
AST-WAT-268,Water Pump,1406,41,16.4,7,2.72,51.8,22.9,32.1,0.938,0.456,0.35,0
AST-IT -485,IT Server,369,26,2.4,2,1.16,55.4,15.2,52.8,0.431,0.289,0.195,0
AST-WAT-855,Water Pump,64,39,0.0,0,4.29,60.1,33.7,36.3,1.719,0.433,0.0,0
AST-LAB-194,Lab Equipment,652,14,1.2,5,1.78,37.7,13.9,66.4,0.446,0.156,0.055,1
AST-GEN-133,Generator,576,75,1.3,4,0.72,68.5,47.8,53.7,0.33,0.833,0.068,0
AST-MED-795,Medical,1493,171,85.3,12,4.96,58.1,15.8,44.7,1.921,1.9,1.714,1
AST-HVA-269,HVAC,1298,85,3.5,6,1.51,55.3,27.5,55.8,0.556,0.944,0.081,0
AST-IT -184,IT Server,191,158,8.2,2,3.05,63.6,18.2,38.4,1.293,1.756,1.288,1
AST-GEN-908,Generator,726,230,17.3,6,7.25,96.6,56.5,42.5,4.665,2.556,0.715,1
AST-LAB-210,Lab Equipment,1124,152,161.4,6,4.91,67.8,19.5,62.7,2.219,1.689,4.308,1
AST-WAT-638,Water Pump,323,213,43.9,3,5.53,85.1,39.6,63.8,3.14,2.367,4.077,1
AST-GEN-166,Generator,1923,156,1.5,7,4.92,78.2,49.5,63.1,2.565,1.733,0.023,0
AST-GEN-758,Generator,2138,25,34.4,13,2.16,86.1,36.8,57.3,1.241,0.278,0.483,0
AST-GEN-805,Generator,1192,9,10.4,6,3.09,66.1,49.7,41.5,1.361,0.1,0.262,0
AST-MED-780,Medical,696,178,26.8,2,3.85,60.6,16.4,56.6,1.556,1.978,1.155,0
AST-LAB-467,Lab Equipment,2114,79,20.8,10,2.07,44.1,11.5,69.4,0.608,0.878,0.295,0
AST-ELE-934,Elevator,1672,108,28.7,8,3.76,67.4,32.1,37.4,1.69,1.2,0.515,0
AST-GEN-913,Generator,1296,171,3.4,4,5.72,86.5,53.8,29.7,3.298,1.9,0.079,1
AST-GEN-572,Generator,639,181,45.6,4,5.92,101.6,65.1,36.2,4.01,2.011,2.141,1
AST-HVA-160,HVAC,2437,225,58.4,15,5.77,88.5,28.6,54.2,3.406,2.5,0.719,1
AST-HVA-559,HVAC,546,39,23.5,4,3.44,53.4,17.6,40.9,1.224,0.433,1.291,0
AST-MED-888,Medical,1392,177,40.2,11,5.25,61.7,13.7,46.0,2.162,1.967,0.866,1
AST-GEN-835,Generator,2002,112,33.1,14,4.63,73.8,46.4,60.2,2.276,1.244,0.496,1
AST-ELE-784,Elevator,2291,187,35.4,22,5.34,92.9,43.5,36.3,3.304,2.078,0.464,1
AST-ELE-314,Elevator,1968,168,17.5,10,5.32,87.9,34.3,30.5,3.117,1.867,0.267,1
AST-GEN-500,Generator,814,89,27.1,3,3.13,69.9,37.6,74.2,1.458,0.989,0.999,0
AST-HVA-961,HVAC,1062,100,28.1,8,2.62,42.8,17.2,49.7,0.747,1.111,0.794,0
AST-LAB-574,Lab Equipment,1658,201,7.9,5,4.87,73.2,19.6,67.1,2.377,2.233,0.143,0
AST-MED-560,Medical,574,209,13.7,2,4.88,62.0,18.4,48.5,2.016,2.322,0.716,0
AST-ELE-532,Elevator,1319,235,15.2,8,7.65,95.8,32.2,58.0,4.884,2.611,0.346,1
AST-WAT-816,Water Pump,783,2,92.6,5,2.73,55.6,36.8,70.0,1.013,0.022,3.548,0
AST-GEN-356,Generator,1733,24,3.2,5,2.32,67.5,39.8,40.9,1.045,0.267,0.055,0
AST-MED-251,Medical,202,227,4.9,1,5.64,64.1,19.3,56.7,2.408,2.522,0.728,1
AST-IT -718,IT Server,2058,72,2.6,4,1.8,41.2,11.3,51.4,0.493,0.8,0.038,0
AST-ELE-284,Elevator,1741,10,287.3,10,2.95,58.7,31.2,44.6,1.154,0.111,4.951,1
AST-ELE-469,Elevator,1434,205,33.1,13,4.85,81.8,33.7,43.5,2.645,2.278,0.692,1
AST-MED-102,Medical,458,124,2.0,2,2.29,39.6,9.6,54.6,0.606,1.378,0.131,0
AST-IT -306,IT Server,894,38,27.5,5,1.59,44.4,17.1,72.9,0.472,0.422,0.923,0
AST-ELE-978,Elevator,2098,71,28.3,15,3.23,62.1,35.0,65.6,1.339,0.789,0.405,0
AST-IT -704,IT Server,835,112,18.1,5,1.89,48.9,15.4,37.4,0.617,1.244,0.65,0
AST-ELE-919,Elevator,191,117,0.0,0,2.57,51.6,29.0,63.7,0.886,1.3,0.0,0
AST-IT -660,IT Server,1218,138,3.8,6,2.59,62.8,20.8,49.6,1.086,1.533,0.094,0
AST-LAB-145,Lab Equipment,1195,86,18.6,2,2.54,47.8,12.6,53.0,0.809,0.956,0.467,0
AST-IT -742,IT Server,287,122,1.0,1,1.92,50.7,18.5,53.1,0.648,1.356,0.105,0
AST-LAB-574,Lab Equipment,2372,60,519.9,17,2.65,44.4,10.3,43.6,0.785,0.667,6.575,1
AST-WAT-705,Water Pump,942,116,53.1,6,4.41,76.5,29.7,44.5,2.249,1.289,1.691,1
AST-ELE-972,Elevator,188,210,0.0,0,5.36,91.5,38.4,71.2,3.27,2.333,0.0,1
AST-IT -360,IT Server,1647,68,12.1,9,1.49,58.2,16.3,38.4,0.578,0.756,0.22,1
AST-GEN-141,Generator,938,211,19.8,9,5.66,82.2,51.8,43.9,3.099,2.344,0.633,1
AST-LAB-102,Lab Equipment,1791,13,74.5,18,2.3,55.8,13.7,41.2,0.855,0.144,1.248,0
AST-WAT-922,Water Pump,1150,138,13.6,8,4.96,80.6,38.9,42.7,2.666,1.533,0.355,0
AST-IT -526,IT Server,96,129,8.9,1,2.06,45.8,20.4,85.0,0.628,1.433,2.781,0
AST-ELE-913,Elevator,1284,197,131.7,7,8.23,95.8,33.5,56.2,5.259,2.189,3.077,1
AST-HVA-608,HVAC,2406,55,171.5,16,3.13,76.7,18.8,45.3,1.602,0.611,2.138,1
AST-IT -394,IT Server,504,219,3.2,2,5.04,66.6,21.7,45.5,2.238,2.433,0.19,1
AST-LAB-674,Lab Equipment,1375,46,30.4,8,1.96,47.1,12.1,40.9,0.615,0.511,0.663,0
AST-GEN-114,Generator,1789,21,125.2,17,4.05,93.8,40.0,60.7,2.531,0.233,2.099,1
AST-GEN-591,Generator,114,26,2.2,1,2.17,76.3,37.7,37.0,1.103,0.289,0.579,0
AST-ELE-848,Elevator,1087,44,38.2,6,2.84,68.6,27.3,37.0,1.301,0.489,1.054,0
AST-ELE-363,Elevator,1732,42,40.8,11,3.03,66.4,30.2,37.0,1.341,0.467,0.707,0
AST-GEN-846,Generator,701,93,73.9,6,4.19,62.5,35.8,47.1,1.746,1.033,3.163,1
AST-MED-416,Medical,2251,178,58.0,13,4.53,66.9,14.0,63.9,2.021,1.978,0.773,1
AST-HVA-178,HVAC,667,224,0.6,4,6.29,70.5,34.6,44.4,2.957,2.489,0.027,1
AST-HVA-345,HVAC,300,200,28.0,2,6.25,85.9,30.3,49.5,3.578,2.222,2.8,1
AST-WAT-376,Water Pump,763,30,22.7,4,3.44,69.6,28.0,45.0,1.595,0.333,0.893,0
AST-MED-224,Medical,2079,197,2.0,15,4.49,65.4,16.7,51.9,1.96,2.189,0.029,0
AST-IT -576,IT Server,2122,32,77.2,11,2.6,56.5,14.6,49.8,0.977,0.356,1.091,0
AST-IT -384,IT Server,371,92,11.6,2,0.93,52.8,13.1,41.1,0.328,1.022,0.938,0
AST-MED-280,Medical,1618,207,89.2,6,6.11,72.8,16.5,38.8,2.965,2.3,1.654,1
AST-MED-842,Medical,104,234,0.0,0,5.25,67.1,20.6,38.3,2.347,2.6,0.0,0
AST-WAT-912,Water Pump,383,17,1.0,1,2.52,45.6,26.6,20.0,0.764,0.189,0.078,0
AST-MED-264,Medical,2168,209,11.3,13,5.53,70.5,16.9,55.6,2.598,2.322,0.156,1
AST-GEN-590,Generator,1469,8,0.7,6,2.23,74.9,44.1,59.5,1.112,0.089,0.014,0
AST-LAB-911,Lab Equipment,1801,27,17.5,8,1.68,50.2,13.0,46.6,0.564,0.3,0.292,0
AST-WAT-931,Water Pump,1678,55,8.5,12,2.64,64.2,33.0,71.1,1.131,0.611,0.152,0
AST-IT -752,IT Server,2010,199,88.8,10,5.66,77.6,24.5,51.7,2.926,2.211,1.325,1
AST-ELE-168,Elevator,958,214,44.0,6,5.92,81.9,34.9,59.2,3.231,2.378,1.378,1
AST-WAT-606,Water Pump,2313,198,93.4,10,8.13,92.8,37.7,40.5,5.027,2.2,1.211,1
AST-MED-757,Medical,1540,51,30.6,7,1.84,41.3,6.9,46.9,0.506,0.567,0.596,0
AST-HVA-563,HVAC,800,1,14.0,2,2.02,56.2,23.8,36.3,0.758,0.011,0.525,0
AST-HVA-780,HVAC,1555,167,34.0,7,4.51,71.0,27.0,48.5,2.134,1.856,0.656,1
AST-ELE-957,Elevator,60,81,0.0,0,1.64,59.2,28.8,40.6,0.649,0.9,0.0,0
AST-HVA-237,HVAC,423,153,8.2,2,3.75,58.2,28.6,56.9,1.454,1.7,0.582,0
AST-WAT-219,Water Pump,2458,35,12.2,15,1.65,74.5,36.0,48.4,0.822,0.389,0.149,0
AST-IT -664,IT Server,1425,31,22.1,11,1.7,57.9,19.0,62.0,0.657,0.344,0.465,0
AST-HVA-905,HVAC,1328,63,51.7,6,2.53,54.8,23.9,52.6,0.925,0.7,1.168,0
AST-WAT-535,Water Pump,1231,10,37.0,7,3.44,65.2,22.7,36.9,1.497,0.111,0.902,0
AST-HVA-407,HVAC,590,179,14.1,4,4.81,85.2,28.8,53.4,2.734,1.989,0.717,1
AST-LAB-256,Lab Equipment,1179,88,25.7,6,1.76,46.5,14.5,44.8,0.545,0.978,0.654,0
AST-HVA-643,HVAC,1520,20,100.0,14,3.93,76.4,17.2,49.4,2.001,0.222,1.974,0
AST-ELE-407,Elevator,1696,6,158.4,12,3.1,64.9,22.2,66.4,1.343,0.067,2.802,1
AST-MED-435,Medical,786,183,5.6,7,4.22,53.9,15.9,44.1,1.515,2.033,0.214,1
AST-GEN-637,Generator,2499,154,26.1,13,4.92,91.7,53.8,51.9,3.008,1.711,0.313,1
AST-MED-216,Medical,419,68,0.4,1,1.3,40.9,7.0,45.8,0.354,0.756,0.029,0
AST-MED-226,Medical,778,148,8.9,4,2.93,52.9,12.9,36.5,1.033,1.644,0.343,0
AST-WAT-180,Water Pump,978,13,38.1,2,2.09,57.6,36.4,52.1,0.803,0.144,1.169,0
AST-WAT-878,Water Pump,2283,194,172.8,12,7.36,82.0,34.0,64.0,4.024,2.156,2.271,1
AST-WAT-181,Water Pump,2278,240,49.2,15,7.45,94.6,41.3,63.5,4.699,2.667,0.648,1
AST-ELE-659,Elevator,1247,233,154.8,8,9.24,101.0,41.4,67.2,6.221,2.589,3.724,1
AST-MED-202,Medical,1683,193,77.0,9,6.37,65.7,16.7,45.2,2.789,2.144,1.373,1
AST-MED-999,Medical,1751,24,78.8,13,2.7,47.2,9.6,64.2,0.849,0.267,1.35,0
AST-MED-858,Medical,243,36,0.0,0,1.58,36.6,8.1,36.6,0.385,0.4,0.0,0
AST-IT -104,IT Server,467,229,7.4,9,5.4,85.2,29.3,36.5,3.068,2.544,0.475,1
AST-LAB-928,Lab Equipment,1509,104,22.8,3,2.46,51.6,15.6,50.6,0.846,1.156,0.453,0
AST-MED-262,Medical,2450,144,169.8,15,4.47,58.3,12.7,57.5,1.737,1.6,2.079,1
AST-GEN-183,Generator,1398,44,25.8,10,2.69,88.5,48.3,46.3,1.586,0.489,0.554,0
AST-IT -817,IT Server,455,162,0.9,1,3.23,52.9,19.0,75.4,1.141,1.8,0.059,0
AST-LAB-323,Lab Equipment,548,44,4.1,1,0.79,46.4,10.6,65.0,0.245,0.489,0.224,0
AST-WAT-984,Water Pump,2117,62,8.4,12,3.84,71.0,24.3,33.0,1.818,0.689,0.119,0
AST-HVA-797,HVAC,2172,225,43.9,8,6.81,81.5,32.9,60.9,3.7,2.5,0.606,1
AST-WAT-847,Water Pump,798,127,17.5,6,4.23,70.0,34.2,49.9,1.972,1.411,0.658,0
AST-HVA-540,HVAC,894,157,8.6,3,3.89,76.6,28.0,44.4,1.985,1.744,0.289,0
AST-GEN-944,Generator,2191,75,53.2,11,3.01,88.0,59.1,53.8,1.766,0.833,0.728,1
AST-LAB-704,Lab Equipment,1715,234,5.2,7,5.68,72.0,24.4,46.2,2.723,2.6,0.091,1
AST-MED-355,Medical,540,181,2.3,4,4.09,56.2,14.4,55.6,1.534,2.011,0.128,0
AST-ELE-719,Elevator,2068,1,20.2,10,4.28,66.1,22.7,59.6,1.885,0.011,0.293,0
AST-LAB-704,Lab Equipment,813,192,19.1,4,5.22,62.8,22.8,33.7,2.186,2.133,0.705,1
AST-GEN-690,Generator,785,209,17.4,3,6.33,112.3,59.6,85.0,4.74,2.322,0.665,1
AST-HVA-787,HVAC,1049,34,68.2,6,2.31,70.9,17.6,46.3,1.093,0.378,1.95,0
AST-GEN-355,Generator,220,188,0.0,0,5.01,78.5,54.8,43.6,2.622,2.089,0.0,1
AST-LAB-236,Lab Equipment,923,71,12.0,5,1.25,45.7,16.1,55.0,0.382,0.789,0.39,0
AST-IT -102,IT Server,890,184,15.9,8,3.91,66.9,21.2,42.1,1.744,2.044,0.536,1
AST-ELE-114,Elevator,1723,28,48.1,9,3.38,73.6,35.0,30.8,1.659,0.311,0.837,0
AST-LAB-247,Lab Equipment,632,186,12.1,3,4.14,57.8,18.9,52.0,1.597,2.067,0.574,0
AST-HVA-989,HVAC,1540,84,26.8,3,1.67,39.4,26.4,60.0,0.44,0.933,0.522,0
AST-LAB-775,Lab Equipment,2155,175,3.9,13,4.84,61.2,17.8,74.0,1.976,1.944,0.054,1
AST-ELE-306,Elevator,627,53,15.9,4,2.86,57.1,25.0,55.3,1.087,0.589,0.761,0
AST-GEN-990,Generator,1024,126,12.7,4,4.45,64.2,46.1,43.8,1.904,1.4,0.372,0
AST-MED-547,Medical,230,65,0.4,2,1.3,39.8,5.8,49.2,0.346,0.722,0.052,1
AST-LAB-262,Lab Equipment,281,201,15.5,1,4.92,71.4,20.4,52.9,2.344,2.233,1.655,0
AST-HVA-866,HVAC,1909,135,131.3,9,5.64,67.7,28.7,55.6,2.547,1.5,2.063,1
AST-LAB-213,Lab Equipment,1206,37,85.1,7,2.49,46.0,11.1,54.6,0.763,0.411,2.117,0
AST-GEN-536,Generator,86,122,2.6,1,2.66,66.8,36.3,72.2,1.185,1.356,0.907,0
AST-IT -166,IT Server,2432,117,3.9,10,2.38,60.2,11.9,49.0,0.953,1.3,0.048,0
AST-ELE-329,Elevator,1870,52,299.6,11,4.12,55.8,26.3,64.9,1.532,0.578,4.806,1
AST-MED-959,Medical,1983,100,92.9,11,3.49,53.8,11.4,37.4,1.251,1.111,1.405,1
AST-LAB-325,Lab Equipment,1824,232,21.5,8,6.29,79.1,24.4,47.4,3.316,2.578,0.354,1
AST-WAT-340,Water Pump,2020,99,8.9,13,3.72,51.3,30.1,42.1,1.272,1.1,0.132,0
AST-IT -621,IT Server,622,29,9.0,4,1.06,48.9,17.8,49.0,0.345,0.322,0.434,0
AST-MED-634,Medical,1073,177,48.1,10,4.24,57.2,14.8,39.4,1.619,1.967,1.345,1
AST-WAT-774,Water Pump,2145,205,24.0,11,6.83,98.0,35.0,60.2,4.462,2.278,0.336,1
AST-LAB-120,Lab Equipment,287,146,8.6,3,3.06,52.8,18.2,47.2,1.076,1.622,0.899,0
AST-HVA-347,HVAC,1188,65,22.0,4,3.46,65.8,19.9,36.6,1.518,0.722,0.556,0
AST-WAT-784,Water Pump,2307,220,16.6,10,8.25,85.8,48.6,50.0,4.718,2.444,0.216,1
AST-WAT-642,Water Pump,779,161,16.6,2,4.91,78.1,34.5,30.5,2.557,1.789,0.639,1
AST-IT -103,IT Server,640,6,1.5,1,1.53,57.0,18.2,71.5,0.581,0.067,0.07,0
AST-ELE-888,Elevator,2298,108,195.6,12,3.99,69.6,27.8,49.2,1.852,1.2,2.554,1
AST-HVA-592,HVAC,822,48,1.0,4,1.41,47.7,29.0,38.9,0.447,0.533,0.036,0
AST-MED-838,Medical,1770,65,35.9,5,2.11,42.6,11.0,36.4,0.599,0.722,0.608,0
AST-MED-700,Medical,847,161,8.8,3,3.1,54.1,14.9,48.4,1.119,1.789,0.312,0
AST-WAT-716,Water Pump,2345,145,20.6,18,7.18,59.1,30.4,36.9,2.827,1.611,0.264,1
AST-LAB-583,Lab Equipment,833,228,3.3,6,5.96,71.4,24.0,65.4,2.841,2.533,0.119,1
AST-HVA-978,HVAC,1406,92,103.1,13,3.04,64.1,20.0,68.8,1.299,1.022,2.2,0
AST-GEN-645,Generator,1395,127,24.9,10,4.84,78.8,43.5,38.5,2.542,1.411,0.535,1
AST-IT -116,IT Server,342,27,19.5,2,0.95,51.1,16.8,61.0,0.324,0.3,1.711,0
AST-GEN-336,Generator,1712,222,29.5,7,6.71,91.5,62.3,39.7,4.089,2.467,0.517,1
AST-LAB-522,Lab Equipment,2221,190,257.7,14,6.43,82.5,18.0,48.9,3.54,2.111,3.481,1
AST-ELE-661,Elevator,1837,184,127.4,18,7.22,86.6,37.4,21.7,4.169,2.044,2.081,1
AST-ELE-319,Elevator,924,95,2.9,2,3.32,61.4,28.1,56.8,1.358,1.056,0.094,0
AST-MED-111,Medical,2436,105,122.8,11,3.05,58.0,7.4,54.7,1.181,1.167,1.512,1
AST-MED-758,Medical,2441,228,167.5,15,7.52,79.6,19.1,33.6,3.992,2.533,2.059,1
AST-GEN-195,Generator,1425,237,10.2,4,7.3,100.2,66.0,63.1,4.873,2.633,0.215,1
AST-HVA-195,HVAC,1055,203,32.8,8,5.88,83.3,24.7,40.1,3.27,2.256,0.933,1
AST-ELE-744,Elevator,1017,12,32.8,4,1.91,54.8,34.4,54.0,0.697,0.133,0.968,0
AST-MED-654,Medical,714,169,56.5,6,3.9,52.7,13.8,45.6,1.368,1.878,2.374,0
AST-ELE-106,Elevator,2035,210,36.5,10,6.43,83.2,32.6,49.7,3.565,2.333,0.538,0
AST-WAT-521,Water Pump,1384,26,0.9,12,3.11,63.8,26.9,37.7,1.325,0.289,0.02,0
AST-IT -334,IT Server,2387,72,33.1,5,1.86,58.2,11.6,37.3,0.721,0.8,0.416,1
AST-ELE-457,Elevator,1491,193,9.5,8,6.01,80.8,34.6,46.7,3.236,2.144,0.191,1
AST-ELE-268,Elevator,140,190,0.0,0,4.02,77.8,32.7,56.9,2.084,2.111,0.0,1
AST-ELE-685,Elevator,117,171,0.0,0,4.18,85.0,34.3,57.8,2.37,1.9,0.0,1
AST-GEN-942,Generator,672,60,8.8,6,2.32,76.4,40.4,81.4,1.184,0.667,0.393,0
AST-ELE-283,Elevator,832,212,22.6,4,7.18,85.6,36.8,55.1,4.099,2.356,0.815,1
AST-GEN-402,Generator,1917,16,77.3,13,3.18,83.2,41.8,79.6,1.766,0.178,1.21,0
AST-GEN-733,Generator,580,9,17.1,6,2.81,73.6,44.7,31.7,1.38,0.1,0.884,0
AST-ELE-309,Elevator,1531,161,7.9,4,5.33,71.9,28.7,66.8,2.552,1.789,0.155,0
AST-WAT-406,Water Pump,1798,40,12.2,8,4.07,51.3,30.0,52.6,1.393,0.444,0.204,0
AST-WAT-262,Water Pump,1970,97,88.4,9,3.83,60.8,33.7,70.2,1.551,1.078,1.346,1
AST-MED-135,Medical,2213,45,2.8,14,1.58,38.0,8.9,42.3,0.4,0.5,0.038,0
AST-LAB-211,Lab Equipment,377,196,7.2,1,4.22,64.8,20.2,52.5,1.825,2.178,0.573,1
AST-HVA-257,HVAC,1730,28,23.0,14,2.45,56.8,25.5,41.2,0.929,0.311,0.399,0
AST-ELE-932,Elevator,710,69,0.0,1,2.47,56.3,27.7,37.0,0.925,0.767,0.0,0
AST-ELE-668,Elevator,2204,231,38.3,13,7.42,96.5,43.0,63.7,4.77,2.567,0.521,1
AST-IT -437,IT Server,1885,41,233.1,11,2.41,57.5,13.1,45.6,0.925,0.456,3.71,0
AST-IT -645,IT Server,2353,56,44.5,10,2.12,49.6,17.8,35.7,0.703,0.622,0.567,0
AST-LAB-276,Lab Equipment,1853,72,405.9,15,2.87,55.5,13.3,45.9,1.06,0.8,6.572,1
AST-IT -319,IT Server,112,51,16.9,1,1.24,51.5,15.6,54.7,0.426,0.567,4.527,0
AST-LAB-891,Lab Equipment,2223,120,110.8,10,3.82,58.9,13.8,44.7,1.498,1.333,1.495,0
AST-WAT-695,Water Pump,502,204,22.0,3,4.91,89.5,37.9,40.3,2.932,2.267,1.315,1
AST-HVA-335,HVAC,2215,220,29.3,15,6.55,96.1,32.4,53.3,4.197,2.444,0.397,1
AST-LAB-504,Lab Equipment,2408,183,34.0,15,5.32,70.5,18.9,47.2,2.501,2.033,0.424,1
AST-GEN-154,Generator,2151,47,6.4,10,3.49,75.5,46.8,47.1,1.76,0.522,0.089,0
AST-GEN-918,Generator,547,62,9.4,1,1.34,67.6,31.0,60.8,0.603,0.689,0.516,0
AST-IT -978,IT Server,2256,227,55.1,12,6.36,74.8,32.6,33.2,3.175,2.522,0.733,1
AST-IT -665,IT Server,372,87,5.2,2,1.14,46.8,18.4,49.4,0.355,0.967,0.419,0
AST-HVA-365,HVAC,1099,86,54.4,7,2.49,66.1,26.5,35.2,1.097,0.956,1.485,0
AST-WAT-282,Water Pump,210,110,0.0,0,3.35,45.4,26.7,48.6,1.013,1.222,0.0,0
AST-WAT-310,Water Pump,602,206,13.7,2,6.8,84.9,47.8,67.8,3.85,2.289,0.683,1
AST-ELE-751,Elevator,396,133,10.4,3,3.36,62.2,35.7,38.5,1.392,1.478,0.788,0
AST-LAB-173,Lab Equipment,1759,185,21.0,10,5.4,62.7,19.1,64.7,2.259,2.056,0.358,0
AST-HVA-855,HVAC,1348,118,92.1,8,2.78,72.6,24.0,42.9,1.345,1.311,2.05,1
AST-MED-967,Medical,1413,8,37.9,10,2.03,46.2,7.1,36.9,0.626,0.089,0.805,0
AST-HVA-898,HVAC,141,199,0.0,0,5.5,74.0,29.3,57.0,2.712,2.211,0.0,0
AST-HVA-983,HVAC,154,22,1.8,1,2.02,51.9,28.0,48.4,0.698,0.244,0.351,0
AST-WAT-860,Water Pump,2429,21,124.2,13,4.39,58.3,37.0,41.8,1.705,0.233,1.534,1
AST-GEN-592,Generator,432,113,5.8,1,2.31,62.9,43.0,41.2,0.97,1.256,0.403,0
AST-IT -763,IT Server,1551,15,7.9,9,1.19,39.1,14.5,69.0,0.311,0.167,0.153,0
AST-ELE-719,Elevator,135,185,0.0,0,3.46,71.9,34.1,54.6,1.66,2.056,0.0,0
AST-MED-420,Medical,1582,173,49.8,11,4.56,61.2,17.5,46.0,1.86,1.922,0.944,1
AST-IT -761,IT Server,1217,193,39.4,8,4.63,66.9,19.4,57.9,2.064,2.144,0.971,1
AST-GEN-187,Generator,2265,209,235.6,16,8.04,111.3,61.0,38.1,5.969,2.322,3.121,1
AST-ELE-690,Elevator,2241,123,27.0,12,4.56,71.5,26.1,56.4,2.177,1.367,0.361,1
AST-IT -886,IT Server,343,39,2.4,1,0.99,46.5,14.8,59.1,0.308,0.433,0.21,0
AST-WAT-395,Water Pump,2083,160,219.3,14,7.66,84.7,42.5,39.7,4.322,1.778,3.158,1
AST-MED-488,Medical,1950,11,5.5,7,1.69,33.3,6.0,46.8,0.375,0.122,0.085,0
AST-LAB-126,Lab Equipment,210,154,2.7,1,3.39,51.0,19.5,58.8,1.153,1.711,0.386,0
AST-ELE-367,Elevator,1036,97,25.8,10,3.32,47.7,19.3,25.9,1.054,1.078,0.747,0
AST-MED-190,Medical,1510,186,0.5,9,4.47,68.7,16.1,37.2,2.048,2.067,0.01,0
AST-IT -253,IT Server,1689,97,17.3,13,1.78,59.3,13.0,52.7,0.703,1.078,0.307,0
AST-GEN-522,Generator,641,205,4.3,1,6.48,100.0,59.1,44.6,4.318,2.278,0.201,1
AST-GEN-429,Generator,1543,170,2.9,5,4.14,90.8,51.4,44.4,2.504,1.889,0.056,1
AST-MED-941,Medical,727,201,36.3,5,4.95,62.3,16.8,64.5,2.055,2.233,1.498,0
AST-ELE-142,Elevator,2293,183,126.1,14,7.62,77.6,37.5,47.1,3.943,2.033,1.65,1
AST-LAB-154,Lab Equipment,1695,54,47.4,8,1.84,41.2,10.1,56.0,0.504,0.6,0.839,0
AST-IT -976,IT Server,2316,118,90.6,13,3.2,59.9,15.7,59.1,1.279,1.311,1.174,0
AST-WAT-117,Water Pump,2183,48,166.6,21,5.19,75.2,25.3,29.9,2.602,0.533,2.29,1
AST-HVA-374,HVAC,222,238,0.3,1,6.8,91.4,28.6,42.0,4.147,2.644,0.041,1
AST-LAB-358,Lab Equipment,2195,32,78.4,10,2.96,55.7,10.6,60.0,1.1,0.356,1.072,0
AST-IT -856,IT Server,50,67,0.0,0,0.93,51.5,15.9,24.1,0.32,0.744,0.0,0
AST-MED-977,Medical,756,141,11.3,5,2.56,50.7,10.8,43.4,0.865,1.567,0.448,0
AST-LAB-354,Lab Equipment,2142,50,137.8,14,3.69,64.0,15.1,35.8,1.572,0.556,1.93,1
AST-WAT-292,Water Pump,2194,166,4.6,7,5.4,86.5,50.2,60.6,3.113,1.844,0.063,1
AST-MED-348,Medical,664,173,5.1,4,3.62,59.1,14.9,48.4,1.426,1.922,0.23,1
AST-ELE-509,Elevator,1238,186,20.8,7,5.62,67.3,38.8,45.3,2.519,2.067,0.504,1
AST-IT -760,IT Server,1289,105,43.1,9,2.29,52.1,15.1,66.0,0.793,1.167,1.003,0
AST-HVA-348,HVAC,1749,194,143.9,7,6.89,86.9,33.3,38.3,3.991,2.156,2.468,1
AST-MED-839,Medical,2194,111,35.0,12,2.53,46.5,10.9,49.1,0.786,1.233,0.479,0
AST-MED-896,Medical,1061,22,3.6,6,1.34,41.8,10.2,42.2,0.373,0.244,0.102,0
AST-HVA-941,HVAC,1628,75,1.4,9,1.62,53.4,23.3,51.5,0.577,0.833,0.026,0
AST-ELE-499,Elevator,671,91,163.9,7,3.38,66.0,32.0,50.2,1.485,1.011,7.328,0
AST-MED-875,Medical,1220,222,81.3,8,6.0,72.8,18.5,45.8,2.91,2.467,1.999,1
AST-GEN-512,Generator,968,185,7.9,5,4.54,92.0,49.8,38.6,2.783,2.056,0.245,1
AST-MED-656,Medical,795,76,13.8,9,1.45,41.6,7.4,30.8,0.402,0.844,0.521,0
AST-WAT-846,Water Pump,125,172,0.0,0,5.41,65.7,41.9,35.5,2.371,1.911,0.0,1
AST-LAB-415,Lab Equipment,1714,203,8.2,5,5.14,70.2,22.0,65.3,2.408,2.256,0.144,1
AST-MED-625,Medical,2388,209,51.8,16,6.2,65.6,16.1,35.3,2.715,2.322,0.651,1
AST-HVA-890,HVAC,955,188,5.1,6,5.15,81.8,23.9,46.9,2.805,2.089,0.16,1
AST-GEN-669,Generator,2081,133,8.4,12,3.08,72.2,51.7,56.7,1.484,1.478,0.121,1
AST-MED-439,Medical,579,120,134.2,5,3.22,55.5,9.9,55.1,1.19,1.333,6.953,0
AST-ELE-163,Elevator,1422,10,171.9,9,4.74,57.8,21.9,53.2,1.826,0.111,3.627,1
AST-ELE-158,Elevator,1223,62,19.7,6,2.01,57.9,22.7,49.6,0.776,0.689,0.483,0
AST-GEN-313,Generator,1484,50,38.7,7,1.23,81.1,48.0,36.8,0.666,0.556,0.782,0
AST-MED-701,Medical,1320,227,22.8,5,5.76,68.5,19.1,46.3,2.627,2.522,0.518,1
AST-LAB-845,Lab Equipment,938,207,2.0,1,5.8,72.0,23.1,76.5,2.785,2.3,0.064,1
AST-HVA-192,HVAC,417,183,51.4,2,4.37,70.4,30.3,61.2,2.049,2.033,3.698,0
AST-IT -577,IT Server,536,140,31.3,5,2.9,61.3,18.9,54.5,1.184,1.556,1.752,1
AST-GEN-346,Generator,2460,24,53.3,20,5.21,76.3,47.9,47.5,2.648,0.267,0.65,0
AST-GEN-604,Generator,917,35,12.4,3,2.23,73.6,47.9,76.3,1.091,0.389,0.406,0
AST-MED-331,Medical,190,226,7.1,1,5.18,64.0,19.0,58.0,2.208,2.511,1.121,0
AST-HVA-840,HVAC,344,22,4.1,1,2.49,47.1,23.0,59.1,0.781,0.244,0.358,0
AST-IT -879,IT Server,2098,128,98.2,16,3.47,67.8,17.6,54.8,1.566,1.422,1.404,0
AST-MED-498,Medical,420,119,36.9,2,2.61,44.9,11.5,27.7,0.781,1.322,2.636,0
AST-WAT-516,Water Pump,2293,185,14.1,4,7.06,87.9,43.8,57.1,4.135,2.056,0.184,1
AST-HVA-110,HVAC,787,54,2.0,2,2.33,64.5,23.3,61.7,1.001,0.6,0.076,0
AST-WAT-130,Water Pump,2430,28,23.9,17,3.57,67.6,25.6,38.1,1.611,0.311,0.295,0
AST-LAB-214,Lab Equipment,2281,33,64.9,14,2.49,50.8,14.2,50.8,0.844,0.367,0.854,0
AST-IT -113,IT Server,1031,177,6.9,6,4.08,69.1,18.5,41.7,1.881,1.967,0.201,0
AST-LAB-752,Lab Equipment,2067,68,60.3,10,2.74,47.4,11.0,42.1,0.864,0.756,0.875,0
AST-WAT-710,Water Pump,520,186,0.8,2,5.66,72.8,34.4,56.0,2.746,2.067,0.046,0
AST-HVA-735,HVAC,905,101,15.5,6,2.14,50.4,25.5,58.6,0.718,1.122,0.514,0
AST-WAT-454,Water Pump,578,227,0.4,1,5.11,89.8,44.7,61.6,3.059,2.522,0.021,1
AST-MED-718,Medical,320,207,0.0,0,4.46,66.0,18.3,44.1,1.963,2.3,0.0,1
AST-IT -754,IT Server,2385,74,2.9,11,1.38,50.0,13.0,47.7,0.459,0.822,0.036,0
AST-MED-331,Medical,977,102,25.2,7,1.85,48.4,9.2,52.9,0.598,1.133,0.774,0
AST-MED-958,Medical,138,151,21.1,1,3.45,52.5,12.7,33.1,1.206,1.678,4.587,0
AST-LAB-299,Lab Equipment,728,209,2.0,1,5.16,69.2,22.4,48.8,2.382,2.322,0.082,0
AST-GEN-721,Generator,2495,130,33.4,20,5.21,87.4,51.0,36.0,3.037,1.444,0.402,1
AST-GEN-562,Generator,1156,86,24.7,2,4.12,83.9,45.3,65.5,2.301,0.956,0.641,0
AST-HVA-194,HVAC,1075,240,17.4,5,6.95,94.9,34.6,59.0,4.401,2.667,0.486,1
AST-ELE-977,Elevator,1234,34,74.5,7,1.95,66.9,32.0,20.0,0.87,0.378,1.811,0
AST-LAB-865,Lab Equipment,205,213,13.5,2,5.3,69.4,20.9,34.8,2.455,2.367,1.976,1
AST-HVA-896,HVAC,1412,61,68.5,16,2.39,59.6,19.8,60.8,0.95,0.678,1.455,0
AST-LAB-538,Lab Equipment,1813,203,58.1,11,5.97,70.1,18.2,38.9,2.791,2.256,0.961,1
AST-IT -810,IT Server,423,30,0.0,0,0.82,36.2,15.8,47.9,0.197,0.333,0.0,0
AST-LAB-899,Lab Equipment,103,11,21.5,3,1.71,47.8,12.9,36.8,0.544,0.122,6.262,0
AST-WAT-156,Water Pump,2160,227,22.1,12,7.29,91.7,43.3,44.8,4.461,2.522,0.307,1
AST-LAB-507,Lab Equipment,392,210,90.1,6,6.2,69.1,20.3,55.4,2.86,2.333,6.895,1
AST-HVA-495,HVAC,660,176,9.4,3,4.08,74.7,28.3,38.9,2.031,1.956,0.427,0
AST-MED-863,Medical,901,26,41.9,3,2.36,39.9,8.3,63.5,0.626,0.289,1.395,0
AST-WAT-323,Water Pump,1070,230,15.2,3,5.49,84.5,47.0,60.3,3.094,2.556,0.426,1
AST-HVA-937,HVAC,1790,131,46.9,11,4.42,72.4,21.3,35.9,2.133,1.456,0.786,1
AST-LAB-685,Lab Equipment,475,125,14.7,5,2.68,50.2,13.9,47.6,0.895,1.389,0.928,0
AST-LAB-534,Lab Equipment,2329,165,34.7,14,5.32,63.4,17.5,47.4,2.248,1.833,0.447,0
AST-IT -315,IT Server,2178,213,78.9,11,6.05,81.8,23.4,43.1,3.301,2.367,1.087,1
AST-ELE-141,Elevator,504,62,2.3,1,2.36,62.0,25.0,27.9,0.976,0.689,0.137,0
AST-IT -105,IT Server,2191,115,7.1,10,2.31,60.7,16.9,31.8,0.932,1.278,0.097,0
AST-MED-405,Medical,1002,123,17.1,3,2.39,50.6,11.4,49.5,0.804,1.367,0.512,0
AST-IT -854,IT Server,2195,35,33.1,18,2.05,58.1,18.8,59.0,0.794,0.389,0.452,0
AST-GEN-339,Generator,1563,158,0.1,8,4.55,79.5,46.6,40.5,2.409,1.756,0.002,0
AST-HVA-204,HVAC,1547,116,25.0,10,2.79,67.6,21.2,62.0,1.258,1.289,0.485,0
AST-HVA-720,HVAC,224,130,2.3,2,2.51,54.8,22.8,51.6,0.918,1.444,0.308,0
AST-IT -694,IT Server,295,206,2.5,1,4.33,79.2,26.4,32.2,2.288,2.289,0.254,1
AST-IT -286,IT Server,94,183,2.1,1,3.8,64.5,24.2,36.1,1.636,2.033,0.67,0
AST-MED-696,Medical,708,104,10.7,4,1.59,40.1,9.8,40.8,0.424,1.156,0.453,0
AST-ELE-686,Elevator,1753,197,40.6,10,5.91,85.8,33.8,67.4,3.382,2.189,0.695,1
AST-WAT-484,Water Pump,1244,213,47.2,9,6.52,99.6,42.8,36.9,4.326,2.367,1.138,1
AST-IT -877,IT Server,2488,191,24.3,16,4.7,77.5,22.4,38.2,2.431,2.122,0.293,1
AST-ELE-879,Elevator,1898,23,26.9,10,3.01,65.1,22.3,33.9,1.308,0.256,0.425,0
AST-MED-248,Medical,2222,201,188.1,12,6.51,69.6,18.0,56.1,3.022,2.233,2.54,1
AST-LAB-752,Lab Equipment,2359,64,4.7,9,2.03,54.1,12.9,40.8,0.732,0.711,0.06,0
AST-IT -205,IT Server,1235,6,106.7,6,2.01,48.1,13.6,57.8,0.646,0.067,2.592,0
AST-MED-683,Medical,826,45,7.5,10,1.56,41.8,5.8,37.4,0.434,0.5,0.272,0
AST-HVA-289,HVAC,943,76,52.1,3,3.18,53.2,22.2,41.6,1.126,0.844,1.657,0
AST-WAT-540,Water Pump,1685,145,7.6,4,5.27,75.9,35.6,42.7,2.668,1.611,0.135,1
AST-HVA-517,HVAC,124,143,0.0,0,3.36,54.8,23.5,46.4,1.228,1.589,0.0,0
AST-LAB-755,Lab Equipment,512,118,11.8,3,2.25,50.1,13.9,43.2,0.753,1.311,0.691,0
AST-HVA-757,HVAC,1840,45,61.0,9,2.64,55.4,20.9,44.3,0.973,0.5,0.995,0
AST-MED-675,Medical,964,134,0.6,3,2.8,48.1,13.3,43.1,0.898,1.489,0.019,0
AST-MED-786,Medical,2497,233,48.5,10,6.08,76.9,20.3,41.1,3.116,2.589,0.583,1
AST-GEN-632,Generator,597,169,25.2,6,5.04,84.9,62.5,52.6,2.853,1.878,1.266,0
AST-WAT-117,Water Pump,1196,212,39.0,4,8.01,87.1,52.4,43.9,4.652,2.356,0.978,1
AST-MED-517,Medical,512,37,3.9,3,1.0,43.5,9.0,42.8,0.291,0.411,0.229,0
AST-IT -724,IT Server,1808,88,50.7,10,1.85,45.5,16.9,44.6,0.56,0.978,0.841,0
AST-WAT-969,Water Pump,633,104,14.2,2,2.91,56.4,39.1,44.8,1.095,1.156,0.673,0
AST-MED-657,Medical,630,112,15.2,1,2.55,40.3,9.3,52.0,0.685,1.244,0.724,0
AST-HVA-902,HVAC,2285,98,45.4,8,2.65,65.7,24.1,61.1,1.163,1.089,0.596,0
AST-MED-516,Medical,328,237,0.0,0,5.98,63.9,19.4,60.9,2.548,2.633,0.0,0
AST-HVA-675,HVAC,2003,208,47.2,9,5.87,89.7,28.8,73.6,3.514,2.311,0.707,1
AST-ELE-950,Elevator,626,197,74.8,3,5.29,79.3,29.1,49.1,2.795,2.189,3.585,1
AST-IT -421,IT Server,2370,87,4.7,10,1.17,51.3,10.6,54.3,0.4,0.967,0.059,0
AST-WAT-223,Water Pump,1061,216,12.2,4,7.88,96.9,36.5,45.9,5.094,2.4,0.345,1
AST-MED-508,Medical,2247,39,16.6,9,1.43,40.7,8.0,65.2,0.389,0.433,0.222,0
AST-WAT-891,Water Pump,1302,218,41.8,5,8.06,82.5,39.0,59.3,4.431,2.422,0.963,1
AST-ELE-141,Elevator,150,214,12.3,1,5.67,83.9,39.3,37.2,3.174,2.378,2.46,0
AST-LAB-870,Lab Equipment,946,1,11.2,7,2.12,41.4,9.9,29.5,0.585,0.011,0.355,1
AST-WAT-626,Water Pump,1808,154,0.7,8,2.87,71.9,43.7,44.4,1.376,1.711,0.012,0
AST-LAB-164,Lab Equipment,255,30,0.0,0,1.44,34.9,10.0,63.5,0.334,0.333,0.0,0
AST-WAT-496,Water Pump,2093,52,9.6,9,3.56,64.4,31.0,48.4,1.529,0.578,0.138,0
AST-ELE-297,Elevator,1401,211,21.6,6,5.11,99.3,39.4,50.2,3.384,2.344,0.463,0
AST-WAT-126,Water Pump,226,17,4.8,1,2.98,52.7,35.4,40.3,1.046,0.189,0.637,0
AST-HVA-726,HVAC,1173,21,1.2,10,1.58,59.9,16.9,41.1,0.629,0.233,0.031,0
AST-IT -174,IT Server,1346,14,14.0,3,1.35,47.0,15.4,60.2,0.423,0.156,0.312,0
AST-WAT-281,Water Pump,2167,51,151.4,17,4.48,70.8,27.7,67.2,2.115,0.567,2.096,1
AST-LAB-757,Lab Equipment,1714,161,179.3,11,5.1,64.5,17.5,43.5,2.195,1.789,3.138,1
AST-ELE-477,Elevator,933,164,44.7,6,5.34,74.2,28.2,66.3,2.644,1.822,1.437,1
AST-HVA-607,HVAC,1834,114,42.1,13,2.18,57.1,27.6,40.2,0.829,1.267,0.689,0
AST-LAB-266,Lab Equipment,268,183,0.0,0,4.54,57.2,19.8,56.0,1.732,2.033,0.0,0
AST-GEN-843,Generator,1681,196,12.9,9,6.65,92.8,45.0,44.2,4.11,2.178,0.23,1
AST-ELE-233,Elevator,2472,36,65.7,12,4.47,62.3,35.4,60.9,1.856,0.4,0.797,0
AST-IT -917,IT Server,407,191,22.7,3,4.31,66.7,24.5,43.6,1.917,2.122,1.673,0
AST-ELE-740,Elevator,1972,237,6.7,7,6.36,86.6,39.3,39.2,3.674,2.633,0.102,1
AST-HVA-264,HVAC,2345,180,10.4,15,5.54,68.8,29.7,53.5,2.542,2.0,0.133,0
AST-HVA-887,HVAC,1109,6,0.8,5,1.76,65.1,22.9,48.9,0.766,0.067,0.022,0
AST-IT -790,IT Server,2215,68,11.4,14,1.59,49.7,13.6,55.9,0.528,0.756,0.154,0
AST-GEN-303,Generator,860,117,47.7,6,2.92,75.0,49.5,48.0,1.462,1.3,1.664,0
AST-GEN-421,Generator,1495,184,16.4,4,6.42,87.3,52.3,62.4,3.736,2.044,0.329,1
AST-GEN-453,Generator,1673,28,50.0,6,3.06,73.8,46.4,55.7,1.504,0.311,0.897,0
AST-HVA-575,HVAC,73,53,0.0,0,2.78,59.5,24.6,47.7,1.102,0.589,0.0,0
AST-GEN-794,Generator,446,21,0.0,0,4.04,77.6,45.3,52.6,2.09,0.233,0.0,0
AST-HVA-488,HVAC,491,57,22.5,6,2.32,59.6,18.8,48.9,0.921,0.633,1.375,0
AST-GEN-944,Generator,2132,172,90.0,10,5.67,94.7,56.3,52.5,3.581,1.911,1.266,1
AST-LAB-607,Lab Equipment,2266,147,101.9,11,4.97,64.1,15.0,55.7,2.125,1.633,1.349,0
AST-LAB-224,Lab Equipment,809,56,13.5,3,1.61,38.6,13.5,30.0,0.415,0.622,0.501,0
AST-ELE-658,Elevator,1245,79,9.0,7,1.6,55.1,28.8,54.6,0.586,0.878,0.217,0
AST-HVA-843,HVAC,720,222,4.3,5,6.85,90.4,31.6,38.1,4.126,2.467,0.179,1
AST-HVA-244,HVAC,1650,76,65.6,9,2.93,66.6,22.1,56.7,1.303,0.844,1.193,0
AST-WAT-196,Water Pump,1796,71,99.5,10,3.62,71.6,21.7,66.3,1.727,0.789,1.662,1
AST-HVA-342,HVAC,1880,53,21.6,11,2.77,53.1,22.2,51.6,0.98,0.589,0.345,0
AST-WAT-204,Water Pump,1661,121,14.8,9,4.98,68.4,34.5,67.0,2.274,1.344,0.267,0
AST-GEN-574,Generator,2076,171,72.7,14,5.47,83.8,52.6,47.6,3.053,1.9,1.051,1
AST-GEN-176,Generator,87,214,0.0,0,5.27,100.9,55.2,76.9,3.548,2.378,0.0,1
AST-HVA-999,HVAC,2043,229,54.5,12,6.97,77.7,30.7,50.6,3.612,2.544,0.8,1
AST-IT -947,IT Server,777,27,15.3,6,1.52,48.7,15.1,53.7,0.492,0.3,0.591,0
AST-MED-631,Medical,1749,44,21.5,4,1.94,36.6,8.2,41.7,0.474,0.489,0.369,0
AST-MED-852,Medical,2042,201,151.4,16,6.58,66.1,15.2,37.9,2.9,2.233,2.224,1
AST-IT -548,IT Server,987,195,14.4,5,4.85,63.2,23.8,52.6,2.045,2.167,0.438,0
AST-WAT-337,Water Pump,2239,63,6.0,7,3.64,60.2,36.1,39.7,1.462,0.7,0.08,0
AST-WAT-627,Water Pump,755,140,6.9,4,3.18,61.2,36.4,57.2,1.297,1.556,0.274,0
AST-MED-518,Medical,149,87,33.3,1,1.87,44.8,7.6,26.6,0.558,0.967,6.705,0
AST-WAT-560,Water Pump,123,127,0.0,0,4.66,59.8,32.9,33.9,1.859,1.411,0.0,0
AST-IT -657,IT Server,1785,104,5.1,9,1.64,49.2,19.8,52.5,0.539,1.156,0.086,0
AST-HVA-564,HVAC,1989,180,16.8,12,5.22,71.7,24.5,45.4,2.495,2.0,0.253,1
AST-WAT-608,Water Pump,996,231,2.5,6,6.17,98.3,45.4,35.0,4.042,2.567,0.075,1
AST-WAT-926,Water Pump,630,221,13.6,3,5.56,76.7,40.2,45.3,2.843,2.456,0.648,0
AST-MED-882,Medical,39,97,0.0,0,1.67,42.2,10.4,58.3,0.469,1.078,0.0,0
AST-HVA-774,HVAC,730,47,25.2,3,1.87,47.8,23.1,52.7,0.596,0.522,1.036,0
AST-MED-435,Medical,682,23,1.0,2,1.6,45.7,9.3,56.1,0.489,0.256,0.044,0
AST-ELE-994,Elevator,1529,4,16.0,10,1.42,60.1,20.5,54.7,0.57,0.044,0.314,0
AST-IT -558,IT Server,459,176,0.0,0,3.89,66.3,22.3,68.4,1.719,1.956,0.0,0
AST-IT -253,IT Server,328,134,0.0,0,2.34,66.2,16.2,33.4,1.034,1.489,0.0,0
AST-GEN-174,Generator,2367,36,30.5,9,3.21,60.0,47.7,68.2,1.283,0.4,0.387,0
AST-LAB-567,Lab Equipment,2463,11,78.9,12,2.66,51.5,12.2,66.8,0.913,0.122,0.961,0
AST-IT -891,IT Server,1129,61,43.4,6,1.51,43.6,13.6,38.3,0.438,0.678,1.153,0
AST-IT -654,IT Server,1212,201,84.6,7,5.56,81.9,25.4,52.7,3.038,2.233,2.094,1
AST-HVA-262,HVAC,549,229,6.1,1,6.86,78.1,33.3,51.0,3.57,2.544,0.333,0
AST-WAT-438,Water Pump,168,155,3.6,1,4.67,74.2,43.7,53.6,2.311,1.722,0.643,0
AST-GEN-778,Generator,2251,111,11.2,8,3.89,79.6,50.5,50.9,2.065,1.233,0.149,0
AST-IT -833,IT Server,1057,130,81.1,6,3.2,64.2,18.5,59.5,1.367,1.444,2.302,0
AST-ELE-233,Elevator,1251,226,29.6,5,6.86,85.1,36.1,76.4,3.893,2.511,0.71,1
AST-WAT-853,Water Pump,2127,142,99.9,9,8.07,88.4,35.5,40.5,4.754,1.578,1.409,1
AST-ELE-186,Elevator,1191,89,119.3,11,4.71,62.5,23.5,46.4,1.961,0.989,3.005,1
AST-IT -619,IT Server,1905,208,12.2,9,5.21,69.7,23.0,60.7,2.419,2.311,0.192,0
AST-HVA-811,HVAC,1837,24,26.3,10,2.11,53.5,27.4,42.7,0.754,0.267,0.43,0
AST-GEN-340,Generator,2258,103,124.4,12,5.04,75.9,59.1,53.3,2.549,1.144,1.653,1
AST-LAB-300,Lab Equipment,2238,197,2.4,12,5.48,70.7,17.3,24.3,2.585,2.189,0.032,0
AST-GEN-126,Generator,1881,71,87.3,11,1.84,82.7,48.5,58.2,1.013,0.789,1.392,0
AST-HVA-728,HVAC,290,185,20.5,3,5.07,70.7,26.4,53.6,2.389,2.056,2.121,0
AST-LAB-606,Lab Equipment,2209,127,31.7,8,3.7,48.9,15.8,51.0,1.206,1.411,0.431,0
AST-GEN-977,Generator,2383,235,30.9,12,7.53,95.0,59.6,53.5,4.767,2.611,0.389,1
AST-LAB-835,Lab Equipment,660,215,41.3,6,6.44,64.4,22.9,58.9,2.765,2.389,1.877,0
AST-MED-628,Medical,2392,51,16.6,20,1.87,46.0,7.7,73.2,0.575,0.567,0.208,0
AST-ELE-139,Elevator,2209,82,24.6,15,3.12,51.0,31.7,42.8,1.06,0.911,0.334,0
AST-HVA-508,HVAC,792,175,10.7,6,3.95,68.2,32.9,75.1,1.797,1.944,0.405,0
AST-GEN-477,Generator,242,179,3.4,1,4.21,80.4,60.1,30.0,2.255,1.989,0.421,1
AST-HVA-779,HVAC,1506,194,30.7,9,6.13,83.4,28.4,35.1,3.407,2.156,0.612,0
AST-LAB-845,Lab Equipment,1389,176,0.8,1,4.71,58.0,21.8,50.6,1.821,1.956,0.017,0
AST-HVA-131,HVAC,541,43,2.7,6,1.52,55.5,23.7,56.7,0.561,0.478,0.15,0
AST-IT -280,IT Server,1433,219,18.9,9,5.35,81.4,24.9,20.0,2.903,2.433,0.396,1
AST-MED-286,Medical,2174,101,28.3,10,2.41,50.1,9.5,60.8,0.803,1.122,0.391,0
AST-LAB-300,Lab Equipment,604,91,7.1,2,1.67,36.0,14.0,38.5,0.402,1.011,0.353,0
AST-IT -401,IT Server,790,164,5.0,6,3.76,61.5,19.8,74.3,1.541,1.822,0.19,0
AST-GEN-799,Generator,2211,190,89.1,15,6.25,90.6,60.7,43.4,3.773,2.111,1.209,1
AST-MED-908,Medical,1633,213,0.5,6,4.73,62.5,17.5,41.0,1.97,2.367,0.009,0
AST-WAT-299,Water Pump,2267,231,79.0,11,7.41,94.5,47.8,58.0,4.668,2.567,1.045,1
AST-HVA-448,HVAC,1688,43,40.4,9,1.96,61.7,22.3,36.1,0.808,0.478,0.718,0
AST-ELE-796,Elevator,1372,48,72.6,9,3.82,61.9,30.1,70.6,1.577,0.533,1.587,0
AST-MED-839,Medical,2009,46,5.5,17,1.93,38.4,7.8,59.4,0.494,0.511,0.082,0
AST-MED-498,Medical,716,148,9.6,2,3.46,43.4,12.8,59.1,1.003,1.644,0.402,0
AST-IT -326,IT Server,940,88,11.4,3,1.37,49.1,15.9,38.3,0.45,0.978,0.364,0
AST-WAT-802,Water Pump,1545,27,8.3,4,2.69,62.0,43.1,46.1,1.114,0.3,0.161,0
AST-IT -208,IT Server,2323,182,68.0,12,5.07,88.1,20.4,57.9,2.974,2.022,0.878,1
AST-MED-126,Medical,2035,133,38.9,13,3.53,53.7,11.9,39.8,1.265,1.478,0.573,0
AST-LAB-970,Lab Equipment,2318,84,26.6,12,2.29,48.0,12.1,56.3,0.731,0.933,0.344,1
AST-MED-874,Medical,2027,198,116.1,10,6.71,73.7,18.2,66.6,3.295,2.2,1.718,1
AST-WAT-367,Water Pump,948,2,14.9,2,1.36,63.8,30.1,65.4,0.577,0.022,0.472,0
AST-ELE-738,Elevator,521,225,3.1,1,5.87,78.2,45.7,20.0,3.061,2.5,0.179,1
AST-IT -944,IT Server,2393,20,171.1,14,2.84,56.2,20.9,48.7,1.064,0.222,2.145,0
AST-HVA-592,HVAC,2483,124,92.4,10,3.4,75.3,27.4,60.0,1.707,1.378,1.116,1
AST-GEN-634,Generator,1396,149,45.0,9,4.32,86.8,40.9,64.0,2.497,1.656,0.967,1
AST-WAT-138,Water Pump,382,215,11.2,2,5.12,86.9,46.0,74.2,2.966,2.389,0.88,1
AST-LAB-414,Lab Equipment,391,84,3.5,1,1.0,48.8,11.9,49.0,0.324,0.933,0.269,0
AST-HVA-434,HVAC,1372,52,21.3,7,2.08,49.8,21.7,75.9,0.692,0.578,0.466,0
AST-ELE-277,Elevator,1529,159,77.6,10,6.04,83.0,34.8,55.6,3.344,1.767,1.523,1
AST-WAT-529,Water Pump,1979,187,64.3,9,4.85,93.4,40.2,59.9,3.02,2.078,0.975,1
AST-IT -199,IT Server,1005,205,50.4,7,4.93,74.4,25.8,49.7,2.446,2.278,1.504,1
AST-WAT-424,Water Pump,217,5,17.3,1,2.09,69.1,25.5,72.9,0.964,0.056,2.392,0
AST-MED-966,Medical,643,179,7.4,2,4.15,58.4,15.2,42.4,1.616,1.989,0.345,0
AST-WAT-211,Water Pump,1191,198,17.8,3,6.59,78.9,43.3,28.9,3.462,2.2,0.448,1
AST-HVA-894,HVAC,1479,46,6.6,4,3.41,56.4,25.0,40.9,1.283,0.511,0.134,0
AST-IT -641,IT Server,529,179,3.8,2,3.81,63.5,23.2,57.2,1.614,1.989,0.216,0
AST-LAB-674,Lab Equipment,276,155,3.9,1,3.67,54.5,18.1,42.5,1.334,1.722,0.424,0
AST-GEN-875,Generator,1987,2,56.3,12,3.67,77.1,40.9,21.4,1.885,0.022,0.85,0
AST-GEN-340,Generator,2136,135,1.1,8,4.13,94.9,46.0,62.2,2.612,1.5,0.015,1
AST-WAT-456,Water Pump,1677,42,28.2,12,2.42,45.3,30.9,57.8,0.729,0.467,0.504,0
AST-MED-670,Medical,1783,107,8.5,11,2.58,47.2,8.3,56.7,0.813,1.189,0.143,0
AST-MED-984,Medical,2420,130,64.7,11,3.73,53.0,10.4,56.9,1.317,1.444,0.802,0
AST-WAT-560,Water Pump,2237,114,151.8,9,5.71,58.1,30.1,66.9,2.21,1.267,2.036,1
AST-WAT-271,Water Pump,596,127,0.6,3,4.82,74.2,44.3,52.5,2.384,1.411,0.03,0
AST-IT -445,IT Server,1175,139,115.0,8,4.08,64.5,20.1,42.8,1.757,1.544,2.936,1
AST-ELE-702,Elevator,1758,94,50.6,4,3.07,71.7,35.0,66.2,1.468,1.044,0.863,0
AST-MED-906,Medical,1209,46,7.0,4,1.15,34.9,6.4,49.4,0.268,0.511,0.174,0
AST-MED-729,Medical,516,22,23.1,3,1.62,47.0,6.8,59.0,0.508,0.244,1.343,0
AST-LAB-440,Lab Equipment,134,35,1.5,1,1.65,36.6,12.8,67.5,0.403,0.389,0.336,0
AST-HVA-140,HVAC,205,40,0.0,0,1.44,45.9,19.6,48.0,0.439,0.444,0.0,0
AST-MED-754,Medical,970,151,58.5,5,3.59,57.7,13.6,60.5,1.38,1.678,1.809,0
AST-GEN-174,Generator,998,34,16.9,6,2.39,73.3,38.5,46.3,1.167,0.378,0.508,0
AST-WAT-946,Water Pump,504,205,2.9,2,7.44,76.0,41.3,37.5,3.77,2.278,0.173,1
AST-MED-170,Medical,883,2,96.3,7,2.44,46.9,8.0,55.9,0.762,0.022,3.272,0
AST-LAB-134,Lab Equipment,2167,53,33.7,12,2.36,59.4,11.1,65.4,0.935,0.589,0.467,0
AST-LAB-668,Lab Equipment,776,175,140.9,7,5.21,65.9,19.8,57.2,2.288,1.944,5.447,1
AST-MED-391,Medical,2159,135,214.5,18,4.47,62.4,11.1,51.5,1.86,1.5,2.981,1
AST-LAB-700,Lab Equipment,2039,37,49.4,11,2.65,57.3,13.4,30.9,1.011,0.411,0.727,0
AST-WAT-806,Water Pump,939,109,3.1,1,3.9,68.0,38.8,51.8,1.768,1.211,0.099,0
AST-ELE-907,Elevator,1836,185,5.8,16,4.55,76.9,31.0,55.8,2.33,2.056,0.095,0
AST-ELE-523,Elevator,643,192,3.4,2,6.06,70.0,34.2,52.3,2.825,2.133,0.159,1
AST-MED-966,Medical,2140,190,150.4,10,5.98,61.1,17.2,57.5,2.436,2.111,2.108,1
AST-MED-394,Medical,886,18,29.7,5,1.99,45.6,8.8,53.1,0.606,0.2,1.006,0
AST-WAT-933,Water Pump,738,182,20.6,3,6.09,78.0,36.9,38.9,3.171,2.022,0.837,1
AST-WAT-208,Water Pump,577,49,2.9,3,2.42,69.1,38.8,76.8,1.113,0.544,0.151,0
AST-GEN-304,Generator,616,225,26.7,5,6.28,97.6,50.1,61.4,4.084,2.5,1.3,1
AST-HVA-741,HVAC,1278,160,2.6,5,3.87,66.5,21.2,38.9,1.716,1.778,0.061,1
AST-LAB-856,Lab Equipment,63,227,14.7,1,6.51,72.1,23.5,43.5,3.131,2.522,7.0,1
AST-GEN-525,Generator,1104,126,43.7,6,4.48,72.6,34.0,52.5,2.168,1.4,1.188,1
AST-ELE-666,Elevator,1927,89,231.2,12,4.72,62.2,25.9,58.3,1.959,0.989,3.599,1
AST-GEN-885,Generator,1961,104,10.7,13,1.58,75.2,41.7,53.9,0.79,1.156,0.164,0
AST-HVA-781,HVAC,1897,46,26.5,6,2.83,66.3,21.5,52.5,1.251,0.511,0.419,0
AST-MED-591,Medical,1931,83,85.4,11,2.53,49.4,9.2,45.5,0.833,0.922,1.327,0
AST-MED-675,Medical,1118,124,9.1,3,2.24,51.1,9.6,40.4,0.764,1.378,0.244,0
AST-GEN-983,Generator,2369,9,106.4,14,3.36,95.8,53.3,51.4,2.143,0.1,1.347,1
AST-IT -192,IT Server,2122,210,166.8,13,6.23,75.3,21.1,56.5,3.129,2.333,2.358,1
AST-ELE-859,Elevator,1887,98,13.7,3,3.17,61.6,35.7,62.0,1.303,1.089,0.218,0
AST-IT -346,IT Server,448,101,5.5,1,1.47,54.8,20.6,31.8,0.536,1.122,0.368,0
AST-WAT-286,Water Pump,1830,31,81.1,10,1.76,73.6,24.6,54.3,0.863,0.344,1.33,0
AST-GEN-164,Generator,1902,176,15.4,10,5.62,104.3,42.7,49.7,3.904,1.956,0.243,1
AST-LAB-906,Lab Equipment,919,238,12.2,5,6.12,76.1,26.2,67.7,3.104,2.644,0.398,1
AST-IT -290,IT Server,149,84,0.0,0,1.15,41.6,11.4,61.3,0.32,0.933,0.0,0
AST-GEN-690,Generator,2351,233,52.7,11,6.97,109.2,52.4,62.7,5.076,2.589,0.672,1
AST-ELE-521,Elevator,731,26,5.8,3,2.52,62.1,26.8,61.8,1.042,0.289,0.238,0
AST-WAT-434,Water Pump,2426,20,75.4,11,3.85,80.3,23.4,56.0,2.06,0.222,0.932,0
AST-GEN-666,Generator,2285,37,107.9,12,5.21,72.9,49.8,43.7,2.529,0.411,1.417,1
AST-GEN-432,Generator,1519,180,118.0,9,6.52,98.7,47.3,51.9,4.289,2.0,2.33,1
AST-WAT-691,Water Pump,2242,53,8.5,12,3.01,66.8,33.9,60.3,1.34,0.589,0.114,0
AST-MED-373,Medical,1741,32,214.0,13,2.81,48.0,7.1,63.0,0.9,0.356,3.688,1
AST-ELE-574,Elevator,2049,57,200.4,11,2.21,70.0,21.1,41.3,1.033,0.633,2.934,1
AST-LAB-396,Lab Equipment,1042,6,33.6,5,1.52,39.7,8.9,37.0,0.403,0.067,0.967,0
AST-MED-986,Medical,1069,148,9.3,7,3.1,50.6,13.5,52.5,1.046,1.644,0.261,0
AST-WAT-610,Water Pump,507,47,16.5,3,1.6,55.5,24.3,68.0,0.593,0.522,0.976,0
AST-IT -944,IT Server,2414,113,28.9,11,2.37,60.8,14.3,52.6,0.96,1.256,0.359,1
AST-IT -278,IT Server,1832,18,40.0,12,1.83,54.7,14.0,46.4,0.668,0.2,0.655,0
AST-MED-352,Medical,2470,120,16.9,10,2.56,56.4,10.7,61.8,0.961,1.333,0.205,0
AST-LAB-836,Lab Equipment,490,55,1.3,3,1.86,46.9,8.5,39.5,0.582,0.611,0.08,0
AST-WAT-434,Water Pump,596,149,18.8,3,4.48,71.0,31.8,60.5,2.119,1.656,0.946,0
AST-IT -348,IT Server,565,39,0.0,0,1.05,45.3,13.1,45.6,0.318,0.433,0.0,0
AST-ELE-870,Elevator,433,35,41.1,3,2.69,60.5,27.7,49.2,1.086,0.389,2.848,0
AST-LAB-846,Lab Equipment,252,141,12.3,1,2.92,59.5,15.5,66.2,1.159,1.567,1.464,0
AST-HVA-145,HVAC,1116,195,7.8,5,5.12,81.6,29.9,53.2,2.784,2.167,0.21,1
AST-IT -930,IT Server,1937,133,3.0,10,2.91,56.1,22.1,58.5,1.089,1.478,0.046,0
AST-WAT-682,Water Pump,1825,90,156.8,14,5.41,78.5,28.9,59.4,2.833,1.0,2.578,1
AST-ELE-857,Elevator,1554,171,15.0,8,5.9,77.0,33.1,47.7,3.028,1.9,0.29,1
AST-GEN-342,Generator,2221,101,259.6,14,3.12,82.7,51.7,58.4,1.723,1.122,3.507,1
AST-WAT-957,Water Pump,195,52,5.1,1,3.05,53.4,31.9,59.4,1.086,0.578,0.785,0
AST-MED-341,Medical,1618,166,265.5,15,4.87,63.0,14.2,38.8,2.044,1.844,4.923,1
AST-IT -975,IT Server,2380,83,22.0,10,1.66,55.2,16.5,42.9,0.611,0.922,0.277,0
AST-HVA-455,HVAC,697,54,2.9,3,1.59,51.8,22.7,47.4,0.55,0.6,0.125,0
AST-IT -988,IT Server,413,6,12.7,1,0.91,45.6,13.8,51.1,0.278,0.067,0.923,0
AST-ELE-691,Elevator,715,200,17.1,5,5.66,69.7,38.5,49.3,2.629,2.222,0.717,0
AST-IT -867,IT Server,1456,170,11.7,7,3.8,63.2,21.7,55.7,1.6,1.889,0.241,1
AST-MED-303,Medical,1987,71,63.9,14,2.56,58.2,9.6,44.7,0.992,0.789,0.965,0
AST-ELE-623,Elevator,819,15,13.0,5,2.89,52.4,27.8,50.6,1.009,0.167,0.476,0
AST-GEN-105,Generator,2391,107,91.6,9,4.22,82.0,47.8,40.0,2.307,1.189,1.149,0
AST-HVA-315,HVAC,2460,128,4.0,20,4.22,66.2,21.3,36.5,1.865,1.422,0.049,1
AST-HVA-248,HVAC,1659,13,63.5,11,1.53,50.0,15.9,32.6,0.511,0.144,1.148,0
AST-ELE-255,Elevator,503,54,12.4,3,3.28,69.7,29.3,55.1,1.523,0.6,0.74,0
AST-WAT-803,Water Pump,1915,105,190.1,10,6.21,71.2,32.6,45.9,2.948,1.167,2.978,1
AST-ELE-242,Elevator,249,30,0.0,0,2.83,60.8,29.2,37.4,1.146,0.333,0.0,0
AST-ELE-789,Elevator,395,30,2.5,1,1.64,57.2,29.0,39.8,0.626,0.333,0.19,0
AST-LAB-207,Lab Equipment,560,234,26.1,2,6.08,73.2,24.7,38.6,2.965,2.6,1.398,1
AST-HVA-732,HVAC,160,115,0.3,2,2.46,66.7,25.5,56.5,1.092,1.278,0.056,0
AST-MED-777,Medical,2197,195,79.8,12,6.48,71.6,17.1,66.3,3.093,2.167,1.09,1
AST-GEN-302,Generator,906,10,2.4,3,3.32,68.2,46.4,50.8,1.511,0.111,0.079,0
AST-GEN-541,Generator,1587,87,7.2,5,3.65,66.4,35.5,58.9,1.617,0.967,0.136,0
AST-HVA-776,HVAC,762,117,24.3,2,3.0,69.1,27.0,29.0,1.384,1.3,0.957,0
AST-ELE-930,Elevator,1264,199,91.2,8,6.18,76.5,39.8,45.3,3.153,2.211,2.165,1
AST-GEN-882,Generator,1185,46,96.8,10,3.34,69.3,43.2,31.4,1.542,0.511,2.451,1
AST-MED-123,Medical,2317,175,252.4,11,5.59,70.9,15.0,53.4,2.644,1.944,3.268,1
AST-IT -243,IT Server,1410,221,69.9,8,6.07,74.5,25.1,49.2,3.017,2.456,1.487,1
AST-ELE-434,Elevator,581,39,19.0,7,2.56,61.5,24.0,49.1,1.048,0.433,0.981,0
AST-LAB-231,Lab Equipment,100,216,0.0,0,5.28,62.6,21.0,43.6,2.204,2.4,0.0,0
AST-GEN-817,Generator,1532,90,14.3,10,4.17,80.2,48.9,53.2,2.228,1.0,0.28,0
AST-WAT-909,Water Pump,300,208,8.1,3,6.98,80.5,52.4,52.1,3.746,2.311,0.81,1
AST-ELE-101,Elevator,909,184,32.9,7,5.44,79.0,43.7,56.8,2.867,2.044,1.086,1
AST-IT -453,IT Server,555,200,1.7,1,4.3,73.4,23.1,56.4,2.101,2.222,0.092,0
AST-LAB-943,Lab Equipment,99,199,0.0,0,4.41,63.1,18.2,55.4,1.854,2.211,0.0,1
AST-LAB-221,Lab Equipment,611,71,47.8,7,1.51,50.1,9.4,50.5,0.506,0.789,2.347,0
AST-MED-662,Medical,1367,139,40.5,9,3.55,56.4,12.1,42.2,1.334,1.544,0.889,0
AST-MED-880,Medical,563,55,4.7,2,0.94,40.3,9.3,67.2,0.252,0.611,0.25,0
AST-MED-176,Medical,669,7,29.0,4,2.18,37.2,7.5,56.0,0.541,0.078,1.3,0
AST-LAB-155,Lab Equipment,1760,32,34.6,7,2.7,54.9,12.3,71.1,0.988,0.356,0.59,0
AST-GEN-590,Generator,975,143,0.9,7,4.57,65.9,51.9,65.6,2.006,1.589,0.028,0
AST-HVA-270,HVAC,2483,159,169.1,14,6.81,78.2,32.3,49.5,3.551,1.767,2.043,1
AST-ELE-838,Elevator,379,111,131.6,7,4.15,80.1,38.9,46.1,2.218,1.233,10.417,1
AST-IT -122,IT Server,1718,59,110.8,8,2.31,49.5,14.0,67.0,0.763,0.656,1.935,0
AST-WAT-388,Water Pump,2205,167,137.2,16,7.23,87.1,33.0,33.0,4.202,1.856,1.867,1
AST-HVA-450,HVAC,1338,67,16.7,10,2.4,66.2,25.5,45.7,1.059,0.744,0.374,0
AST-GEN-947,Generator,61,57,0.0,0,1.92,60.5,44.8,50.0,0.772,0.633,0.0,0
AST-WAT-392,Water Pump,162,64,0.0,0,1.82,54.5,38.9,56.2,0.663,0.711,0.0,0
AST-HVA-730,HVAC,1517,233,35.0,11,5.8,72.0,38.4,56.9,2.784,2.589,0.692,1
AST-LAB-677,Lab Equipment,1879,95,12.3,9,2.87,58.2,11.6,49.9,1.113,1.056,0.196,0
AST-WAT-415,Water Pump,295,95,3.9,1,1.46,70.7,33.4,57.4,0.686,1.056,0.397,0
AST-ELE-897,Elevator,1455,96,58.0,9,3.35,68.8,28.6,49.4,1.536,1.067,1.196,0
AST-WAT-276,Water Pump,1038,65,39.4,7,1.64,69.0,29.6,43.6,0.753,0.722,1.139,0
AST-HVA-240,HVAC,1058,119,29.9,4,2.4,55.5,29.2,43.0,0.889,1.322,0.848,0
AST-HVA-145,HVAC,2303,16,11.1,10,3.58,55.4,30.9,59.3,1.323,0.178,0.145,0
AST-WAT-902,Water Pump,2136,32,4.5,12,4.42,68.6,37.6,65.0,2.021,0.356,0.063,1
AST-HVA-925,HVAC,1719,142,42.0,8,3.54,58.3,32.4,64.9,1.376,1.578,0.733,0
AST-LAB-508,Lab Equipment,1161,196,118.7,10,5.99,71.9,22.2,55.0,2.871,2.178,3.067,1
AST-LAB-265,Lab Equipment,1765,133,47.4,11,3.31,54.2,15.1,35.7,1.196,1.478,0.806,1
AST-HVA-629,HVAC,429,208,20.6,1,4.53,67.9,32.1,29.0,2.053,2.311,1.441,0
AST-MED-558,Medical,469,38,53.8,3,1.6,51.7,11.1,46.8,0.553,0.422,3.441,0
AST-WAT-837,Water Pump,473,88,16.0,2,3.65,55.3,41.3,49.2,1.348,0.978,1.015,0
AST-LAB-186,Lab Equipment,830,131,18.6,6,3.18,55.4,15.4,67.8,1.176,1.456,0.672,0
AST-LAB-204,Lab Equipment,1039,14,0.5,7,2.14,53.5,17.2,65.4,0.764,0.156,0.014,0
AST-GEN-440,Generator,356,13,4.2,3,2.48,71.5,45.2,49.9,1.181,0.144,0.354,0
AST-MED-469,Medical,2203,71,7.8,7,2.07,42.6,8.8,57.8,0.586,0.789,0.106,0
AST-GEN-920,Generator,1670,45,135.5,8,3.36,81.4,45.7,44.8,1.824,0.5,2.434,1
AST-GEN-125,Generator,101,145,0.0,0,3.15,88.7,59.7,53.3,1.863,1.611,0.0,0
AST-MED-644,Medical,2193,174,115.7,14,5.49,70.6,15.9,54.9,2.585,1.933,1.583,1
AST-LAB-820,Lab Equipment,1789,153,55.6,9,4.02,47.6,17.9,29.4,1.276,1.7,0.932,0
AST-HVA-309,HVAC,523,144,7.5,1,3.8,71.4,27.2,43.7,1.806,1.6,0.43,1
AST-GEN-787,Generator,850,156,52.6,8,3.16,78.0,49.8,62.1,1.643,1.733,1.856,0
AST-WAT-929,Water Pump,1830,237,50.5,12,9.61,89.2,43.4,20.0,5.714,2.633,0.828,1
AST-LAB-503,Lab Equipment,1819,211,14.2,4,5.84,61.4,19.1,46.9,2.389,2.344,0.234,1
AST-MED-699,Medical,292,135,0.0,0,2.9,47.4,12.1,41.9,0.917,1.5,0.0,0
AST-GEN-816,Generator,1975,5,92.7,14,4.63,87.6,43.4,60.7,2.702,0.056,1.408,1
AST-MED-512,Medical,1729,109,13.0,8,2.07,46.5,10.2,54.2,0.642,1.211,0.226,0
AST-MED-741,Medical,2443,7,84.8,20,3.07,53.1,8.6,70.3,1.086,0.078,1.041,0
AST-WAT-219,Water Pump,237,115,27.4,2,4.78,71.3,37.1,47.2,2.273,1.278,3.468,0
AST-ELE-578,Elevator,539,234,90.2,5,8.75,78.5,42.3,50.5,4.583,2.6,5.02,1
AST-HVA-866,HVAC,1105,150,106.1,6,4.49,74.5,26.0,29.1,2.23,1.667,2.881,1
AST-WAT-665,Water Pump,308,211,37.8,3,7.23,86.2,51.1,43.3,4.157,2.344,3.682,1
AST-WAT-816,Water Pump,1134,147,10.4,3,3.43,77.9,22.0,41.4,1.782,1.633,0.275,1
AST-GEN-783,Generator,299,82,4.6,1,1.22,61.4,37.6,53.2,0.501,0.911,0.462,0
AST-HVA-361,HVAC,2085,10,76.7,13,2.23,72.4,19.3,43.7,1.075,0.111,1.104,0
AST-MED-762,Medical,2479,211,130.2,10,6.4,75.0,18.0,47.9,3.199,2.344,1.576,1
AST-LAB-902,Lab Equipment,2197,127,14.9,9,3.69,61.9,15.5,56.4,1.525,1.411,0.203,0
AST-ELE-166,Elevator,843,119,1.2,4,2.46,62.0,26.0,34.7,1.019,1.322,0.043,0
AST-ELE-223,Elevator,1728,98,29.4,12,2.65,64.5,22.9,59.6,1.139,1.089,0.51,0
AST-ELE-399,Elevator,448,106,3.4,2,2.25,56.3,31.9,49.5,0.846,1.178,0.228,0
AST-HVA-252,HVAC,915,125,135.2,13,3.95,78.7,32.5,49.7,2.073,1.389,4.433,1
AST-HVA-596,HVAC,1995,147,96.2,9,4.73,72.1,27.1,52.6,2.273,1.633,1.447,1
AST-GEN-950,Generator,743,196,35.5,5,5.42,91.9,55.7,37.6,3.322,2.178,1.433,1
AST-GEN-315,Generator,2141,172,87.4,10,4.79,88.7,49.3,71.4,2.833,1.911,1.225,1
AST-MED-696,Medical,2358,234,0.9,15,6.24,71.8,21.1,36.3,2.983,2.6,0.011,1
AST-IT -556,IT Server,90,18,0.0,0,0.72,40.7,13.1,57.7,0.194,0.2,0.0,0
AST-MED-269,Medical,1794,218,81.4,6,5.74,77.2,16.6,51.1,2.957,2.422,1.361,0
AST-ELE-242,Elevator,137,55,0.5,1,1.99,61.0,25.4,38.4,0.808,0.611,0.109,0
AST-IT -571,IT Server,2244,217,84.2,17,6.26,83.9,23.0,59.6,3.499,2.411,1.126,1
AST-HVA-520,HVAC,254,216,1.7,2,5.48,76.7,29.1,45.8,2.803,2.4,0.201,1
AST-ELE-775,Elevator,142,162,7.5,3,2.87,75.3,34.3,47.9,1.441,1.8,1.585,0
AST-ELE-365,Elevator,419,218,8.9,2,6.51,67.6,42.0,59.2,2.937,2.422,0.637,0
AST-IT -918,IT Server,372,61,6.6,1,0.99,42.6,17.2,65.5,0.281,0.678,0.532,0
AST-ELE-868,Elevator,2371,132,184.9,11,6.53,80.4,33.9,46.0,3.498,1.467,2.34,1
AST-WAT-698,Water Pump,1867,231,160.2,16,9.13,98.3,39.7,64.0,5.984,2.567,2.574,1
AST-HVA-185,HVAC,1850,6,46.7,14,3.77,66.7,26.1,37.1,1.674,0.067,0.757,0
AST-IT -615,IT Server,2437,75,91.4,14,2.32,58.9,14.2,56.0,0.909,0.833,1.125,0
AST-IT -131,IT Server,319,140,6.5,1,2.44,58.0,19.6,55.6,0.944,1.556,0.611,0
AST-MED-411,Medical,2221,36,125.5,12,3.18,57.1,8.5,46.3,1.211,0.4,1.695,1
AST-HVA-562,HVAC,1488,134,155.0,12,4.61,62.2,30.4,60.6,1.909,1.489,3.125,1
AST-GEN-684,Generator,1833,130,83.3,13,5.26,93.2,54.6,67.5,3.269,1.444,1.363,1
AST-HVA-652,HVAC,736,16,24.2,2,3.3,41.6,21.7,51.8,0.916,0.178,0.986,0
AST-MED-653,Medical,221,108,23.0,2,1.75,44.9,10.9,51.7,0.523,1.2,3.122,0
AST-LAB-782,Lab Equipment,413,213,0.0,0,5.26,69.0,20.9,62.3,2.422,2.367,0.0,0
AST-WAT-293,Water Pump,1587,145,0.9,11,5.05,74.3,39.0,64.7,2.499,1.611,0.017,1
AST-IT -512,IT Server,404,196,52.5,3,4.36,79.2,23.5,44.9,2.305,2.178,3.899,1
AST-HVA-261,HVAC,2122,229,89.9,19,7.84,86.5,29.0,53.5,4.52,2.544,1.271,1
AST-WAT-704,Water Pump,1137,203,11.0,3,6.61,92.0,45.7,57.5,4.053,2.256,0.29,1
AST-ELE-533,Elevator,2322,232,71.0,7,8.27,90.6,42.6,64.0,4.995,2.578,0.917,1
AST-LAB-843,Lab Equipment,1636,149,89.0,8,3.92,63.9,15.3,51.1,1.67,1.656,1.632,0
AST-ELE-968,Elevator,1984,171,97.4,10,5.03,83.8,32.3,47.9,2.81,1.9,1.473,1
AST-MED-144,Medical,2441,91,6.2,15,2.31,40.4,7.9,42.8,0.622,1.011,0.076,0
AST-HVA-364,HVAC,392,203,0.0,0,6.09,78.1,35.9,20.0,3.17,2.256,0.0,1
AST-HVA-463,HVAC,1779,12,2.4,6,2.3,44.2,23.1,50.2,0.677,0.133,0.04,0
AST-IT -757,IT Server,1046,46,4.2,4,1.25,47.2,17.1,36.7,0.392,0.511,0.12,0
AST-ELE-927,Elevator,2295,143,0.0,14,4.58,68.7,33.5,59.7,2.095,1.589,0.0,1
AST-ELE-486,Elevator,1480,28,38.3,10,2.34,59.3,25.6,39.7,0.927,0.311,0.776,0
AST-LAB-694,Lab Equipment,1660,47,4.3,14,1.44,45.6,13.2,53.5,0.438,0.522,0.078,0
AST-HVA-719,HVAC,1757,180,8.9,13,5.06,78.1,31.9,53.1,2.633,2.0,0.152,1
AST-WAT-724,Water Pump,1571,99,17.8,11,2.96,50.3,38.1,24.7,0.991,1.1,0.34,0
AST-ELE-371,Elevator,1788,7,9.8,8,1.37,53.7,24.9,59.8,0.492,0.078,0.164,0
AST-IT -419,IT Server,651,17,17.6,4,0.92,41.5,16.6,60.1,0.253,0.189,0.811,0
AST-GEN-674,Generator,1414,27,4.5,13,4.07,67.6,40.9,47.8,1.832,0.3,0.095,0
AST-GEN-464,Generator,2405,195,157.6,16,8.13,108.1,66.4,24.9,5.857,2.167,1.966,1
AST-ELE-516,Elevator,1157,139,34.8,5,3.34,70.1,30.4,40.4,1.559,1.544,0.902,0
AST-HVA-614,HVAC,2380,203,14.0,17,6.34,67.6,31.9,51.1,2.858,2.256,0.176,1
AST-MED-647,Medical,1668,137,8.6,10,3.03,47.9,13.2,47.6,0.968,1.522,0.155,0
AST-GEN-728,Generator,198,226,0.0,0,5.79,102.9,62.2,35.6,3.971,2.511,0.0,1
AST-MED-504,Medical,1994,39,129.2,13,2.85,53.5,8.3,26.4,1.017,0.433,1.944,0
AST-WAT-639,Water Pump,1853,155,133.3,18,6.59,88.1,41.2,51.5,3.87,1.722,2.158,1
AST-LAB-122,Lab Equipment,289,23,0.0,0,0.96,40.6,10.9,69.2,0.261,0.256,0.0,0
AST-GEN-949,Generator,492,151,1.7,2,3.98,79.6,52.8,33.0,2.111,1.678,0.104,0
AST-ELE-354,Elevator,1495,170,14.3,5,4.93,85.2,41.1,39.1,2.797,1.889,0.287,1
AST-IT -755,IT Server,698,211,46.1,2,4.7,70.5,25.6,47.2,2.21,2.344,1.981,0
AST-ELE-517,Elevator,472,60,3.5,1,2.41,55.9,27.8,37.0,0.9,0.667,0.222,0
AST-ELE-517,Elevator,31,88,0.0,0,3.14,47.4,31.2,27.1,0.992,0.978,0.0,0
AST-GEN-144,Generator,1072,83,23.0,8,2.43,61.6,47.6,46.3,0.997,0.922,0.644,0
AST-HVA-510,HVAC,1391,200,121.0,9,7.63,82.2,33.2,43.9,4.183,2.222,2.61,1
AST-HVA-269,HVAC,1505,233,289.9,14,8.84,94.5,30.8,65.1,5.564,2.589,5.779,1
AST-WAT-409,Water Pump,2059,38,68.5,12,3.7,65.8,39.6,23.5,1.624,0.422,0.998,0
AST-IT -199,IT Server,1786,82,16.5,7,1.76,63.3,16.2,35.1,0.742,0.911,0.277,0
AST-WAT-297,Water Pump,1214,71,2.1,6,2.23,49.0,39.7,52.8,0.727,0.789,0.052,0
AST-IT -526,IT Server,1676,217,151.7,9,6.51,81.3,24.8,65.2,3.528,2.411,2.715,1
AST-WAT-858,Water Pump,2013,230,59.5,13,6.66,99.2,42.4,44.7,4.406,2.556,0.887,1
AST-ELE-166,Elevator,2142,33,4.1,4,2.35,55.4,28.5,58.2,0.866,0.367,0.057,0
AST-IT -651,IT Server,2377,193,0.4,12,4.72,76.2,25.1,49.1,2.398,2.144,0.005,1
AST-HVA-659,HVAC,2246,233,247.6,15,9.15,97.5,32.4,45.7,5.949,2.589,3.307,1
AST-WAT-510,Water Pump,1921,214,7.5,5,6.89,100.2,45.5,67.2,4.605,2.378,0.117,1
AST-HVA-378,HVAC,356,114,6.9,1,2.24,50.3,28.7,30.5,0.751,1.267,0.581,0
AST-IT -968,IT Server,458,202,14.1,2,4.38,73.1,26.1,66.3,2.133,2.244,0.924,1
AST-MED-737,Medical,786,236,22.1,5,6.54,65.2,20.9,67.0,2.841,2.622,0.844,1
AST-LAB-371,Lab Equipment,2266,109,95.8,12,3.95,63.7,14.8,54.7,1.677,1.211,1.268,1
AST-IT -732,IT Server,1049,179,53.2,7,4.41,67.2,24.5,45.1,1.976,1.989,1.521,0
AST-LAB-813,Lab Equipment,2280,113,192.1,16,3.92,64.4,14.8,43.0,1.681,1.256,2.528,1
AST-IT -490,IT Server,2353,80,3.1,11,1.16,49.9,14.6,50.9,0.386,0.889,0.04,0
AST-WAT-192,Water Pump,1370,88,18.2,5,1.22,66.8,31.6,49.4,0.542,0.978,0.399,0
AST-MED-922,Medical,231,29,2.5,5,1.54,38.9,6.5,48.8,0.4,0.322,0.325,0
AST-GEN-839,Generator,2483,174,36.8,19,5.22,90.5,50.8,50.1,3.149,1.933,0.445,1
AST-WAT-803,Water Pump,1986,93,13.8,8,3.51,72.6,24.0,47.5,1.701,1.033,0.208,0
AST-LAB-811,Lab Equipment,212,90,12.4,1,1.71,40.1,11.8,45.9,0.456,1.0,1.755,0
AST-LAB-180,Lab Equipment,1760,175,73.4,7,4.82,72.6,16.3,65.6,2.334,1.944,1.251,1
AST-GEN-952,Generator,2471,138,9.5,8,4.91,76.8,47.8,48.2,2.515,1.533,0.115,0
AST-IT -926,IT Server,1647,54,34.0,10,1.8,62.0,13.9,51.2,0.743,0.6,0.619,0
AST-GEN-520,Generator,545,26,8.1,2,1.61,60.2,34.3,41.3,0.648,0.289,0.446,0
AST-MED-435,Medical,1555,154,59.6,12,3.72,60.8,12.1,77.9,1.508,1.711,1.15,1
AST-LAB-107,Lab Equipment,231,7,2.2,1,1.83,37.3,11.2,50.7,0.455,0.078,0.286,0
AST-ELE-686,Elevator,1263,207,45.7,4,6.47,100.4,45.0,50.2,4.329,2.3,1.086,1
AST-IT -694,IT Server,1054,46,18.3,5,1.03,61.7,18.3,42.4,0.424,0.511,0.521,0
AST-LAB-484,Lab Equipment,1152,202,46.1,12,4.7,72.7,22.3,58.5,2.276,2.244,1.201,0
AST-WAT-670,Water Pump,1811,111,12.4,9,2.89,63.6,40.1,51.8,1.228,1.233,0.205,0
AST-HVA-434,HVAC,1815,68,59.1,7,2.76,54.7,18.6,33.3,1.006,0.756,0.977,0
AST-WAT-909,Water Pump,1302,81,16.4,8,3.39,68.8,30.9,33.2,1.554,0.9,0.378,0
AST-MED-601,Medical,1844,88,36.7,5,1.77,41.8,6.3,53.3,0.493,0.978,0.597,0
AST-HVA-684,HVAC,1875,201,79.8,8,6.46,90.7,36.2,54.2,3.909,2.233,1.277,1
AST-WAT-426,Water Pump,934,50,19.2,2,2.22,68.9,27.8,58.4,1.019,0.556,0.617,0
AST-WAT-723,Water Pump,148,109,7.5,1,4.03,62.3,38.5,52.0,1.672,1.211,1.52,0
AST-WAT-901,Water Pump,1543,67,126.9,11,3.61,64.0,29.1,51.9,1.539,0.744,2.467,0
AST-LAB-902,Lab Equipment,565,219,5.8,2,5.8,70.1,23.2,40.1,2.712,2.433,0.308,0
AST-WAT-528,Water Pump,1408,180,115.7,5,5.83,94.8,42.1,62.8,3.683,2.0,2.465,1
AST-HVA-506,HVAC,1398,155,65.2,9,4.33,70.1,24.5,64.5,2.02,1.722,1.399,1
AST-GEN-154,Generator,67,178,25.6,1,4.61,95.3,48.2,54.9,2.932,1.978,11.463,0
AST-LAB-264,Lab Equipment,794,31,2.3,3,1.28,44.5,9.8,61.2,0.381,0.344,0.087,0
AST-MED-285,Medical,1881,110,11.0,8,2.55,41.1,9.8,54.5,0.698,1.222,0.175,0
AST-LAB-810,Lab Equipment,1971,80,7.9,9,2.85,53.0,12.4,33.5,1.007,0.889,0.12,0
AST-WAT-423,Water Pump,305,100,0.7,2,1.77,64.0,38.3,68.3,0.754,1.111,0.069,0
AST-HVA-281,HVAC,1180,182,24.8,6,5.95,75.3,28.5,52.1,2.989,2.022,0.631,0
AST-HVA-481,HVAC,2091,209,7.9,14,5.64,79.4,31.4,65.3,2.983,2.322,0.113,0
AST-IT -916,IT Server,2147,164,298.1,13,4.76,71.1,18.1,74.8,2.255,1.822,4.165,1
AST-HVA-106,HVAC,2228,4,30.9,9,3.52,69.2,21.4,68.4,1.623,0.044,0.416,0
AST-IT -628,IT Server,1652,124,43.0,7,2.75,58.5,14.5,55.2,1.072,1.378,0.781,0
AST-IT -230,IT Server,832,224,7.7,3,5.57,65.5,27.7,60.4,2.432,2.489,0.278,1
AST-IT -709,IT Server,1497,114,4.8,6,2.13,56.4,11.6,41.4,0.802,1.267,0.096,0
AST-HVA-921,HVAC,1149,115,183.1,9,3.59,77.1,23.9,36.6,1.846,1.278,4.781,1
AST-ELE-518,Elevator,1107,219,0.3,6,6.27,80.9,37.9,48.7,3.381,2.433,0.008,1
AST-WAT-535,Water Pump,341,38,9.4,1,1.87,51.7,37.8,41.4,0.645,0.422,0.827,0
AST-GEN-154,Generator,865,136,2.9,5,2.8,80.6,40.3,45.8,1.506,1.511,0.101,0
AST-ELE-877,Elevator,1990,88,134.2,15,4.05,68.1,24.4,54.3,1.839,0.978,2.023,1
AST-MED-813,Medical,2441,187,18.9,19,5.09,68.7,14.7,39.9,2.33,2.078,0.232,1
AST-WAT-645,Water Pump,226,119,2.4,2,3.62,56.1,29.2,51.6,1.354,1.322,0.319,0
AST-WAT-750,Water Pump,721,95,26.7,5,4.23,57.2,25.9,41.7,1.615,1.056,1.111,0
AST-IT -279,IT Server,1298,33,204.4,14,2.47,56.3,16.1,32.4,0.927,0.367,4.724,1
AST-IT -811,IT Server,982,129,6.1,1,2.66,54.3,16.3,38.4,0.964,1.433,0.186,0
AST-MED-470,Medical,1129,13,3.3,5,1.05,40.9,7.2,40.2,0.287,0.144,0.088,0
AST-LAB-360,Lab Equipment,1281,168,75.7,9,4.91,71.1,19.9,58.7,2.328,1.867,1.773,1
AST-ELE-578,Elevator,1416,190,117.4,7,5.8,76.8,29.1,47.4,2.97,2.111,2.487,1
AST-GEN-965,Generator,344,29,16.3,2,2.71,87.2,50.4,45.5,1.574,0.322,1.422,0
AST-GEN-257,Generator,1862,74,55.4,9,3.33,83.0,42.7,70.9,1.839,0.822,0.893,0
AST-IT -883,IT Server,2042,175,7.0,8,4.14,64.3,22.1,54.5,1.775,1.944,0.103,0
AST-ELE-935,Elevator,377,116,11.2,2,2.11,53.5,33.4,74.3,0.753,1.289,0.891,0
AST-WAT-507,Water Pump,874,63,30.6,9,3.09,59.7,28.3,64.9,1.228,0.7,1.05,0
AST-ELE-756,Elevator,711,126,14.9,2,5.04,67.9,34.9,64.2,2.285,1.4,0.629,1
AST-GEN-988,Generator,2303,138,39.6,7,3.94,92.8,53.0,43.9,2.434,1.533,0.516,1
AST-GEN-939,Generator,328,230,10.6,2,6.45,93.9,56.4,41.0,4.035,2.556,0.97,1
AST-ELE-112,Elevator,2253,16,164.7,18,4.39,65.6,20.3,37.7,1.923,0.178,2.193,0
AST-HVA-721,HVAC,1615,64,35.4,7,3.64,55.4,24.1,41.2,1.343,0.711,0.658,0
AST-MED-436,Medical,826,9,1.5,4,1.11,38.9,7.8,49.7,0.289,0.1,0.054,0
AST-WAT-335,Water Pump,1361,185,49.8,10,6.26,99.2,44.1,60.9,4.137,2.056,1.098,1
AST-WAT-248,Water Pump,1122,160,9.5,3,4.47,78.1,32.3,44.6,2.327,1.778,0.254,0
AST-MED-968,Medical,970,226,72.1,5,6.15,77.4,21.2,24.7,3.172,2.511,2.23,1
AST-HVA-978,HVAC,455,132,11.6,2,3.57,50.0,19.4,74.8,1.188,1.467,0.765,0
AST-WAT-505,Water Pump,1834,122,4.0,7,2.75,64.3,30.5,56.3,1.179,1.356,0.065,0
AST-IT -168,IT Server,1770,89,31.9,7,1.96,53.9,19.5,47.0,0.704,0.989,0.541,0
AST-MED-360,Medical,1071,235,24.6,6,5.63,69.2,19.1,40.6,2.595,2.611,0.689,1
AST-MED-367,Medical,1102,110,8.9,5,2.71,45.0,7.1,56.6,0.814,1.222,0.242,0
AST-IT -315,IT Server,2221,226,114.4,14,7.05,88.0,28.3,52.5,4.139,2.511,1.545,1
AST-HVA-586,HVAC,2498,159,41.1,9,5.67,65.3,27.6,43.2,2.467,1.767,0.494,1
AST-ELE-903,Elevator,2292,28,15.5,9,3.12,72.0,27.7,45.9,1.497,0.311,0.203,1
AST-ELE-766,Elevator,1342,62,5.6,4,3.71,51.2,26.3,67.1,1.265,0.689,0.125,0
AST-HVA-250,HVAC,2228,117,68.1,13,3.76,69.7,22.0,53.8,1.749,1.3,0.917,0
AST-IT -776,IT Server,1076,224,1.7,3,5.55,65.3,25.6,37.4,2.413,2.489,0.047,1
AST-LAB-923,Lab Equipment,2356,149,39.8,8,3.27,60.7,16.8,72.8,1.326,1.656,0.507,0
AST-IT -640,IT Server,2137,199,163.1,17,6.34,74.6,25.3,41.1,3.153,2.211,2.29,1
AST-WAT-807,Water Pump,2482,16,20.7,17,5.3,60.1,38.8,63.9,2.124,0.178,0.25,0
AST-MED-592,Medical,2400,180,82.1,16,5.85,66.9,16.2,59.9,2.608,2.0,1.026,1
AST-LAB-207,Lab Equipment,1153,215,16.4,3,6.32,75.6,23.5,45.9,3.185,2.389,0.427,1
AST-GEN-359,Generator,1573,60,0.9,10,2.49,77.2,40.3,29.8,1.28,0.667,0.017,1
AST-HVA-982,HVAC,2480,139,7.5,13,4.23,61.0,28.8,47.4,1.72,1.544,0.091,0
AST-LAB-827,Lab Equipment,1064,45,40.6,9,1.9,53.2,12.7,32.3,0.673,0.5,1.145,0
AST-GEN-951,Generator,2310,167,135.3,15,5.87,96.7,60.5,33.8,3.781,1.856,1.757,1
AST-LAB-266,Lab Equipment,2165,61,22.8,13,2.88,47.5,12.0,47.0,0.914,0.678,0.316,0
AST-WAT-205,Water Pump,648,29,7.0,5,1.89,65.8,30.3,64.1,0.828,0.322,0.324,0
AST-ELE-662,Elevator,2077,8,14.5,10,1.82,61.4,28.8,48.0,0.743,0.089,0.209,0
AST-WAT-260,Water Pump,2350,54,183.1,14,4.52,71.5,33.1,28.4,2.156,0.6,2.337,0
AST-IT -987,IT Server,2138,237,9.3,8,5.83,73.9,27.2,43.2,2.869,2.633,0.13,1
AST-IT -670,IT Server,898,43,22.6,10,1.12,41.2,11.3,52.6,0.306,0.478,0.755,0
AST-HVA-935,HVAC,509,4,7.7,3,1.83,57.9,23.0,49.1,0.705,0.044,0.454,0
AST-GEN-102,Generator,96,17,0.0,0,2.78,67.1,46.6,45.7,1.243,0.189,0.0,0
AST-LAB-572,Lab Equipment,1807,98,42.9,7,2.56,51.2,15.7,47.2,0.872,1.089,0.712,0
AST-HVA-620,HVAC,2474,172,50.6,10,5.34,86.3,22.7,70.0,3.073,1.911,0.614,1
AST-WAT-792,Water Pump,1999,184,42.9,11,7.55,89.6,38.4,56.5,4.507,2.044,0.644,1
AST-HVA-660,HVAC,372,210,22.5,2,6.38,84.8,30.0,59.3,3.605,2.333,1.815,1
AST-MED-492,Medical,410,74,57.3,5,2.51,46.5,8.3,38.6,0.779,0.822,4.193,0
AST-ELE-340,Elevator,2295,75,91.9,17,4.49,69.3,24.4,45.9,2.074,0.833,1.201,0
AST-ELE-349,Elevator,378,151,3.2,2,4.41,73.0,34.6,46.5,2.149,1.678,0.254,0
AST-HVA-905,HVAC,2006,71,18.2,7,2.79,62.1,18.4,45.9,1.155,0.789,0.272,0
AST-WAT-884,Water Pump,2284,165,395.7,15,6.22,88.3,33.8,60.5,3.662,1.833,5.197,1
AST-MED-416,Medical,1703,222,20.6,5,5.27,60.2,19.0,62.6,2.115,2.467,0.363,0
AST-MED-952,Medical,430,9,12.8,2,1.08,34.6,8.1,61.1,0.25,0.1,0.893,1
AST-ELE-891,Elevator,99,118,0.0,0,2.95,56.0,30.4,42.4,1.099,1.311,0.0,0
AST-LAB-286,Lab Equipment,44,95,0.0,0,0.56,41.2,13.0,52.4,0.155,1.056,0.0,0
AST-MED-437,Medical,2439,98,148.1,11,3.26,54.9,7.3,48.3,1.193,1.089,1.822,1
AST-HVA-439,HVAC,110,232,0.0,0,6.96,70.1,32.7,24.5,3.252,2.578,0.0,1
AST-LAB-543,Lab Equipment,1627,109,25.1,8,3.11,55.3,13.4,51.9,1.148,1.211,0.463,0
AST-HVA-113,HVAC,1639,235,55.4,8,6.65,88.4,37.3,46.4,3.92,2.611,1.014,1
AST-WAT-188,Water Pump,399,181,1.7,2,5.82,85.7,35.9,31.7,3.327,2.011,0.128,0
AST-GEN-388,Generator,36,207,8.5,1,6.64,84.0,70.8,28.9,3.72,2.3,7.083,1
AST-MED-202,Medical,1663,158,92.3,8,4.78,67.5,13.0,28.6,2.153,1.756,1.665,1
AST-IT -375,IT Server,1952,11,15.1,12,1.8,65.7,14.6,48.0,0.789,0.122,0.232,0
AST-HVA-476,HVAC,2330,195,16.3,12,5.16,78.8,25.6,43.2,2.71,2.167,0.21,1
AST-LAB-661,Lab Equipment,858,76,39.7,7,2.17,39.0,10.9,39.2,0.564,0.844,1.388,0
AST-LAB-647,Lab Equipment,2354,145,6.1,15,3.36,53.7,15.6,40.7,1.203,1.611,0.078,0
AST-GEN-497,Generator,1910,201,32.6,11,6.39,108.7,62.4,42.7,4.632,2.233,0.512,1
AST-GEN-652,Generator,1805,143,108.1,9,4.29,98.6,56.9,56.1,2.819,1.589,1.797,1
AST-ELE-679,Elevator,514,121,36.2,5,4.06,57.1,36.1,39.2,1.547,1.344,2.113,0
AST-ELE-776,Elevator,2017,201,8.8,10,5.45,66.5,37.8,58.2,2.416,2.233,0.131,1
AST-MED-131,Medical,1549,206,3.6,11,5.05,65.5,18.6,69.6,2.208,2.289,0.07,0
AST-GEN-471,Generator,1887,217,23.8,11,7.55,102.1,63.5,52.4,5.137,2.411,0.378,1
AST-LAB-486,Lab Equipment,125,178,0.0,0,3.71,66.2,18.1,49.3,1.639,1.978,0.0,0
AST-GEN-122,Generator,386,34,2.3,1,2.26,74.2,52.6,33.3,1.117,0.378,0.179,0
AST-ELE-882,Elevator,1498,117,63.8,13,2.68,60.9,25.6,46.6,1.088,1.3,1.278,0
AST-ELE-634,Elevator,2394,144,207.3,16,6.04,78.2,28.2,54.3,3.147,1.6,2.598,1
AST-GEN-489,Generator,90,78,7.6,2,2.46,64.2,47.3,39.7,1.053,0.867,2.533,0
AST-IT -975,IT Server,53,195,17.8,1,4.24,76.6,21.9,55.6,2.166,2.167,10.075,0
AST-IT -477,IT Server,600,19,0.4,5,1.2,44.9,17.3,66.2,0.358,0.211,0.02,0
AST-MED-443,Medical,2120,81,59.0,13,1.89,50.5,7.2,62.5,0.637,0.9,0.835,0
AST-HVA-571,HVAC,2023,117,15.7,5,3.27,68.5,20.0,52.1,1.493,1.3,0.233,0
AST-HVA-787,HVAC,595,125,22.8,2,3.03,69.3,26.8,68.9,1.402,1.389,1.15,0
AST-IT -289,IT Server,335,25,0.0,0,0.96,52.7,14.7,48.9,0.337,0.278,0.0,0
AST-WAT-954,Water Pump,2288,38,114.8,12,4.14,66.7,24.6,41.8,1.839,0.422,1.505,1
AST-IT -829,IT Server,2455,104,64.5,9,2.35,50.3,17.4,57.6,0.787,1.156,0.788,0
AST-LAB-372,Lab Equipment,755,42,0.5,5,1.23,40.6,11.4,47.4,0.332,0.467,0.02,0
AST-LAB-442,Lab Equipment,2128,151,5.4,4,4.5,50.4,15.6,45.0,1.511,1.678,0.076,1
AST-HVA-930,HVAC,1112,185,0.9,10,4.5,71.0,28.6,37.7,2.131,2.056,0.024,0
AST-MED-235,Medical,461,211,0.2,3,4.92,62.2,17.5,48.5,2.041,2.344,0.013,0
AST-ELE-400,Elevator,1557,125,84.4,7,5.05,70.0,36.3,67.7,2.358,1.389,1.626,0
AST-HVA-426,HVAC,1812,200,8.7,12,5.33,79.9,32.4,37.4,2.839,2.222,0.144,1
AST-HVA-965,HVAC,2397,37,271.4,12,4.45,78.1,27.0,33.5,2.314,0.411,3.397,1
AST-WAT-475,Water Pump,2065,213,24.8,5,5.99,100.3,41.9,20.0,4.008,2.367,0.36,1
AST-IT -118,IT Server,233,17,3.6,1,0.84,46.0,16.8,49.7,0.257,0.189,0.464,0
AST-GEN-821,Generator,1431,105,197.9,9,4.18,59.7,45.0,64.8,1.663,1.167,4.149,1
AST-HVA-570,HVAC,733,55,70.3,4,2.87,54.8,20.6,32.0,1.047,0.611,2.877,0
AST-MED-967,Medical,1955,46,22.3,9,1.79,42.0,8.3,66.4,0.502,0.511,0.342,0
AST-IT -725,IT Server,1373,228,17.3,9,5.23,81.3,27.7,43.6,2.837,2.533,0.378,1
AST-WAT-386,Water Pump,50,15,14.7,1,3.38,73.9,24.4,48.6,1.662,0.167,8.82,0
AST-IT -767,IT Server,2146,47,29.7,6,2.23,52.1,13.8,36.6,0.773,0.522,0.415,0
AST-MED-834,Medical,1883,62,127.9,9,2.68,51.9,8.5,71.3,0.927,0.689,2.038,1
AST-LAB-174,Lab Equipment,1625,240,61.6,7,7.1,82.7,27.4,45.9,3.917,2.667,1.137,1
AST-WAT-890,Water Pump,1558,2,143.6,11,5.42,69.2,25.1,56.3,2.5,0.022,2.765,1
AST-HVA-905,HVAC,1469,144,24.2,8,4.23,66.0,34.4,50.3,1.86,1.6,0.494,0
AST-WAT-160,Water Pump,404,30,59.1,3,2.66,54.7,41.1,50.9,0.971,0.333,4.389,0
AST-HVA-725,HVAC,759,217,17.0,4,5.16,78.5,28.1,48.5,2.7,2.411,0.672,1
AST-WAT-211,Water Pump,382,81,0.0,0,2.56,55.7,31.5,40.9,0.952,0.9,0.0,0
AST-HVA-865,HVAC,208,191,2.7,1,4.37,76.1,25.1,54.9,2.215,2.122,0.389,0
AST-WAT-982,Water Pump,1834,14,7.8,7,2.14,54.5,37.4,33.3,0.776,0.156,0.128,0
AST-GEN-304,Generator,209,9,20.1,2,2.45,76.2,47.5,67.1,1.245,0.1,2.885,0
AST-WAT-540,Water Pump,2461,81,135.7,19,5.37,71.1,28.0,49.4,2.546,0.9,1.654,1
AST-HVA-595,HVAC,1080,232,37.5,7,6.56,83.4,36.5,45.0,3.647,2.578,1.042,1
AST-ELE-188,Elevator,2095,147,71.9,13,5.88,74.3,31.6,56.2,2.913,1.633,1.03,1
AST-IT -828,IT Server,1370,179,53.0,10,4.38,74.1,25.2,61.4,2.163,1.989,1.161,1
AST-WAT-761,Water Pump,606,205,9.8,3,7.47,65.3,44.0,49.8,3.252,2.278,0.485,1
AST-LAB-523,Lab Equipment,2459,143,145.4,7,5.66,58.5,16.0,44.8,2.208,1.589,1.774,1
AST-WAT-978,Water Pump,1718,89,78.9,8,4.18,67.2,26.5,42.9,1.874,0.989,1.378,1
AST-MED-385,Medical,1964,197,8.2,5,4.28,66.2,18.0,61.0,1.89,2.189,0.125,1
AST-WAT-850,Water Pump,390,160,0.2,3,3.15,63.6,39.0,45.5,1.338,1.778,0.015,0
AST-IT -244,IT Server,1972,52,93.9,11,2.22,59.4,17.0,64.7,0.88,0.578,1.428,0
AST-WAT-651,Water Pump,368,55,12.3,2,2.88,66.4,34.4,49.0,1.277,0.611,1.003,0
AST-ELE-892,Elevator,319,10,0.8,2,3.93,68.2,28.0,47.7,1.788,0.111,0.075,0
AST-HVA-257,HVAC,1470,199,15.8,7,4.78,85.6,26.0,42.0,2.725,2.211,0.322,1
AST-IT -512,IT Server,938,176,7.4,4,3.82,65.6,23.4,71.4,1.671,1.956,0.237,0
AST-LAB-403,Lab Equipment,903,226,23.8,5,5.55,60.8,23.8,68.9,2.25,2.511,0.791,0
AST-ELE-468,Elevator,1823,66,36.4,13,3.63,65.2,31.6,51.1,1.58,0.733,0.599,0
AST-WAT-347,Water Pump,1411,224,13.2,6,8.3,97.0,45.4,58.3,5.371,2.489,0.281,1
AST-LAB-642,Lab Equipment,277,104,0.0,0,2.23,55.4,14.1,48.6,0.825,1.156,0.0,0
AST-IT -545,IT Server,189,191,19.7,1,4.01,74.6,24.2,47.8,1.995,2.122,3.127,0
AST-GEN-702,Generator,2274,57,14.5,10,4.29,77.3,48.3,54.9,2.213,0.633,0.191,0
AST-MED-406,Medical,2249,129,109.0,11,4.14,59.4,11.7,40.7,1.64,1.433,1.454,1
AST-MED-281,Medical,1332,205,57.6,7,5.5,68.8,16.6,63.3,2.524,2.278,1.297,1
AST-WAT-745,Water Pump,1250,104,4.0,11,4.27,48.5,37.9,36.5,1.382,1.156,0.096,0
AST-IT -148,IT Server,1385,86,167.6,8,2.45,57.7,19.7,46.6,0.944,0.956,3.63,1
AST-WAT-554,Water Pump,1163,181,55.0,6,5.26,97.5,40.2,29.5,3.416,2.011,1.419,1
AST-MED-559,Medical,1404,91,3.6,9,1.36,38.8,6.3,33.0,0.353,1.011,0.077,0
AST-LAB-263,Lab Equipment,873,145,5.2,2,3.0,59.3,15.2,53.2,1.186,1.611,0.179,0
AST-WAT-109,Water Pump,2463,9,26.3,13,2.5,59.6,27.3,39.2,0.994,0.1,0.32,0
AST-MED-884,Medical,1359,28,22.3,5,2.19,41.9,6.3,49.4,0.611,0.311,0.492,0
AST-ELE-816,Elevator,1297,188,13.4,6,6.93,80.8,34.0,72.2,3.734,2.089,0.31,1
AST-IT -204,IT Server,986,26,18.6,6,1.38,58.9,17.4,54.7,0.541,0.289,0.566,0
AST-HVA-573,HVAC,2108,100,108.3,10,4.0,68.1,29.4,53.0,1.817,1.111,1.541,1
AST-ELE-119,Elevator,612,85,9.1,3,2.64,56.2,29.4,50.1,0.989,0.944,0.446,0
AST-ELE-555,Elevator,1623,14,45.7,7,3.76,57.6,26.4,48.0,1.444,0.156,0.845,0
AST-GEN-272,Generator,127,104,0.0,0,2.99,80.3,58.8,59.8,1.602,1.156,0.0,0
AST-MED-339,Medical,1320,210,15.1,10,5.07,65.4,16.9,39.5,2.212,2.333,0.343,0
AST-MED-815,Medical,370,175,10.1,1,4.01,50.5,16.6,52.8,1.349,1.944,0.819,0
AST-HVA-184,HVAC,583,47,2.3,4,1.78,51.3,19.2,35.3,0.609,0.522,0.118,0
AST-MED-903,Medical,2347,92,12.8,16,2.06,42.4,10.2,42.4,0.583,1.022,0.164,0
AST-HVA-110,HVAC,676,221,8.0,3,5.25,63.0,31.2,46.0,2.205,2.456,0.355,1
AST-WAT-816,Water Pump,237,21,0.0,0,1.42,53.9,30.9,27.3,0.509,0.233,0.0,0
AST-MED-319,Medical,779,233,4.0,6,5.98,78.5,18.7,40.0,3.132,2.589,0.154,0
AST-WAT-770,Water Pump,2439,67,88.9,16,3.52,82.3,33.7,46.4,1.931,0.744,1.093,1
AST-IT -447,IT Server,161,113,0.0,0,1.69,57.1,13.7,65.8,0.643,1.256,0.0,0
AST-WAT-604,Water Pump,439,196,50.6,3,6.29,85.2,34.8,46.4,3.574,2.178,3.458,1
AST-GEN-964,Generator,558,119,59.0,5,4.3,82.4,27.9,38.0,2.363,1.322,3.172,0
AST-HVA-462,HVAC,2446,173,135.5,25,6.3,91.7,36.8,34.9,3.85,1.922,1.662,1
AST-HVA-336,HVAC,299,13,0.4,1,0.96,62.6,21.1,54.6,0.399,0.144,0.04,1
AST-LAB-394,Lab Equipment,915,78,24.1,8,1.64,51.7,10.5,27.9,0.564,0.867,0.79,0
AST-HVA-308,HVAC,2401,31,0.9,15,2.43,43.5,25.6,49.6,0.707,0.344,0.011,1
AST-MED-229,Medical,158,225,6.1,3,5.62,65.8,20.3,52.3,2.462,2.5,1.158,1
AST-HVA-618,HVAC,1194,17,67.8,6,3.53,69.4,24.6,62.6,1.634,0.189,1.704,1
AST-MED-741,Medical,414,57,1.1,1,1.25,42.2,7.9,55.0,0.351,0.633,0.08,0
AST-MED-730,Medical,743,140,49.1,5,3.21,46.6,13.9,82.4,0.998,1.556,1.983,0
AST-WAT-868,Water Pump,1027,233,46.2,5,7.35,75.2,35.6,53.0,3.685,2.589,1.35,1
AST-IT -448,IT Server,630,12,16.7,3,1.53,52.1,16.6,54.4,0.531,0.133,0.795,0
AST-HVA-134,HVAC,272,105,0.0,0,2.64,58.5,25.1,31.2,1.031,1.167,0.0,0
AST-IT -691,IT Server,83,165,0.0,0,3.0,64.5,21.6,78.2,1.29,1.833,0.0,1
AST-IT -538,IT Server,2272,16,9.6,10,2.17,44.5,14.3,53.6,0.643,0.178,0.127,0
AST-LAB-834,Lab Equipment,1829,123,114.1,11,4.29,56.1,13.8,51.5,1.606,1.367,1.872,1
AST-WAT-812,Water Pump,1019,123,0.2,5,3.36,63.6,32.4,63.1,1.423,1.367,0.006,0
AST-ELE-796,Elevator,543,184,10.6,3,5.06,70.8,38.0,61.3,2.388,2.044,0.586,0
AST-GEN-778,Generator,823,146,8.2,7,4.41,102.0,54.5,42.1,2.996,1.622,0.299,0
AST-MED-694,Medical,1565,221,10.1,5,5.5,68.6,17.5,33.7,2.514,2.456,0.194,1
AST-HVA-502,HVAC,2040,118,40.0,11,3.01,65.6,25.7,45.3,1.318,1.311,0.588,0
AST-WAT-966,Water Pump,673,86,4.9,3,0.65,61.6,26.3,49.0,0.267,0.956,0.218,0
AST-GEN-264,Generator,1455,213,131.4,8,6.87,95.1,56.3,38.5,4.352,2.367,2.709,1
AST-LAB-317,Lab Equipment,1584,81,226.3,10,2.41,52.8,14.3,31.2,0.848,0.9,4.286,1
AST-LAB-288,Lab Equipment,1200,28,15.9,7,1.6,46.7,11.9,50.2,0.499,0.311,0.398,0
AST-MED-288,Medical,2414,16,61.9,15,2.54,52.4,7.4,53.2,0.889,0.178,0.769,0
AST-ELE-686,Elevator,642,57,12.6,6,2.3,58.4,26.5,35.8,0.896,0.633,0.589,0
AST-MED-438,Medical,420,18,16.4,3,1.35,38.2,8.4,53.7,0.345,0.2,1.171,0
AST-WAT-132,Water Pump,2370,11,47.8,11,4.84,72.3,32.9,52.0,2.333,0.122,0.605,0
AST-LAB-959,Lab Equipment,220,92,0.0,0,1.7,54.5,13.8,53.6,0.616,1.022,0.0,0
AST-ELE-882,Elevator,2245,143,44.8,13,5.17,67.6,29.1,34.8,2.328,1.589,0.599,0
AST-IT -359,IT Server,1025,4,5.7,5,1.16,45.3,12.8,49.4,0.35,0.044,0.167,0
AST-HVA-190,HVAC,1602,101,31.7,9,3.06,62.0,24.9,26.4,1.265,1.122,0.594,0
AST-WAT-239,Water Pump,56,73,0.0,0,1.63,69.0,26.7,40.8,0.75,0.811,0.0,0
AST-MED-567,Medical,1398,194,37.0,7,4.83,64.9,16.3,45.1,2.091,2.156,0.794,0
AST-IT -669,IT Server,2254,116,9.9,6,2.68,51.8,18.7,36.7,0.927,1.289,0.132,0
AST-IT -981,IT Server,792,23,9.6,4,1.17,55.3,15.3,49.1,0.433,0.256,0.364,0
AST-ELE-707,Elevator,1764,80,63.5,9,2.71,48.1,29.6,39.3,0.869,0.889,1.08,0
AST-HVA-336,HVAC,1014,108,142.4,7,4.24,71.9,21.4,41.3,2.031,1.2,4.213,1
AST-GEN-916,Generator,64,227,0.0,0,5.16,87.0,63.7,55.4,2.993,2.522,0.0,1
AST-LAB-478,Lab Equipment,1478,134,84.0,5,4.22,59.7,16.8,33.6,1.679,1.489,1.705,1
AST-MED-573,Medical,1927,228,69.2,15,6.68,76.8,20.9,49.1,3.416,2.533,1.077,1
AST-IT -229,IT Server,34,233,0.0,0,5.11,78.7,29.7,35.0,2.682,2.589,0.0,1
AST-HVA-920,HVAC,1440,216,1.9,8,6.03,87.5,31.4,46.5,3.517,2.4,0.04,1
AST-ELE-869,Elevator,2285,2,44.2,10,3.15,72.0,34.4,68.3,1.513,0.022,0.58,0
AST-LAB-817,Lab Equipment,719,26,12.0,1,0.74,42.0,7.8,56.2,0.206,0.289,0.501,0
AST-IT -842,IT Server,730,18,11.9,3,1.07,52.4,13.5,49.9,0.374,0.2,0.489,0
AST-IT -904,IT Server,539,134,0.7,2,2.58,49.7,20.1,50.7,0.854,1.489,0.039,0
AST-LAB-840,Lab Equipment,47,176,0.0,0,3.91,57.5,20.6,58.1,1.501,1.956,0.0,0
AST-HVA-544,HVAC,465,198,29.5,5,6.78,84.8,34.2,36.2,3.832,2.2,1.903,1
AST-LAB-316,Lab Equipment,2223,96,49.3,14,3.26,48.9,12.0,74.8,1.062,1.067,0.665,0
AST-IT -183,IT Server,2440,226,23.8,15,6.04,77.7,23.3,56.3,3.127,2.511,0.293,1
AST-ELE-574,Elevator,1956,43,31.6,13,2.66,63.5,27.1,20.0,1.128,0.478,0.485,0
AST-HVA-490,HVAC,2307,133,21.0,12,3.44,73.4,29.1,54.1,1.686,1.478,0.273,1
AST-HVA-868,HVAC,1421,235,209.4,11,7.24,111.6,33.1,54.0,5.385,2.611,4.421,1
AST-IT -883,IT Server,914,18,13.3,4,1.16,50.3,17.0,47.4,0.389,0.2,0.437,0
AST-LAB-723,Lab Equipment,663,131,12.1,5,2.49,52.3,16.5,54.4,0.868,1.456,0.548,0
AST-LAB-276,Lab Equipment,2115,71,67.4,14,2.4,49.1,12.3,39.5,0.787,0.789,0.956,0
AST-MED-987,Medical,248,169,4.2,1,3.57,62.5,14.5,46.7,1.49,1.878,0.508,0
AST-IT -241,IT Server,718,185,3.8,3,4.12,65.3,22.8,79.3,1.793,2.056,0.159,0
AST-GEN-101,Generator,251,46,8.0,1,2.75,78.1,48.8,45.7,1.431,0.511,0.956,0
AST-IT -401,IT Server,2228,33,115.6,13,2.9,64.3,15.4,73.5,1.243,0.367,1.557,0
AST-WAT-334,Water Pump,584,170,4.4,8,5.28,85.0,37.6,38.1,2.991,1.889,0.226,0
AST-HVA-358,HVAC,393,72,4.8,3,1.94,63.4,20.7,55.2,0.822,0.8,0.366,0
AST-MED-770,Medical,895,188,15.8,3,4.77,59.5,16.5,23.2,1.893,2.089,0.53,1
AST-ELE-980,Elevator,2179,192,136.6,7,6.33,94.0,27.9,31.1,3.969,2.133,1.881,1
AST-LAB-468,Lab Equipment,2394,155,24.8,12,4.18,59.4,15.8,63.2,1.653,1.722,0.311,0
AST-ELE-110,Elevator,548,189,12.2,6,5.06,85.0,38.5,48.2,2.866,2.1,0.668,1
AST-HVA-230,HVAC,177,163,0.0,0,4.49,73.0,30.0,23.6,2.183,1.811,0.0,0
AST-HVA-383,HVAC,641,57,0.0,0,2.59,55.0,23.8,44.1,0.948,0.633,0.0,0
AST-GEN-834,Generator,1827,128,36.1,12,5.39,74.1,48.1,50.9,2.661,1.422,0.593,1
AST-GEN-812,Generator,452,63,43.2,4,3.15,76.9,46.5,27.0,1.613,0.7,2.867,0
AST-GEN-142,Generator,565,129,4.0,2,4.41,88.6,52.6,38.1,2.603,1.433,0.212,1
AST-MED-148,Medical,1697,65,23.5,8,1.68,45.2,6.0,42.5,0.505,0.722,0.415,0
AST-HVA-798,HVAC,265,89,7.4,2,1.38,63.3,17.6,43.6,0.583,0.989,0.838,0
AST-IT -336,IT Server,1832,117,122.1,13,3.47,59.3,15.1,27.2,1.373,1.3,1.999,1
AST-LAB-698,Lab Equipment,423,157,34.9,5,3.42,57.6,17.5,41.6,1.311,1.744,2.475,0
AST-GEN-886,Generator,320,176,17.8,3,4.87,95.0,57.7,49.5,3.085,1.956,1.669,1
AST-GEN-712,Generator,397,107,41.4,4,3.19,75.7,41.1,85.0,1.613,1.189,3.128,0
AST-WAT-802,Water Pump,333,121,11.1,2,4.09,65.9,43.2,39.1,1.797,1.344,1.0,0
AST-WAT-722,Water Pump,197,221,1.3,1,6.44,74.9,37.3,63.7,3.218,2.456,0.198,0
AST-IT -867,IT Server,2204,56,52.4,16,2.08,52.9,13.5,65.4,0.731,0.622,0.713,0
AST-WAT-129,Water Pump,1109,64,2.7,7,2.52,57.4,36.7,54.1,0.964,0.711,0.073,0
AST-ELE-654,Elevator,1160,18,25.2,5,2.79,63.2,28.2,67.1,1.177,0.2,0.652,0
AST-LAB-266,Lab Equipment,647,146,51.6,5,3.71,51.9,19.1,59.0,1.286,1.622,2.393,1
AST-WAT-307,Water Pump,515,108,7.3,1,1.99,61.8,41.7,57.9,0.818,1.2,0.425,0
AST-IT -157,IT Server,1532,104,111.2,12,3.14,46.2,16.0,35.4,0.966,1.156,2.178,0
AST-MED-961,Medical,1740,216,11.5,11,5.49,65.2,19.1,39.5,2.387,2.4,0.198,0
AST-LAB-571,Lab Equipment,196,99,13.4,1,2.12,47.2,12.6,50.5,0.667,1.1,2.051,0
AST-LAB-256,Lab Equipment,374,147,5.1,2,3.23,52.0,17.7,50.9,1.121,1.633,0.409,0
AST-LAB-470,Lab Equipment,1511,16,52.5,8,1.69,46.0,11.7,52.3,0.518,0.178,1.042,0
AST-MED-897,Medical,1073,77,12.4,7,1.01,38.2,7.6,46.5,0.258,0.856,0.347,0
AST-LAB-541,Lab Equipment,1633,51,84.5,8,3.17,51.6,9.5,47.7,1.091,0.567,1.552,0
AST-IT -888,IT Server,802,184,3.7,3,4.36,75.3,23.0,64.5,2.19,2.044,0.138,1
AST-LAB-452,Lab Equipment,64,78,0.0,0,1.53,43.9,10.3,39.3,0.448,0.867,0.0,0
AST-LAB-271,Lab Equipment,1888,49,17.6,9,2.39,44.2,9.9,60.4,0.704,0.544,0.28,0
AST-GEN-494,Generator,581,112,48.6,6,2.44,81.6,47.0,57.8,1.326,1.244,2.509,0
AST-HVA-190,HVAC,1240,38,6.6,5,2.1,42.4,21.5,65.8,0.595,0.422,0.16,0
AST-WAT-520,Water Pump,592,236,3.5,3,8.11,82.0,41.3,33.0,4.438,2.622,0.177,1
AST-MED-770,Medical,2302,179,147.5,11,5.67,70.2,17.8,50.7,2.657,1.989,1.922,1
AST-ELE-254,Elevator,445,174,17.6,5,5.8,70.6,33.8,34.1,2.728,1.933,1.187,0
AST-IT -751,IT Server,190,137,6.9,2,2.58,62.9,19.8,57.2,1.084,1.522,1.089,0
AST-IT -803,IT Server,431,190,0.3,1,3.76,55.3,22.7,53.8,1.385,2.111,0.021,0
AST-LAB-251,Lab Equipment,1013,186,40.6,9,5.33,64.5,20.2,45.7,2.291,2.067,1.202,1
AST-WAT-828,Water Pump,376,169,5.7,1,4.83,84.5,36.4,40.2,2.719,1.878,0.455,0
AST-ELE-489,Elevator,1109,57,9.9,6,2.75,50.6,25.7,48.6,0.93,0.633,0.268,0
AST-MED-924,Medical,1010,228,114.2,7,6.69,75.3,19.6,49.6,3.361,2.533,3.392,1
AST-MED-571,Medical,794,228,6.3,5,5.57,68.2,18.4,31.8,2.535,2.533,0.238,1
AST-HVA-473,HVAC,2207,61,70.0,11,3.6,58.9,27.0,47.0,1.413,0.678,0.952,0
AST-MED-307,Medical,172,208,6.1,1,4.59,72.0,15.5,46.4,2.204,2.311,1.064,0
AST-HVA-180,HVAC,1528,218,35.8,6,6.58,79.3,38.3,38.1,3.48,2.422,0.703,1
AST-LAB-515,Lab Equipment,144,96,0.0,0,1.31,36.0,12.0,47.9,0.316,1.067,0.0,0
AST-MED-478,Medical,1942,200,47.2,9,5.43,69.5,18.7,37.2,2.516,2.222,0.729,1
AST-ELE-677,Elevator,1130,128,189.7,8,3.63,67.3,26.0,37.0,1.628,1.422,5.036,1
AST-LAB-511,Lab Equipment,2433,183,27.8,16,5.12,69.3,21.2,61.7,2.365,2.033,0.343,0
AST-WAT-374,Water Pump,1404,52,9.4,10,4.1,60.8,30.3,41.2,1.665,0.578,0.201,0
AST-GEN-547,Generator,1548,145,32.1,10,3.81,77.1,42.8,55.5,1.959,1.611,0.622,0
AST-WAT-377,Water Pump,1639,99,0.3,8,3.15,54.0,28.1,52.1,1.134,1.1,0.005,0
AST-IT -895,IT Server,2089,98,78.3,8,2.47,61.1,14.3,42.1,1.007,1.089,1.124,0
AST-HVA-541,HVAC,884,232,8.9,3,6.89,80.0,32.6,67.4,3.671,2.578,0.302,1
AST-HVA-281,HVAC,1435,74,16.7,6,2.24,51.8,21.9,56.3,0.773,0.822,0.349,0
AST-IT -814,IT Server,62,147,0.0,0,2.19,55.1,20.5,38.4,0.803,1.633,0.0,0
AST-WAT-733,Water Pump,1284,131,41.3,3,4.81,72.8,26.3,31.0,2.333,1.456,0.965,1
AST-MED-289,Medical,1664,153,3.6,6,3.94,54.7,14.1,44.2,1.436,1.7,0.065,0
AST-WAT-480,Water Pump,2388,98,168.6,14,5.85,84.8,24.1,50.4,3.305,1.089,2.118,1
AST-WAT-557,Water Pump,774,29,3.9,2,3.48,51.1,32.4,33.8,1.186,0.322,0.151,0
AST-GEN-113,Generator,1886,223,56.4,10,7.49,108.6,55.6,46.5,5.425,2.478,0.897,1
AST-GEN-345,Generator,1537,199,47.1,15,7.43,88.4,49.2,46.7,4.378,2.211,0.919,1
AST-HVA-372,HVAC,773,99,36.6,4,2.42,63.7,29.6,53.8,1.026,1.1,1.42,0
AST-WAT-392,Water Pump,245,171,3.3,3,4.78,87.9,32.1,22.8,2.802,1.9,0.404,0
AST-ELE-657,Elevator,2420,51,28.1,12,2.18,65.5,31.2,58.4,0.951,0.567,0.348,0
AST-GEN-525,Generator,506,78,1.6,2,2.7,76.0,57.4,59.5,1.369,0.867,0.095,0
AST-MED-318,Medical,258,116,4.0,1,2.01,38.0,10.1,45.8,0.51,1.289,0.465,0
AST-GEN-773,Generator,1905,58,4.5,9,2.48,84.5,47.9,54.8,1.394,0.644,0.071,0
AST-ELE-118,Elevator,152,137,0.0,0,3.45,76.5,32.9,63.4,1.76,1.522,0.0,0
AST-ELE-224,Elevator,2060,136,10.2,13,3.54,70.1,28.4,41.7,1.655,1.511,0.149,0
AST-GEN-245,Generator,522,21,2.8,3,1.82,61.5,39.7,46.7,0.747,0.233,0.161,0
AST-IT -557,IT Server,408,235,6.4,3,5.01,79.9,25.2,37.0,2.669,2.611,0.471,0
AST-MED-425,Medical,670,54,39.9,4,1.4,41.8,7.9,46.9,0.39,0.6,1.787,0
AST-ELE-386,Elevator,751,111,28.3,5,2.61,60.0,30.0,56.1,1.043,1.233,1.13,0
AST-IT -916,IT Server,1916,67,2.4,7,1.66,42.4,13.9,62.7,0.468,0.744,0.038,0
AST-ELE-766,Elevator,2070,13,6.9,12,3.53,60.9,27.3,40.2,1.434,0.144,0.1,0
AST-GEN-758,Generator,700,223,17.4,5,6.45,78.4,61.1,36.1,3.373,2.478,0.746,1
AST-WAT-792,Water Pump,133,178,0.0,0,3.91,70.3,48.3,44.8,1.834,1.978,0.0,0
AST-WAT-449,Water Pump,634,57,61.1,5,3.3,75.3,34.5,62.1,1.658,0.633,2.891,0
AST-LAB-563,Lab Equipment,570,148,15.7,4,3.06,51.4,16.2,51.2,1.049,1.644,0.826,0
AST-ELE-431,Elevator,1695,49,40.7,16,3.72,55.0,35.9,65.6,1.365,0.544,0.72,0
AST-HVA-214,HVAC,1171,234,3.1,3,5.9,86.1,29.6,52.0,3.386,2.6,0.079,1
AST-WAT-147,Water Pump,1492,209,2.4,8,5.85,80.0,48.8,51.0,3.122,2.322,0.048,1
AST-LAB-649,Lab Equipment,287,7,1.1,1,1.86,38.8,9.2,24.6,0.48,0.078,0.115,0
AST-MED-433,Medical,2156,169,90.7,8,5.63,62.8,14.2,48.1,2.355,1.878,1.262,0
AST-HVA-125,HVAC,652,124,27.1,2,4.58,67.5,25.9,73.2,2.062,1.378,1.247,0
AST-GEN-846,Generator,554,17,77.3,3,4.23,82.8,49.1,66.7,2.335,0.189,4.186,0
AST-MED-574,Medical,828,31,46.1,8,2.18,38.3,6.9,52.0,0.557,0.344,1.67,0
AST-IT -408,IT Server,958,147,9.9,9,3.11,62.8,18.4,54.3,1.302,1.633,0.31,0
AST-HVA-887,HVAC,921,196,46.5,10,5.45,88.5,29.2,65.6,3.217,2.178,1.515,1
AST-WAT-742,Water Pump,385,127,7.2,2,3.51,56.0,32.9,20.0,1.31,1.411,0.561,0
AST-HVA-303,HVAC,528,51,28.6,4,3.0,60.2,21.8,48.7,1.202,0.567,1.625,0
AST-MED-459,Medical,661,133,28.8,4,2.28,50.7,11.9,36.0,0.769,1.478,1.307,0
AST-GEN-838,Generator,139,154,7.2,1,4.43,88.5,45.8,57.5,2.614,1.711,1.554,0
AST-IT -843,IT Server,2015,201,37.0,5,5.25,74.6,21.5,71.3,2.612,2.233,0.551,1
AST-GEN-836,Generator,1559,158,15.0,8,4.43,84.5,52.5,45.1,2.494,1.756,0.289,1
AST-WAT-775,Water Pump,903,233,4.1,5,7.37,96.5,42.1,42.8,4.739,2.589,0.136,1
AST-GEN-254,Generator,1843,59,64.3,14,4.25,82.5,48.6,41.2,2.335,0.656,1.047,0
AST-GEN-634,Generator,743,1,10.7,2,3.17,60.7,46.7,40.8,1.281,0.011,0.432,0
AST-WAT-585,Water Pump,939,201,6.4,5,5.97,68.3,39.1,50.0,2.717,2.233,0.204,1
AST-GEN-332,Generator,1763,110,5.2,9,4.16,70.7,40.4,43.3,1.962,1.222,0.088,1
AST-MED-135,Medical,1953,102,34.0,13,2.53,45.0,10.8,70.7,0.759,1.133,0.522,0
AST-HVA-664,HVAC,1910,12,30.5,14,2.05,54.8,18.7,48.9,0.749,0.133,0.479,0
AST-LAB-721,Lab Equipment,2069,202,155.6,13,6.74,79.2,20.6,33.6,3.555,2.244,2.256,1
AST-WAT-617,Water Pump,678,213,0.0,0,6.44,70.9,48.2,56.3,3.043,2.367,0.0,0
AST-LAB-139,Lab Equipment,434,4,14.6,2,1.64,39.0,11.8,33.5,0.425,0.044,1.009,0
AST-GEN-505,Generator,438,91,15.7,2,2.52,76.0,36.3,40.6,1.278,1.011,1.075,0
AST-WAT-666,Water Pump,940,229,14.3,7,5.27,88.1,44.1,48.0,3.098,2.544,0.456,0
AST-ELE-673,Elevator,779,181,49.6,5,5.54,83.6,35.2,48.2,3.087,2.011,1.91,1
AST-WAT-604,Water Pump,1810,237,63.3,7,9.56,102.0,52.2,52.4,6.503,2.633,1.049,1
AST-MED-646,Medical,1087,200,19.8,5,4.96,63.8,17.7,55.8,2.108,2.222,0.546,1
AST-GEN-432,Generator,1842,193,115.9,14,8.52,94.2,56.3,65.9,5.349,2.144,1.888,1
AST-GEN-314,Generator,917,177,5.1,3,4.58,72.0,49.2,43.9,2.2,1.967,0.167,0
AST-GEN-265,Generator,2112,5,222.1,11,5.09,83.4,49.6,64.0,2.827,0.056,3.155,1
AST-WAT-722,Water Pump,1226,65,81.4,8,3.52,70.9,34.3,47.3,1.663,0.722,1.992,0
AST-MED-673,Medical,2348,40,51.3,19,1.78,49.6,7.2,55.9,0.591,0.444,0.655,0
AST-ELE-801,Elevator,784,46,1.7,1,1.94,53.3,30.2,67.7,0.691,0.511,0.065,0
AST-MED-514,Medical,264,97,0.0,0,1.7,37.1,11.4,37.3,0.42,1.078,0.0,0
AST-IT -445,IT Server,894,96,6.1,3,1.46,46.7,17.0,44.9,0.454,1.067,0.205,0
AST-LAB-348,Lab Equipment,1991,222,81.6,11,6.63,84.6,21.5,56.9,3.741,2.467,1.23,1
AST-HVA-975,HVAC,499,137,4.1,2,3.22,54.9,30.0,20.0,1.18,1.522,0.246,0
AST-LAB-800,Lab Equipment,2044,71,29.7,3,1.98,53.5,9.6,48.0,0.707,0.789,0.436,0
AST-GEN-106,Generator,2018,172,23.5,9,6.67,85.9,46.6,20.0,3.821,1.911,0.349,1
AST-WAT-672,Water Pump,1278,198,93.7,10,7.44,87.5,42.5,54.3,4.343,2.2,2.2,1
AST-IT -431,IT Server,638,4,0.6,3,1.17,51.6,15.7,51.2,0.401,0.044,0.028,0
AST-HVA-325,HVAC,1608,45,42.4,8,3.16,64.6,18.4,71.2,1.359,0.5,0.791,0
AST-HVA-620,HVAC,1204,170,33.9,10,5.33,77.1,27.5,65.9,2.739,1.889,0.845,1
AST-IT -948,IT Server,1969,169,43.0,7,4.51,69.5,21.3,61.8,2.09,1.878,0.655,1
AST-HVA-421,HVAC,1163,203,43.3,4,4.57,82.1,25.1,75.1,2.503,2.256,1.117,1
AST-MED-426,Medical,1059,146,16.4,7,3.62,51.8,11.6,63.7,1.25,1.622,0.465,0
AST-GEN-741,Generator,305,95,3.9,1,3.87,79.2,59.4,62.9,2.04,1.056,0.384,0
AST-ELE-374,Elevator,324,20,10.6,2,0.99,53.3,28.8,77.6,0.352,0.222,0.981,0
AST-ELE-450,Elevator,1381,110,58.5,4,4.84,74.8,29.7,42.5,2.415,1.222,1.271,1
AST-IT -786,IT Server,404,148,9.2,1,3.05,52.3,16.8,67.6,1.063,1.644,0.683,0
AST-IT -316,IT Server,2450,83,110.6,15,3.19,43.0,15.3,49.7,0.914,0.922,1.354,0
AST-LAB-466,Lab Equipment,787,16,13.2,5,2.3,42.3,11.0,39.7,0.649,0.178,0.503,0
AST-HVA-930,HVAC,591,5,16.8,2,2.37,58.7,18.9,50.8,0.927,0.056,0.853,0
AST-LAB-262,Lab Equipment,91,19,2.9,1,1.39,41.6,13.6,50.1,0.384,0.211,0.956,0
AST-ELE-608,Elevator,423,35,5.5,2,3.01,60.1,21.6,45.9,1.205,0.389,0.39,0
AST-HVA-253,HVAC,1289,19,25.1,6,1.82,53.9,19.9,47.6,0.654,0.211,0.584,0
AST-IT -349,IT Server,1791,232,5.5,11,5.7,74.2,30.8,63.2,2.816,2.578,0.092,0
AST-LAB-573,Lab Equipment,2208,146,88.2,14,4.96,69.2,14.1,58.5,2.288,1.622,1.198,1
AST-LAB-137,Lab Equipment,2349,134,82.6,19,4.47,61.6,12.3,20.8,1.834,1.489,1.055,1
AST-HVA-268,HVAC,1776,126,21.4,5,4.35,70.4,24.8,65.0,2.038,1.4,0.361,0
AST-GEN-181,Generator,2495,198,1.0,12,5.22,109.3,41.7,45.0,3.807,2.2,0.012,1
AST-LAB-767,Lab Equipment,1624,173,128.2,12,5.22,71.5,19.7,56.3,2.487,1.922,2.368,1
AST-LAB-447,Lab Equipment,2392,136,13.2,15,3.15,50.4,17.5,26.5,1.06,1.511,0.166,0
AST-LAB-764,Lab Equipment,2261,108,68.2,9,2.74,54.2,13.7,53.2,0.991,1.2,0.905,0
AST-WAT-752,Water Pump,881,162,35.4,5,5.62,67.8,34.6,42.5,2.539,1.8,1.205,0
AST-ELE-809,Elevator,1294,52,34.4,7,3.73,50.7,25.1,53.4,1.258,0.578,0.798,0
AST-HVA-745,HVAC,1595,85,192.2,12,3.14,61.8,20.0,50.5,1.292,0.944,3.615,1
AST-HVA-624,HVAC,2398,164,54.5,15,5.14,90.7,29.7,46.2,3.11,1.822,0.682,1
AST-GEN-227,Generator,622,12,48.8,5,4.09,64.9,51.5,42.2,1.769,0.133,2.354,0
AST-IT -170,IT Server,1471,216,61.4,8,5.75,81.7,27.6,63.7,3.132,2.4,1.252,1
AST-MED-597,Medical,1578,70,1.7,12,1.7,39.0,6.9,47.3,0.442,0.778,0.032,0
AST-IT -755,IT Server,1898,205,69.4,13,5.74,85.7,24.5,51.5,3.283,2.278,1.097,1
AST-LAB-107,Lab Equipment,234,1,4.2,1,1.42,45.1,14.5,71.8,0.429,0.011,0.538,0
AST-IT -575,IT Server,1650,79,46.7,8,1.66,64.1,17.0,54.8,0.708,0.878,0.849,0
AST-ELE-880,Elevator,1812,128,34.1,11,3.2,61.8,32.7,54.4,1.318,1.422,0.565,0
AST-IT -558,IT Server,2459,116,163.6,17,3.12,66.5,13.6,61.2,1.382,1.289,1.996,0
AST-HVA-529,HVAC,854,99,2.2,1,2.78,56.6,26.0,60.2,1.05,1.1,0.077,0
AST-LAB-807,Lab Equipment,168,66,9.5,1,1.98,46.8,12.9,56.3,0.62,0.733,1.696,0
AST-HVA-123,HVAC,1695,63,0.8,11,2.82,68.0,27.1,64.4,1.279,0.7,0.014,0
AST-ELE-325,Elevator,1956,51,73.5,15,3.64,64.9,29.6,43.7,1.577,0.567,1.127,1
AST-ELE-495,Elevator,1145,145,4.8,4,4.67,68.1,32.6,47.6,2.122,1.611,0.126,0
AST-GEN-575,Generator,1837,21,2.4,8,0.98,73.8,39.2,46.6,0.48,0.233,0.039,0
AST-ELE-679,Elevator,1496,36,4.5,4,2.39,62.0,34.6,52.8,0.987,0.4,0.09,0
AST-LAB-328,Lab Equipment,1345,53,3.4,9,1.47,47.2,11.5,41.3,0.461,0.589,0.076,0
AST-MED-707,Medical,1938,185,1.7,4,4.64,62.6,16.0,61.3,1.936,2.056,0.026,1
AST-MED-458,Medical,481,42,0.6,2,1.21,35.9,7.4,61.0,0.289,0.467,0.037,0
AST-LAB-523,Lab Equipment,875,110,35.9,3,2.51,50.8,13.7,48.9,0.85,1.222,1.231,0
AST-HVA-973,HVAC,1316,158,52.4,6,5.08,80.9,27.1,61.0,2.739,1.756,1.195,1
AST-IT -735,IT Server,2322,216,12.9,14,5.76,84.9,24.5,44.5,3.258,2.4,0.167,1
AST-MED-726,Medical,1641,90,50.6,14,2.1,40.1,7.7,30.5,0.561,1.0,0.925,0
AST-LAB-773,Lab Equipment,1810,64,18.8,5,2.17,48.0,14.2,49.7,0.695,0.711,0.312,0
AST-MED-871,Medical,1102,224,22.9,6,6.35,66.3,17.8,58.6,2.808,2.489,0.623,0
AST-MED-863,Medical,936,79,25.0,3,1.36,41.2,5.8,44.7,0.375,0.878,0.801,0
AST-WAT-174,Water Pump,1280,157,159.4,6,7.35,78.6,34.3,62.5,3.849,1.744,3.736,1
AST-IT -717,IT Server,2442,63,86.7,10,2.6,61.4,11.3,45.1,1.064,0.7,1.065,0
AST-GEN-953,Generator,1088,71,11.3,9,1.99,66.4,43.2,48.2,0.883,0.789,0.312,0
AST-MED-331,Medical,2384,226,190.9,11,7.03,78.7,20.7,44.2,3.687,2.511,2.402,1
AST-LAB-370,Lab Equipment,100,135,0.0,0,2.59,53.6,17.3,69.8,0.924,1.5,0.0,0
AST-WAT-773,Water Pump,2329,44,23.0,9,2.46,64.1,33.3,27.6,1.052,0.489,0.296,0
AST-HVA-707,HVAC,1374,129,78.0,11,5.08,62.2,23.2,51.2,2.11,1.433,1.703,1
AST-IT -840,IT Server,1983,186,20.7,11,4.52,68.2,22.3,68.9,2.056,2.067,0.313,0
AST-IT -785,IT Server,2213,165,18.1,12,4.23,60.9,21.4,24.2,1.715,1.833,0.245,0
AST-IT -696,IT Server,1134,26,13.6,6,1.51,46.8,8.7,59.3,0.471,0.289,0.36,0
AST-HVA-108,HVAC,2368,115,149.0,15,4.36,75.5,25.4,49.3,2.192,1.278,1.888,1
AST-ELE-277,Elevator,501,221,8.9,3,6.68,80.6,41.5,50.2,3.589,2.456,0.533,1
AST-HVA-590,HVAC,1368,78,18.4,3,2.14,48.0,20.9,53.2,0.683,0.867,0.404,0
AST-IT -456,IT Server,819,74,15.1,6,1.37,50.3,15.2,75.3,0.461,0.822,0.553,0
AST-WAT-522,Water Pump,1547,87,26.9,3,2.82,56.3,31.7,54.0,1.058,0.967,0.522,0
AST-IT -235,IT Server,544,10,29.8,3,1.55,41.8,14.6,37.8,0.43,0.111,1.643,0
AST-HVA-409,HVAC,1169,146,31.2,7,3.84,73.5,30.8,33.4,1.882,1.622,0.801,0
AST-MED-490,Medical,292,38,3.3,1,1.2,41.6,7.8,32.5,0.332,0.422,0.339,0
AST-GEN-680,Generator,253,211,0.0,0,6.07,89.1,56.2,28.7,3.606,2.344,0.0,1
AST-ELE-995,Elevator,1487,28,31.1,2,2.1,60.3,26.4,48.4,0.843,0.311,0.627,0
AST-HVA-308,HVAC,1920,86,42.3,11,3.43,53.5,26.0,49.3,1.224,0.956,0.661,0
AST-WAT-464,Water Pump,2195,181,31.1,9,7.04,81.3,39.2,36.0,3.82,2.011,0.425,1
AST-GEN-438,Generator,2415,87,167.9,14,5.0,70.8,46.2,54.2,2.361,0.967,2.086,1
AST-WAT-582,Water Pump,39,143,4.1,1,5.67,73.6,38.0,40.3,2.785,1.589,3.154,0
AST-WAT-180,Water Pump,2379,157,30.4,8,5.87,79.3,41.2,69.8,3.103,1.744,0.383,1
AST-HVA-367,HVAC,1506,142,53.4,6,4.06,76.5,28.7,57.2,2.072,1.578,1.064,1
AST-MED-812,Medical,1370,102,8.7,4,2.13,44.9,8.3,44.9,0.639,1.133,0.191,0
AST-HVA-174,HVAC,942,240,30.2,6,6.48,91.9,34.1,32.4,3.968,2.667,0.962,1
AST-MED-149,Medical,868,76,19.6,6,1.86,38.8,7.7,71.5,0.482,0.844,0.677,0
AST-GEN-948,Generator,1698,41,54.0,7,4.08,79.9,51.5,50.3,2.172,0.456,0.954,0
AST-ELE-238,Elevator,167,220,4.3,1,5.87,83.6,34.4,59.6,3.268,2.444,0.772,1
AST-MED-568,Medical,1229,47,26.5,7,1.71,40.8,6.8,59.1,0.466,0.522,0.647,0
AST-GEN-771,Generator,471,5,0.2,1,1.56,68.3,63.1,59.4,0.712,0.056,0.013,0
AST-ELE-561,Elevator,2403,107,14.2,9,4.18,48.2,26.3,55.6,1.342,1.189,0.177,0
AST-ELE-790,Elevator,1653,201,158.7,12,6.2,100.7,38.5,44.4,4.159,2.233,2.88,1
AST-WAT-128,Water Pump,163,142,0.0,0,5.59,73.3,46.9,57.6,2.73,1.578,0.0,0
AST-ELE-421,Elevator,606,146,6.0,2,5.31,68.7,36.3,62.4,2.431,1.622,0.297,0
AST-LAB-871,Lab Equipment,2416,13,13.8,7,2.83,42.1,12.0,33.2,0.794,0.144,0.171,0
AST-WAT-769,Water Pump,397,166,2.1,6,3.87,69.7,31.9,50.9,1.798,1.844,0.159,0
AST-LAB-548,Lab Equipment,1201,17,4.7,12,1.56,53.5,12.2,53.8,0.554,0.189,0.117,0
AST-GEN-138,Generator,1267,54,18.9,7,2.87,74.3,46.0,64.6,1.419,0.6,0.448,0
AST-HVA-258,HVAC,965,138,42.4,4,4.54,55.0,28.4,65.8,1.664,1.533,1.318,0
AST-WAT-475,Water Pump,222,42,9.5,2,2.44,49.4,33.8,38.0,0.806,0.467,1.284,0
AST-IT -724,IT Server,1178,109,55.0,6,2.08,55.2,16.5,44.0,0.766,1.211,1.401,0
AST-GEN-559,Generator,1409,187,44.1,9,5.61,98.1,54.0,59.3,3.668,2.078,0.939,1
AST-WAT-263,Water Pump,844,52,26.7,6,3.11,52.9,33.1,70.4,1.098,0.578,0.949,0
AST-GEN-738,Generator,987,3,8.0,4,2.52,76.6,37.6,58.3,1.289,0.033,0.243,0
AST-GEN-438,Generator,1673,147,20.6,9,3.37,89.0,55.4,42.8,1.999,1.633,0.369,0
AST-GEN-309,Generator,70,59,3.4,1,2.4,66.9,42.4,62.1,1.072,0.656,1.457,0
AST-GEN-359,Generator,1702,120,15.4,9,2.87,74.7,53.8,45.5,1.428,1.333,0.271,0
AST-ELE-808,Elevator,533,172,4.6,1,3.41,78.2,33.4,51.3,1.779,1.911,0.259,0
AST-WAT-567,Water Pump,1525,239,3.2,5,6.53,103.7,41.8,42.2,4.512,2.656,0.063,1
AST-LAB-976,Lab Equipment,1778,37,126.0,13,2.13,55.0,9.3,40.1,0.782,0.411,2.126,0
AST-IT -724,IT Server,1452,193,46.6,10,5.03,82.1,22.0,55.1,2.754,2.144,0.963,1
AST-GEN-866,Generator,262,45,0.0,0,1.05,59.4,48.8,49.2,0.418,0.5,0.0,0
AST-MED-315,Medical,259,21,2.1,1,1.22,40.5,8.0,72.7,0.329,0.233,0.243,0
AST-GEN-336,Generator,2412,143,143.2,22,5.42,98.9,44.5,46.6,3.572,1.589,1.781,1
AST-WAT-599,Water Pump,728,61,61.8,8,3.76,64.5,37.3,73.0,1.619,0.678,2.547,1
AST-MED-833,Medical,569,12,6.0,4,1.63,42.0,8.9,81.1,0.458,0.133,0.316,0
AST-MED-569,Medical,308,205,19.4,3,4.7,62.4,20.4,51.9,1.952,2.278,1.89,0
AST-ELE-916,Elevator,97,24,0.0,0,2.11,54.1,28.4,46.1,0.76,0.267,0.0,0
AST-GEN-267,Generator,572,75,18.2,2,1.12,60.5,46.9,37.3,0.45,0.833,0.955,0
AST-MED-159,Medical,1829,209,15.2,14,5.32,66.8,19.1,52.9,2.372,2.322,0.249,0
AST-LAB-951,Lab Equipment,1090,170,10.3,4,4.28,58.9,17.7,45.6,1.68,1.889,0.283,0
AST-LAB-847,Lab Equipment,446,213,3.3,1,5.86,68.5,21.8,43.2,2.675,2.367,0.222,0
AST-ELE-751,Elevator,2058,83,90.6,12,4.64,68.3,23.1,29.7,2.114,0.922,1.321,0
AST-LAB-208,Lab Equipment,2490,240,49.0,17,7.05,79.2,26.4,54.2,3.723,2.667,0.59,1
AST-MED-151,Medical,1612,93,62.5,9,2.86,36.2,9.2,55.6,0.691,1.033,1.163,0
AST-GEN-649,Generator,1835,40,118.3,15,3.43,84.5,42.5,49.4,1.931,0.444,1.934,0
AST-LAB-744,Lab Equipment,637,87,19.5,6,1.89,50.1,10.0,58.6,0.632,0.967,0.918,0
AST-HVA-284,HVAC,667,82,16.2,4,1.37,36.7,23.0,51.1,0.334,0.911,0.729,0
AST-WAT-698,Water Pump,1435,99,22.2,9,1.86,68.6,32.0,59.9,0.851,1.1,0.464,0
AST-IT -388,IT Server,1073,235,20.0,6,5.68,82.0,23.1,47.3,3.104,2.611,0.559,1
AST-ELE-250,Elevator,1043,125,22.5,10,5.05,71.3,26.4,52.7,2.4,1.389,0.647,1
AST-GEN-562,Generator,2378,197,65.4,15,6.65,98.7,60.4,52.5,4.374,2.189,0.825,1
AST-WAT-290,Water Pump,438,34,1.1,2,1.91,39.3,31.9,44.4,0.5,0.378,0.075,0
AST-HVA-222,HVAC,2204,118,147.4,14,3.75,66.6,26.3,32.2,1.667,1.311,2.006,0
AST-HVA-341,HVAC,1449,177,11.6,7,5.12,78.2,29.7,45.4,2.67,1.967,0.24,1
AST-WAT-860,Water Pump,234,172,2.9,1,5.43,66.3,36.3,52.4,2.397,1.911,0.372,0
AST-HVA-565,HVAC,232,221,9.7,2,5.18,93.1,32.0,58.1,3.213,2.456,1.254,1
AST-MED-810,Medical,177,205,0.0,0,4.44,55.8,18.9,48.6,1.653,2.278,0.0,0
AST-GEN-712,Generator,648,91,3.0,3,1.82,68.4,46.5,58.3,0.832,1.011,0.139,0
AST-IT -732,IT Server,1061,178,17.5,3,4.28,60.2,23.1,36.3,1.715,1.978,0.495,0
AST-IT -425,IT Server,478,127,46.4,3,2.56,65.5,17.0,50.6,1.117,1.411,2.912,0
AST-GEN-245,Generator,2046,100,31.0,11,3.05,80.4,46.4,34.3,1.633,1.111,0.455,0
AST-GEN-325,Generator,2313,117,71.0,15,5.24,76.5,55.7,48.6,2.671,1.3,0.921,1
AST-HVA-469,HVAC,1214,39,105.7,9,2.62,60.4,24.6,53.6,1.055,0.433,2.612,0
AST-LAB-280,Lab Equipment,1573,174,4.8,8,4.77,61.2,18.2,46.6,1.947,1.933,0.092,0
AST-WAT-366,Water Pump,2451,226,26.9,8,6.63,98.1,45.0,61.3,4.333,2.511,0.329,1
AST-WAT-296,Water Pump,829,190,99.2,6,5.35,79.0,34.1,36.4,2.815,2.111,3.59,1
AST-ELE-652,Elevator,830,52,88.1,5,3.83,70.0,30.0,49.1,1.787,0.578,3.184,0
AST-MED-409,Medical,1843,225,24.7,13,6.19,80.2,22.2,58.3,3.31,2.5,0.402,1
AST-HVA-412,HVAC,2087,216,52.6,9,7.34,75.2,35.1,52.9,3.682,2.4,0.756,1
AST-IT -713,IT Server,2406,237,36.0,10,6.31,77.2,26.9,45.3,3.25,2.633,0.449,1
AST-MED-575,Medical,115,206,0.0,0,4.59,65.0,17.8,42.9,1.991,2.289,0.0,1
AST-WAT-483,Water Pump,1576,197,11.2,7,7.1,84.7,43.6,61.9,4.007,2.189,0.213,1
AST-MED-173,Medical,1312,49,204.0,8,2.48,46.9,7.9,58.0,0.775,0.544,4.665,0
AST-LAB-608,Lab Equipment,1084,160,37.2,12,3.87,69.4,16.8,31.5,1.793,1.778,1.03,0
AST-GEN-506,Generator,1779,163,18.9,11,5.03,100.2,50.6,31.5,3.357,1.811,0.319,1
AST-GEN-998,Generator,2478,190,51.2,15,6.76,104.3,49.2,56.4,4.703,2.111,0.62,1
AST-GEN-374,Generator,787,116,19.3,5,3.44,87.4,44.6,34.2,2.005,1.289,0.736,0
AST-LAB-426,Lab Equipment,728,41,30.1,5,2.0,49.1,13.3,46.5,0.653,0.456,1.24,0
AST-IT -257,IT Server,101,108,0.4,1,1.32,57.3,14.1,37.9,0.505,1.2,0.119,0
AST-LAB-457,Lab Equipment,2253,22,0.8,8,1.41,53.6,10.7,52.8,0.504,0.244,0.011,0
AST-IT -237,IT Server,143,168,0.0,0,3.12,62.7,19.3,53.8,1.305,1.867,0.0,0
AST-ELE-261,Elevator,648,152,7.2,3,3.86,78.1,34.4,52.9,2.007,1.689,0.333,0
AST-HVA-430,HVAC,1711,56,55.0,10,2.82,55.2,27.0,59.3,1.04,0.622,0.964,1
AST-IT -425,IT Server,1323,194,38.5,8,4.79,78.0,23.9,41.1,2.49,2.156,0.873,1
AST-IT -511,IT Server,982,112,3.9,5,1.68,59.3,21.2,60.9,0.665,1.244,0.119,0
AST-ELE-837,Elevator,661,166,20.5,5,3.94,75.6,34.6,40.9,1.987,1.844,0.93,0
AST-WAT-737,Water Pump,1245,171,20.0,6,6.83,79.4,30.4,45.2,3.613,1.9,0.482,1
AST-GEN-143,Generator,1797,97,1.8,15,2.53,83.7,42.9,38.2,1.41,1.078,0.03,1
AST-ELE-365,Elevator,2136,7,133.5,14,4.61,77.8,24.2,57.7,2.391,0.078,1.875,1
AST-IT -447,IT Server,427,50,21.0,2,1.35,40.3,19.9,41.1,0.363,0.556,1.475,0
AST-HVA-328,HVAC,2234,195,204.8,10,6.09,88.7,29.3,51.5,3.602,2.167,2.75,1
AST-HVA-379,HVAC,2380,137,27.8,9,4.9,59.1,27.2,59.8,1.93,1.522,0.35,0
AST-GEN-821,Generator,673,17,34.4,5,2.66,63.1,40.2,36.3,1.12,0.189,1.533,0
AST-HVA-281,HVAC,651,25,6.9,5,1.24,54.7,25.9,43.9,0.451,0.278,0.318,0
AST-GEN-900,Generator,342,96,4.0,2,2.52,90.7,47.2,42.1,1.523,1.067,0.351,0
AST-IT -778,IT Server,491,183,27.9,7,3.76,66.0,22.0,43.6,1.652,2.033,1.705,0
AST-GEN-990,Generator,1813,140,136.9,15,4.75,88.2,53.9,62.0,2.794,1.556,2.265,1
AST-LAB-511,Lab Equipment,1250,229,52.4,8,6.47,77.8,22.5,55.8,3.358,2.544,1.258,1
AST-WAT-696,Water Pump,479,136,34.5,2,2.57,68.5,36.4,41.4,1.172,1.511,2.161,0
AST-IT -650,IT Server,269,100,0.0,0,1.49,49.2,20.1,32.7,0.487,1.111,0.0,0
AST-MED-868,Medical,577,215,39.8,5,5.51,76.1,19.0,40.1,2.796,2.389,2.069,0
AST-HVA-143,HVAC,1620,46,110.2,4,2.87,66.4,24.4,40.4,1.272,0.511,2.041,0
AST-IT -609,IT Server,1841,164,89.3,7,5.03,68.7,21.0,45.3,2.306,1.822,1.455,1
AST-GEN-951,Generator,1314,134,10.6,5,3.77,75.2,36.1,46.8,1.887,1.489,0.242,0
AST-ELE-497,Elevator,1675,73,0.0,4,2.46,51.2,28.0,44.1,0.839,0.811,0.0,0
AST-LAB-866,Lab Equipment,1303,199,21.1,8,5.17,63.2,19.7,49.2,2.178,2.211,0.486,0
AST-IT -545,IT Server,559,56,9.9,4,1.16,43.5,13.4,49.1,0.337,0.622,0.531,0
AST-GEN-214,Generator,607,184,12.3,2,4.49,99.8,50.2,66.5,2.988,2.044,0.608,0
AST-WAT-248,Water Pump,763,20,67.9,3,3.08,65.5,31.2,36.5,1.345,0.222,2.67,0
AST-HVA-412,HVAC,291,12,8.3,1,2.87,55.3,28.9,64.1,1.057,0.133,0.856,0
AST-IT -359,IT Server,2208,56,100.3,9,2.33,58.8,14.2,56.9,0.912,0.622,1.363,0
AST-HVA-388,HVAC,2019,131,22.4,6,4.34,67.5,28.1,55.8,1.952,1.456,0.333,0
AST-IT -891,IT Server,488,24,15.1,3,1.04,38.8,14.3,49.6,0.271,0.267,0.928,0
AST-IT -557,IT Server,658,212,15.3,6,4.6,63.0,21.5,68.3,1.935,2.356,0.698,0
AST-IT -724,IT Server,2463,157,15.4,15,3.67,65.1,18.6,46.2,1.59,1.744,0.188,1
AST-ELE-639,Elevator,425,167,47.4,4,5.04,74.0,31.4,41.4,2.486,1.856,3.346,1
AST-ELE-303,Elevator,484,189,35.3,5,5.97,80.1,33.3,63.7,3.188,2.1,2.188,1
AST-HVA-324,HVAC,1799,109,189.4,9,3.93,68.2,26.1,49.4,1.785,1.211,3.158,1
AST-ELE-804,Elevator,718,181,4.2,2,4.67,84.5,36.6,66.9,2.633,2.011,0.175,1
AST-HVA-456,HVAC,835,192,17.6,3,4.93,84.3,29.1,52.2,2.773,2.133,0.632,1
AST-MED-298,Medical,2258,102,47.3,15,2.61,52.3,9.1,50.3,0.91,1.133,0.628,0
AST-HVA-103,HVAC,1347,162,277.4,8,5.86,87.6,27.8,45.0,3.422,1.8,6.178,1
AST-WAT-283,Water Pump,1136,63,24.8,2,3.34,75.2,34.3,52.6,1.674,0.7,0.655,0
AST-GEN-663,Generator,37,240,0.0,0,6.73,98.4,44.5,41.3,4.416,2.667,0.0,1
AST-ELE-265,Elevator,1741,216,193.8,7,7.59,102.9,32.2,60.4,5.201,2.4,3.339,1
AST-GEN-775,Generator,2342,197,63.5,17,5.95,96.1,58.3,51.2,3.813,2.189,0.813,1
AST-HVA-561,HVAC,1660,137,24.6,10,3.74,74.8,21.5,41.4,1.865,1.522,0.445,0
AST-GEN-942,Generator,1903,194,188.3,12,7.5,90.2,51.3,54.2,4.511,2.156,2.968,1
AST-GEN-978,Generator,960,46,14.7,3,2.16,71.3,49.6,71.3,1.026,0.511,0.459,0
AST-GEN-993,Generator,2084,157,99.8,13,6.49,93.5,51.0,51.3,4.042,1.744,1.437,1
AST-ELE-908,Elevator,864,55,98.3,5,3.54,54.9,30.9,32.2,1.297,0.611,3.413,0
AST-LAB-864,Lab Equipment,371,130,8.3,3,3.09,56.3,13.3,37.0,1.162,1.444,0.671,0
AST-HVA-746,HVAC,2251,234,42.5,18,7.35,88.2,34.5,56.5,4.317,2.6,0.566,1
AST-WAT-886,Water Pump,1678,46,25.5,6,3.84,71.1,35.1,56.7,1.821,0.511,0.456,0
AST-HVA-353,HVAC,1807,142,105.0,8,5.11,78.4,26.0,27.1,2.669,1.578,1.743,1
AST-WAT-211,Water Pump,33,20,4.7,2,3.25,66.8,19.2,55.3,1.448,0.222,4.273,0
AST-ELE-617,Elevator,672,52,0.5,1,1.23,58.7,31.0,58.6,0.482,0.578,0.022,0
AST-ELE-723,Elevator,654,26,5.2,3,2.33,66.5,25.5,45.2,1.032,0.289,0.239,0
AST-WAT-620,Water Pump,946,90,32.5,9,3.47,63.5,32.4,61.3,1.468,1.0,1.031,0
AST-LAB-854,Lab Equipment,2487,187,122.8,15,5.82,67.1,18.0,63.0,2.604,2.078,1.481,1
AST-IT -588,IT Server,1362,182,8.1,5,4.58,69.3,26.0,34.4,2.116,2.022,0.178,0
AST-ELE-817,Elevator,111,104,28.9,2,3.43,63.4,29.5,44.9,1.451,1.156,7.811,0
AST-LAB-604,Lab Equipment,1609,25,1.7,5,1.9,42.7,11.4,43.6,0.541,0.278,0.032,0
AST-LAB-873,Lab Equipment,1546,212,32.1,6,6.05,62.7,17.5,30.9,2.532,2.356,0.623,1
AST-HVA-750,HVAC,2234,134,66.5,16,5.51,64.3,25.8,42.3,2.362,1.489,0.893,1
AST-ELE-932,Elevator,1121,64,21.9,8,1.52,63.5,21.9,61.8,0.645,0.711,0.586,0
AST-IT -230,IT Server,1943,156,79.5,8,4.51,71.4,19.1,47.6,2.147,1.733,1.227,1
AST-LAB-219,Lab Equipment,1916,236,99.2,11,7.8,76.7,26.5,52.6,3.99,2.622,1.553,1
AST-HVA-460,HVAC,2460,108,37.8,18,3.3,70.3,19.0,50.8,1.548,1.2,0.461,0
AST-IT -758,IT Server,1041,139,26.6,5,2.94,56.9,16.8,45.3,1.115,1.544,0.767,0
AST-MED-776,Medical,2067,46,253.5,15,2.83,48.4,9.6,48.2,0.911,0.511,3.679,1
AST-HVA-833,HVAC,647,180,2.0,1,4.83,69.5,26.6,51.7,2.237,2.0,0.093,0
AST-MED-812,Medical,1665,137,42.8,10,3.59,57.1,11.5,54.9,1.365,1.522,0.771,0
AST-GEN-726,Generator,1479,148,35.7,9,5.84,86.9,60.0,42.3,3.385,1.644,0.724,1
AST-GEN-431,Generator,1865,53,24.9,15,2.15,58.0,43.2,45.3,0.831,0.589,0.401,0
AST-IT -707,IT Server,2346,229,33.7,18,6.37,76.1,30.3,60.4,3.228,2.544,0.431,1
AST-MED-433,Medical,945,155,11.5,3,3.58,57.1,14.0,49.3,1.362,1.722,0.365,0
AST-LAB-743,Lab Equipment,66,196,5.7,1,4.38,65.9,20.2,43.0,1.924,2.178,2.591,0
AST-MED-239,Medical,2402,221,148.2,16,6.81,73.8,17.5,39.0,3.352,2.456,1.851,1
AST-LAB-374,Lab Equipment,1976,37,16.7,9,2.47,48.6,12.4,42.0,0.801,0.411,0.254,0
AST-LAB-533,Lab Equipment,2447,78,8.3,13,1.64,53.0,14.3,38.8,0.58,0.867,0.102,0
AST-LAB-687,Lab Equipment,1653,125,14.2,7,3.48,47.8,14.1,65.9,1.111,1.389,0.258,1
AST-HVA-666,HVAC,2468,118,71.2,17,4.31,79.2,21.5,48.8,2.274,1.311,0.865,1
AST-ELE-609,Elevator,1074,144,9.7,6,3.87,81.5,24.3,55.4,2.106,1.6,0.271,0
AST-IT -971,IT Server,2368,73,12.4,11,1.64,60.2,11.8,56.7,0.66,0.811,0.157,0
AST-HVA-621,HVAC,822,206,6.1,3,6.25,78.7,27.0,54.6,3.28,2.289,0.223,1
AST-IT -967,IT Server,1268,29,83.1,10,2.39,57.1,16.5,52.6,0.908,0.322,1.966,0
AST-GEN-395,Generator,1907,133,2.3,10,3.87,84.5,47.9,29.9,2.178,1.478,0.036,0
AST-MED-311,Medical,1662,188,33.4,13,4.95,62.6,15.9,52.8,2.067,2.089,0.603,1
AST-WAT-646,Water Pump,467,98,51.1,4,2.14,69.3,34.9,41.6,0.989,1.089,3.283,0
AST-IT -646,IT Server,144,68,9.0,1,1.44,46.0,10.3,33.4,0.443,0.756,1.875,0
AST-HVA-911,HVAC,712,170,14.4,3,4.69,76.4,25.1,33.4,2.388,1.889,0.607,0
AST-WAT-503,Water Pump,70,84,1.1,1,3.05,75.9,36.3,78.8,1.54,0.933,0.471,0
AST-HVA-955,HVAC,158,42,0.0,0,1.86,55.0,20.1,43.7,0.682,0.467,0.0,0
AST-LAB-140,Lab Equipment,1654,103,169.4,8,3.52,65.2,15.6,54.4,1.53,1.144,3.073,1
AST-IT -162,IT Server,104,216,2.3,1,4.49,81.3,28.0,45.7,2.432,2.4,0.663,0
AST-MED-647,Medical,1064,92,34.3,5,1.67,51.9,9.0,37.6,0.578,1.022,0.967,0
AST-WAT-326,Water Pump,32,143,0.0,0,2.96,56.1,36.0,32.0,1.107,1.589,0.0,0
AST-IT -668,IT Server,808,224,59.3,5,6.08,74.1,24.2,50.2,3.006,2.489,2.202,1
AST-HVA-437,HVAC,2006,79,121.5,7,3.95,52.9,15.2,53.1,1.392,0.878,1.817,0
AST-IT -664,IT Server,1000,159,78.1,6,4.27,62.9,22.6,56.7,1.79,1.767,2.343,0
AST-LAB-368,Lab Equipment,464,142,5.9,4,2.63,50.9,15.7,39.1,0.894,1.578,0.381,0
AST-WAT-342,Water Pump,89,39,0.0,0,2.36,54.5,31.4,54.7,0.857,0.433,0.0,0
AST-LAB-907,Lab Equipment,1547,235,9.2,8,6.13,67.5,23.2,62.9,2.761,2.611,0.178,1
AST-HVA-317,HVAC,218,174,2.3,1,4.93,68.0,29.2,47.0,2.231,1.933,0.317,0
AST-LAB-878,Lab Equipment,1681,27,60.8,7,3.0,50.8,13.6,42.5,1.017,0.3,1.085,0
AST-WAT-897,Water Pump,2473,92,50.4,11,3.6,71.7,18.3,60.9,1.721,1.022,0.611,0
AST-HVA-466,HVAC,1616,75,37.5,10,3.26,54.5,22.4,61.8,1.183,0.833,0.696,0
AST-MED-885,Medical,2345,50,173.6,12,2.75,46.3,8.0,64.2,0.85,0.556,2.221,0
AST-IT -780,IT Server,1235,111,10.7,6,2.11,48.4,18.9,57.9,0.68,1.233,0.26,0
AST-HVA-614,HVAC,1995,234,299.8,13,7.6,86.1,31.5,55.2,4.365,2.6,4.508,1
AST-HVA-769,HVAC,514,136,13.1,2,3.25,61.3,23.3,57.2,1.329,1.511,0.765,0
AST-LAB-999,Lab Equipment,173,8,4.9,1,1.78,44.8,12.7,29.7,0.532,0.089,0.85,0
AST-WAT-308,Water Pump,1781,96,67.2,8,3.41,74.5,34.9,35.0,1.694,1.067,1.132,0
AST-HVA-148,HVAC,975,70,11.3,4,1.96,46.6,26.4,45.5,0.609,0.778,0.348,0
AST-MED-358,Medical,568,154,2.8,2,3.43,58.8,14.1,70.9,1.345,1.711,0.148,0
AST-HVA-502,HVAC,2012,71,54.5,17,1.61,61.3,21.9,42.3,0.657,0.789,0.813,0
AST-LAB-672,Lab Equipment,1671,210,5.3,11,4.82,65.4,23.2,44.7,2.1,2.333,0.095,0
AST-GEN-408,Generator,188,97,0.3,1,2.06,66.2,54.7,49.9,0.908,1.078,0.048,0
AST-WAT-229,Water Pump,508,83,3.2,1,4.46,59.6,34.9,59.2,1.771,0.922,0.189,0
AST-IT -711,IT Server,1816,224,11.0,5,5.6,78.0,28.6,59.3,2.916,2.489,0.182,1
AST-MED-535,Medical,760,48,12.6,9,1.39,43.8,8.8,62.1,0.406,0.533,0.497,0
AST-GEN-227,Generator,62,85,3.4,1,2.23,78.2,52.3,59.6,1.161,0.944,1.645,0
AST-ELE-763,Elevator,1237,113,7.5,3,3.24,67.8,28.8,56.9,1.463,1.256,0.182,0
AST-MED-610,Medical,1288,123,55.3,5,3.68,46.4,12.0,64.8,1.141,1.367,1.288,0
AST-MED-654,Medical,1211,176,69.2,7,4.88,58.0,13.3,55.0,1.887,1.956,1.714,0
AST-MED-711,Medical,942,154,51.5,4,3.63,53.6,12.2,55.6,1.296,1.711,1.64,0
AST-GEN-198,Generator,979,137,26.0,9,4.09,84.0,60.1,34.6,2.293,1.522,0.797,1
AST-HVA-600,HVAC,365,36,30.4,3,2.01,53.8,21.3,66.0,0.721,0.4,2.499,0
AST-ELE-456,Elevator,923,27,1.1,5,3.04,60.0,27.0,71.0,1.218,0.3,0.036,0
AST-WAT-982,Water Pump,2470,15,204.5,14,2.66,76.4,36.7,34.7,1.356,0.167,2.484,1
AST-GEN-503,Generator,553,169,13.5,2,4.94,69.8,50.2,48.6,2.298,1.878,0.732,1
AST-HVA-989,HVAC,308,238,16.9,2,6.56,98.0,40.3,73.5,4.284,2.644,1.646,1
AST-LAB-342,Lab Equipment,616,163,29.2,4,3.67,57.0,20.0,64.1,1.394,1.811,1.422,0
AST-LAB-260,Lab Equipment,1773,198,85.5,10,5.68,64.2,22.4,64.5,2.431,2.2,1.447,1
AST-ELE-658,Elevator,1039,159,23.9,3,4.53,74.7,33.2,47.5,2.254,1.767,0.69,1
AST-MED-829,Medical,1345,142,63.5,9,3.36,52.9,11.2,37.9,1.185,1.578,1.416,0
AST-GEN-698,Generator,1280,44,0.9,3,3.32,83.4,44.1,57.1,1.844,0.489,0.021,0
AST-MED-243,Medical,1310,26,35.6,4,2.16,46.7,9.3,62.3,0.671,0.289,0.815,0
AST-IT -435,IT Server,2033,95,53.8,12,2.07,50.2,15.0,49.6,0.693,1.056,0.794,0
AST-LAB-168,Lab Equipment,254,87,0.3,1,1.89,41.0,9.3,42.3,0.517,0.967,0.035,0
AST-IT -972,IT Server,223,93,19.3,2,1.07,41.6,16.5,69.1,0.297,1.033,2.596,0
AST-HVA-364,HVAC,1865,117,5.1,10,2.8,64.2,29.6,44.7,1.198,1.3,0.082,0
AST-LAB-335,Lab Equipment,1529,164,95.1,9,5.31,65.9,19.3,65.9,2.33,1.822,1.866,1
AST-WAT-244,Water Pump,1248,113,28.5,8,3.05,64.3,43.2,20.0,1.309,1.256,0.685,0
AST-ELE-861,Elevator,1241,29,0.4,2,1.7,55.0,27.4,42.0,0.622,0.322,0.01,0
AST-WAT-572,Water Pump,517,92,8.4,1,2.1,60.7,29.5,49.5,0.85,1.022,0.487,0
AST-ELE-925,Elevator,2369,118,114.3,11,5.03,75.8,30.8,36.4,2.544,1.311,1.447,1
AST-MED-967,Medical,2500,53,28.3,12,2.42,42.0,8.2,37.4,0.679,0.589,0.34,0
AST-GEN-600,Generator,2121,137,47.2,18,4.45,84.4,52.7,61.4,2.5,1.522,0.668,1
AST-GEN-227,Generator,2200,56,162.6,12,3.38,71.1,49.8,61.1,1.6,0.622,2.217,1
AST-WAT-906,Water Pump,311,177,21.1,1,5.28,76.8,34.5,50.2,2.703,1.967,2.035,1
AST-WAT-759,Water Pump,2164,236,22.8,12,8.79,97.1,42.5,20.0,5.692,2.622,0.316,1
AST-GEN-537,Generator,183,132,10.6,1,3.74,88.1,48.5,33.5,2.196,1.467,1.738,0
AST-IT -279,IT Server,2310,18,174.1,10,3.07,56.4,11.8,62.7,1.154,0.2,2.261,1
AST-GEN-591,Generator,2255,122,25.8,15,4.47,88.3,46.1,55.5,2.633,1.356,0.343,1
AST-MED-947,Medical,2302,112,2.5,5,2.31,52.2,9.1,68.1,0.804,1.244,0.033,0
AST-ELE-164,Elevator,1313,47,52.1,7,3.07,57.7,30.0,55.3,1.181,0.522,1.19,0
AST-ELE-413,Elevator,1703,84,22.2,8,2.01,55.0,33.2,49.3,0.737,0.933,0.391,0
AST-GEN-435,Generator,957,124,3.3,5,2.66,80.8,45.8,55.6,1.431,1.378,0.103,0
AST-WAT-624,Water Pump,234,26,4.9,1,2.29,62.7,32.5,40.2,0.957,0.289,0.628,0
AST-WAT-209,Water Pump,1489,109,67.8,9,4.0,63.2,24.2,39.1,1.686,1.211,1.366,0
AST-GEN-399,Generator,1173,223,70.4,7,6.94,95.6,43.4,46.3,4.424,2.478,1.801,1
AST-HVA-852,HVAC,1992,114,43.6,20,3.92,46.6,25.8,54.1,1.218,1.267,0.657,0
AST-GEN-706,Generator,1658,151,46.9,10,3.21,78.6,49.0,50.9,1.681,1.678,0.849,0
AST-MED-329,Medical,889,209,3.4,3,4.99,57.0,17.0,32.4,1.895,2.322,0.115,0
AST-IT -719,IT Server,2387,66,12.6,12,1.76,43.6,17.0,70.6,0.511,0.733,0.158,0
AST-ELE-912,Elevator,1791,68,251.3,11,2.94,62.9,26.5,35.0,1.233,0.756,4.209,0
AST-MED-153,Medical,2436,148,16.4,10,3.83,57.0,14.0,40.1,1.458,1.644,0.202,0
AST-HVA-806,HVAC,181,29,7.0,2,1.51,59.6,18.9,44.4,0.6,0.322,1.16,0
AST-IT -667,IT Server,1423,123,22.1,5,2.46,61.3,16.0,38.4,1.005,1.367,0.466,0
AST-HVA-644,HVAC,988,214,8.9,5,6.12,71.4,38.2,48.5,2.915,2.378,0.27,0
AST-ELE-448,Elevator,700,25,27.4,4,2.42,61.7,25.6,48.9,0.998,0.278,1.174,0
AST-IT -708,IT Server,1707,170,109.1,12,4.88,68.2,17.2,54.5,2.22,1.889,1.917,1
AST-MED-274,Medical,1237,100,27.5,5,2.32,42.5,10.7,59.1,0.659,1.111,0.667,0
AST-IT -895,IT Server,2146,77,239.6,7,2.35,52.8,11.7,52.1,0.828,0.856,3.349,1
AST-WAT-786,Water Pump,1905,150,2.1,9,6.02,71.0,37.6,55.9,2.852,1.667,0.033,1
AST-GEN-674,Generator,1549,211,52.3,12,5.29,109.3,61.5,59.5,3.858,2.344,1.013,1
AST-LAB-436,Lab Equipment,2368,90,50.8,14,2.94,49.7,14.0,45.8,0.976,1.0,0.644,0
AST-GEN-630,Generator,485,216,1.9,2,6.83,90.4,61.5,44.7,4.119,2.4,0.118,1
AST-GEN-246,Generator,322,113,33.2,2,1.86,69.5,52.6,46.4,0.861,1.256,3.093,0
AST-LAB-848,Lab Equipment,2236,156,38.1,10,3.92,61.6,14.2,67.7,1.611,1.733,0.511,0
AST-ELE-966,Elevator,333,210,0.0,0,5.62,64.4,36.7,20.0,2.41,2.333,0.0,1
AST-IT -653,IT Server,798,164,15.5,2,3.52,58.1,20.7,59.6,1.365,1.822,0.583,0
AST-WAT-562,Water Pump,365,119,11.8,1,3.39,53.1,31.0,49.2,1.198,1.322,0.97,1
AST-MED-868,Medical,2408,136,105.7,13,4.67,60.3,10.9,57.3,1.878,1.511,1.317,1
AST-MED-436,Medical,435,203,0.9,1,4.71,68.8,19.2,57.9,2.16,2.256,0.062,1
AST-GEN-535,Generator,2063,195,50.4,9,7.5,86.2,53.7,52.1,4.307,2.167,0.733,1
AST-IT -500,IT Server,2173,27,3.4,9,1.43,55.5,16.2,40.0,0.531,0.3,0.047,0
AST-ELE-322,Elevator,151,54,0.0,0,0.79,49.5,19.7,48.6,0.263,0.6,0.0,0
AST-MED-870,Medical,1809,218,10.9,6,5.23,65.6,19.4,28.9,2.285,2.422,0.181,1
AST-WAT-183,Water Pump,2397,63,41.8,18,3.14,52.1,26.7,53.9,1.09,0.7,0.523,0
AST-LAB-954,Lab Equipment,2236,21,47.1,11,3.18,54.2,10.9,48.0,1.15,0.233,0.632,0
AST-MED-690,Medical,76,228,0.0,0,5.6,68.8,19.6,51.7,2.566,2.533,0.0,0
AST-ELE-914,Elevator,2376,162,26.9,15,5.18,79.9,31.2,42.2,2.76,1.8,0.34,1
AST-WAT-207,Water Pump,1853,120,3.3,13,5.04,65.8,40.8,45.6,2.211,1.333,0.053,0
AST-MED-423,Medical,635,144,22.8,5,3.13,50.7,12.9,60.8,1.058,1.6,1.077,0
AST-LAB-699,Lab Equipment,880,57,10.9,6,0.77,44.0,12.8,55.3,0.227,0.633,0.372,0
AST-MED-191,Medical,1312,191,40.8,6,5.05,56.1,17.1,55.8,1.888,2.122,0.933,0
AST-WAT-121,Water Pump,1933,192,101.9,9,8.09,86.7,34.3,49.2,4.68,2.133,1.581,1
AST-WAT-784,Water Pump,1334,50,2.4,7,4.4,56.1,36.3,66.7,1.646,0.556,0.054,0
AST-LAB-120,Lab Equipment,527,32,4.8,4,1.1,45.4,13.4,63.5,0.334,0.356,0.273,0
AST-WAT-698,Water Pump,356,3,0.0,0,1.42,63.8,36.7,56.5,0.604,0.033,0.0,0
AST-WAT-645,Water Pump,544,219,0.1,2,5.92,73.6,45.2,48.3,2.904,2.433,0.006,1
AST-LAB-414,Lab Equipment,580,166,36.9,3,3.85,59.6,13.5,62.1,1.528,1.844,1.909,0
AST-MED-224,Medical,1026,186,11.5,7,5.04,60.0,17.1,34.8,2.017,2.067,0.336,0
AST-IT -160,IT Server,2205,84,31.5,17,2.32,52.5,15.3,36.8,0.811,0.933,0.429,0
AST-WAT-203,Water Pump,2087,184,64.5,11,6.73,86.4,45.1,20.0,3.874,2.044,0.927,1
AST-MED-435,Medical,279,226,0.0,0,5.4,61.4,21.0,53.7,2.209,2.511,0.0,1
AST-GEN-831,Generator,1918,53,10.6,10,1.84,70.0,49.8,63.4,0.86,0.589,0.166,0
AST-MED-813,Medical,2204,128,92.8,14,3.65,55.9,9.9,57.9,1.362,1.422,1.263,1
AST-WAT-511,Water Pump,602,235,4.0,1,7.58,90.2,45.0,27.9,4.559,2.611,0.199,1
AST-GEN-806,Generator,1458,131,24.0,7,4.45,82.1,50.8,61.2,2.438,1.456,0.494,0
AST-LAB-681,Lab Equipment,1034,54,50.0,7,1.66,50.1,15.4,43.5,0.553,0.6,1.451,0
AST-WAT-733,Water Pump,277,181,0.1,1,5.73,86.9,38.4,37.5,3.32,2.011,0.011,1
AST-MED-657,Medical,1347,224,59.7,12,6.14,78.2,20.2,60.3,3.201,2.489,1.33,0
AST-WAT-540,Water Pump,400,94,24.3,5,4.0,68.0,22.5,41.2,1.813,1.044,1.823,0
AST-MED-561,Medical,1038,23,23.4,7,1.15,47.1,7.2,41.8,0.361,0.256,0.676,0
AST-WAT-495,Water Pump,1568,62,2.6,7,2.02,72.9,24.8,42.1,0.981,0.689,0.05,0
AST-IT -290,IT Server,1492,89,109.8,11,2.63,57.9,14.6,45.9,1.015,0.989,2.208,0
AST-HVA-203,HVAC,1585,75,3.5,7,3.27,55.2,26.2,71.9,1.201,0.833,0.066,0
AST-ELE-728,Elevator,204,169,0.0,0,5.96,78.5,34.6,57.8,3.12,1.878,0.0,1
AST-IT -345,IT Server,1961,125,68.7,13,2.95,55.3,15.5,22.0,1.088,1.389,1.051,1
AST-HVA-975,HVAC,678,140,4.1,3,4.03,70.2,26.6,61.8,1.885,1.556,0.181,0
AST-WAT-765,Water Pump,1579,105,24.2,10,3.77,70.9,43.5,57.8,1.783,1.167,0.46,1
AST-GEN-402,Generator,755,134,4.9,2,2.0,74.8,39.2,51.2,0.994,1.489,0.195,0
AST-WAT-361,Water Pump,1080,18,5.9,5,2.5,63.5,32.1,73.2,1.058,0.2,0.164,0
AST-ELE-522,Elevator,343,9,0.1,3,1.74,52.4,28.2,33.8,0.608,0.1,0.009,0
AST-IT -813,IT Server,1921,83,14.8,11,1.68,46.0,19.7,47.6,0.514,0.922,0.231,0
AST-GEN-442,Generator,2223,224,75.7,11,7.5,105.4,53.8,62.0,5.272,2.489,1.022,1
AST-MED-519,Medical,1117,11,27.4,3,2.18,40.7,7.5,52.9,0.59,0.122,0.736,0
AST-HVA-138,HVAC,803,172,16.0,3,4.13,68.0,28.6,49.7,1.87,1.911,0.598,0
AST-HVA-238,HVAC,2038,55,13.0,10,4.12,51.4,20.2,38.0,1.411,0.611,0.191,1
AST-GEN-598,Generator,1749,54,165.0,8,5.05,76.8,47.7,58.5,2.585,0.6,2.83,1
AST-WAT-621,Water Pump,449,68,3.7,2,2.86,53.5,34.6,52.4,1.018,0.756,0.247,0
AST-ELE-377,Elevator,1886,30,89.9,8,2.55,70.0,31.8,59.0,1.19,0.333,1.43,0
AST-IT -335,IT Server,2454,82,16.5,16,2.07,53.5,14.8,60.3,0.741,0.911,0.202,0
AST-HVA-689,HVAC,1716,148,123.4,6,5.02,84.7,29.4,49.1,2.833,1.644,2.157,1
AST-LAB-607,Lab Equipment,1677,67,9.1,7,2.58,39.2,11.4,37.8,0.676,0.744,0.163,0
AST-WAT-775,Water Pump,44,146,0.0,0,4.45,60.0,45.1,45.5,1.781,1.622,0.0,0
AST-IT -649,IT Server,1169,158,75.1,8,3.88,63.3,20.4,57.9,1.639,1.756,1.927,0
AST-WAT-376,Water Pump,1340,194,38.6,11,6.94,90.5,40.3,54.4,4.185,2.156,0.864,1
AST-HVA-976,HVAC,1001,213,164.4,8,7.42,84.7,35.9,43.6,4.192,2.367,4.927,1
AST-MED-650,Medical,1888,35,125.2,16,2.83,52.5,9.1,50.3,0.991,0.389,1.989,0
AST-HVA-564,HVAC,1119,228,44.1,5,5.69,76.7,33.7,57.4,2.91,2.533,1.182,1
AST-ELE-535,Elevator,2294,144,39.5,9,3.1,78.3,33.5,58.1,1.621,1.6,0.517,0
AST-WAT-208,Water Pump,1601,215,29.2,9,5.7,81.2,41.1,68.3,3.088,2.389,0.547,1
AST-MED-894,Medical,173,52,0.0,0,1.12,41.0,8.7,27.0,0.306,0.578,0.0,0
AST-GEN-704,Generator,2093,195,265.5,14,7.71,106.7,46.8,31.6,5.485,2.167,3.806,1
AST-HVA-619,HVAC,2051,53,21.7,12,2.87,55.9,21.4,50.4,1.07,0.589,0.317,0
AST-LAB-767,Lab Equipment,1501,132,11.9,3,2.71,52.5,12.6,39.7,0.951,1.467,0.238,0
AST-GEN-319,Generator,1687,73,44.6,8,3.03,77.5,54.7,29.0,1.564,0.811,0.793,0
AST-LAB-114,Lab Equipment,1058,25,11.2,4,2.25,39.7,9.6,36.2,0.597,0.278,0.318,0
AST-HVA-719,HVAC,81,160,0.0,0,3.09,60.3,27.7,60.7,1.243,1.778,0.0,0
AST-MED-297,Medical,2129,212,56.6,9,5.26,67.1,18.1,62.9,2.357,2.356,0.798,1
AST-LAB-123,Lab Equipment,793,140,1.6,4,2.2,63.4,15.4,40.0,0.929,1.556,0.061,0
AST-GEN-457,Generator,1113,202,125.1,4,6.09,99.9,52.7,54.3,4.058,2.244,3.372,1
AST-HVA-368,HVAC,307,168,11.1,1,3.56,71.2,27.4,63.0,1.691,1.867,1.085,0
AST-WAT-990,Water Pump,982,229,56.3,7,7.84,98.1,39.2,41.1,5.13,2.544,1.72,1
AST-HVA-841,HVAC,1488,116,59.1,9,4.08,65.7,24.0,56.5,1.787,1.289,1.192,0
AST-HVA-374,HVAC,1174,17,55.7,7,2.77,65.2,22.9,46.8,1.204,0.189,1.423,1
AST-ELE-806,Elevator,2056,177,77.4,12,5.3,75.8,36.6,63.6,2.679,1.967,1.129,1
AST-ELE-378,Elevator,438,145,0.0,0,2.66,69.2,32.1,44.8,1.228,1.611,0.0,0
AST-MED-480,Medical,1013,216,3.9,8,5.37,61.2,18.1,46.6,2.188,2.4,0.115,0
AST-HVA-160,HVAC,2007,183,4.4,12,5.55,84.5,30.5,49.5,3.128,2.033,0.066,1
AST-HVA-749,HVAC,621,37,0.0,0,1.71,46.7,23.3,39.9,0.531,0.411,0.0,0
AST-IT -576,IT Server,145,151,0.0,0,2.9,58.9,18.3,36.7,1.14,1.678,0.0,0
AST-IT -586,IT Server,648,191,52.9,4,4.93,54.7,23.8,60.3,1.8,2.122,2.449,0
AST-MED-986,Medical,2382,105,124.4,16,3.99,52.6,10.3,33.4,1.399,1.167,1.567,1
AST-GEN-482,Generator,350,127,47.7,4,3.02,84.2,46.2,58.0,1.697,1.411,4.089,0
AST-WAT-247,Water Pump,789,75,2.6,5,1.99,80.5,33.6,71.1,1.068,0.833,0.099,1
AST-WAT-810,Water Pump,906,45,3.8,1,2.54,58.7,40.0,55.6,0.994,0.5,0.126,0
AST-HVA-646,HVAC,241,10,64.8,2,2.68,55.5,27.7,60.1,0.99,0.111,8.066,0
AST-LAB-638,Lab Equipment,1797,26,349.3,16,3.26,62.9,8.1,28.0,1.368,0.289,5.831,1
AST-GEN-151,Generator,1975,4,78.8,10,4.94,78.7,38.8,50.8,2.595,0.044,1.197,1
AST-LAB-559,Lab Equipment,725,15,15.2,5,1.48,42.5,10.8,41.7,0.42,0.167,0.629,0
AST-GEN-897,Generator,173,9,15.5,2,1.94,51.9,47.6,41.8,0.671,0.1,2.688,0
AST-WAT-911,Water Pump,998,101,19.3,4,1.99,61.4,26.1,59.5,0.814,1.122,0.58,0
AST-LAB-838,Lab Equipment,585,18,9.0,1,1.25,43.3,14.9,79.9,0.362,0.2,0.462,0
AST-GEN-519,Generator,2257,150,37.5,10,6.38,108.1,47.7,40.0,4.597,1.667,0.498,1
AST-MED-576,Medical,1978,155,77.8,13,4.54,60.8,14.6,66.1,1.843,1.722,1.18,1
AST-HVA-198,HVAC,2057,63,19.9,7,2.46,34.9,20.0,44.9,0.572,0.7,0.29,0
AST-WAT-676,Water Pump,80,7,0.4,3,3.24,55.4,26.5,57.3,1.194,0.078,0.15,0
AST-GEN-730,Generator,1920,23,44.1,10,2.13,80.1,35.5,58.2,1.138,0.256,0.689,0
AST-WAT-135,Water Pump,1879,44,50.5,15,3.93,61.5,26.8,43.8,1.612,0.489,0.806,0
AST-HVA-309,HVAC,2244,209,72.0,12,7.55,94.4,32.5,48.9,4.752,2.322,0.963,1
AST-HVA-861,HVAC,2116,121,16.0,8,2.88,68.8,24.7,56.1,1.322,1.344,0.227,0
AST-ELE-499,Elevator,2060,37,55.4,12,3.45,73.6,26.2,76.3,1.69,0.411,0.807,1
AST-HVA-923,HVAC,1069,81,11.4,4,1.74,51.0,15.8,60.8,0.591,0.9,0.32,0
AST-ELE-892,Elevator,1174,191,124.5,6,5.38,85.4,30.9,52.0,3.064,2.122,3.181,1
AST-HVA-607,HVAC,484,146,0.0,0,4.25,57.3,20.6,47.3,1.624,1.622,0.0,0
AST-WAT-170,Water Pump,1971,214,71.7,11,7.02,86.7,41.0,28.5,4.055,2.378,1.091,1
AST-MED-413,Medical,1033,105,4.4,5,1.63,46.0,8.0,64.9,0.499,1.167,0.128,0
AST-GEN-944,Generator,953,195,32.3,2,6.39,93.6,58.9,26.0,3.989,2.167,1.017,1
AST-WAT-905,Water Pump,569,48,14.3,2,3.93,46.3,39.7,58.5,1.211,0.533,0.754,0
AST-HVA-763,HVAC,1657,4,36.0,13,2.03,61.4,23.1,46.1,0.832,0.044,0.652,0
AST-GEN-319,Generator,2437,70,51.8,11,3.79,79.3,47.1,66.0,2.002,0.778,0.638,0
AST-GEN-850,Generator,99,150,0.0,0,2.88,71.1,44.9,48.3,1.366,1.667,0.0,0
AST-ELE-943,Elevator,1857,205,11.3,8,6.03,77.4,41.1,48.8,3.113,2.278,0.183,1
AST-GEN-484,Generator,122,54,0.0,0,1.62,65.1,36.2,26.8,0.705,0.6,0.0,0
AST-LAB-756,Lab Equipment,1476,81,77.6,9,3.17,56.8,11.2,46.8,1.2,0.9,1.577,1
AST-GEN-581,Generator,1705,21,11.0,12,1.8,84.3,53.8,31.1,1.013,0.233,0.194,0
AST-IT -937,IT Server,1259,185,42.8,3,4.51,61.9,21.5,42.0,1.861,2.056,1.02,0
AST-ELE-237,Elevator,1137,89,17.0,7,3.19,64.4,25.9,34.9,1.368,0.989,0.449,0
AST-MED-698,Medical,2242,90,173.9,8,3.51,52.3,6.6,54.6,1.225,1.0,2.327,1
AST-HVA-234,HVAC,463,28,9.0,1,1.99,65.4,16.2,22.2,0.867,0.311,0.583,0
AST-HVA-427,HVAC,2229,149,137.5,7,5.37,65.3,26.2,61.2,2.335,1.656,1.851,1
AST-HVA-274,HVAC,1790,139,0.9,8,4.03,60.4,27.0,60.3,1.622,1.544,0.015,0
AST-WAT-819,Water Pump,1199,188,101.5,10,6.14,82.8,41.6,67.0,3.387,2.089,2.54,1
AST-IT -523,IT Server,1075,123,21.0,5,2.56,55.8,16.9,31.2,0.952,1.367,0.586,0
AST-WAT-999,Water Pump,2134,173,170.8,15,7.16,87.8,41.4,39.1,4.19,1.922,2.401,1
AST-GEN-574,Generator,1583,16,55.0,7,2.19,76.2,43.2,47.8,1.112,0.178,1.042,0
AST-IT -638,IT Server,1132,80,111.7,7,2.32,59.7,17.8,46.1,0.925,0.889,2.96,0
AST-HVA-623,HVAC,975,113,1.7,3,3.49,57.6,26.5,82.0,1.341,1.256,0.052,0
AST-IT -190,IT Server,2342,29,96.0,11,2.71,57.6,10.6,33.7,1.04,0.322,1.23,0
AST-LAB-398,Lab Equipment,2353,34,43.6,25,3.67,42.3,9.4,52.9,1.034,0.378,0.556,0
AST-MED-144,Medical,236,104,4.2,2,1.55,45.2,7.9,51.8,0.466,1.156,0.534,0
AST-ELE-882,Elevator,2197,239,57.6,9,8.18,89.0,44.9,44.8,4.859,2.656,0.787,1
AST-GEN-502,Generator,553,214,22.0,3,6.0,105.2,46.6,44.6,4.21,2.378,1.193,1
AST-MED-335,Medical,1171,139,9.6,5,3.15,50.4,11.2,57.6,1.059,1.544,0.246,0
AST-LAB-376,Lab Equipment,1869,11,36.4,5,2.17,36.9,9.9,22.7,0.535,0.122,0.584,0
AST-HVA-329,HVAC,2381,136,117.1,12,4.72,85.6,21.9,52.8,2.69,1.511,1.475,1
AST-MED-542,Medical,797,38,131.3,7,2.69,50.0,6.7,42.0,0.896,0.422,4.942,0
AST-HVA-272,HVAC,300,43,17.0,1,1.97,45.5,23.9,55.5,0.597,0.478,1.7,0
AST-ELE-603,Elevator,637,222,46.4,9,6.73,72.7,43.5,54.2,3.263,2.467,2.185,1
AST-MED-101,Medical,882,195,15.3,1,4.9,66.3,18.9,57.3,2.169,2.167,0.52,1
AST-HVA-121,HVAC,104,141,0.0,0,3.83,67.3,25.7,45.6,1.717,1.567,0.0,0
AST-GEN-912,Generator,1224,191,64.5,6,6.54,91.8,45.4,54.5,4.005,2.122,1.581,1
AST-LAB-564,Lab Equipment,1010,152,29.0,9,3.07,58.6,18.1,33.0,1.201,1.689,0.861,0
AST-HVA-103,HVAC,2144,134,58.8,8,4.73,64.1,27.3,47.8,2.02,1.489,0.823,1
AST-WAT-681,Water Pump,398,32,0.8,3,4.75,59.0,29.0,46.4,1.866,0.356,0.06,0
AST-LAB-917,Lab Equipment,40,6,6.3,1,1.63,52.8,12.8,36.1,0.574,0.067,4.725,0
AST-WAT-970,Water Pump,408,99,4.1,2,4.3,57.9,28.3,65.0,1.659,1.1,0.301,0
AST-ELE-742,Elevator,653,211,30.8,3,5.86,86.1,34.6,48.0,3.363,2.344,1.415,1
AST-ELE-606,Elevator,855,240,6.1,1,7.41,87.6,49.5,43.3,4.326,2.667,0.214,1
AST-WAT-695,Water Pump,2208,198,172.2,11,6.78,92.0,43.5,40.6,4.157,2.2,2.34,1
AST-LAB-857,Lab Equipment,213,100,8.3,1,2.12,47.9,14.1,65.8,0.678,1.111,1.169,1
AST-WAT-850,Water Pump,1409,77,3.9,6,1.9,59.5,31.3,45.3,0.756,0.856,0.083,0
AST-WAT-184,Water Pump,2273,109,4.5,16,2.21,60.2,38.1,25.5,0.886,1.211,0.059,0
AST-MED-497,Medical,1033,11,19.8,3,1.49,40.2,7.2,46.3,0.399,0.122,0.575,0
AST-IT -935,IT Server,2444,132,30.8,10,3.0,66.6,18.5,49.3,1.332,1.467,0.378,0
AST-GEN-355,Generator,1809,31,87.7,12,3.69,94.1,41.4,49.7,2.317,0.344,1.454,0
AST-ELE-955,Elevator,1030,115,4.1,1,2.98,77.3,31.4,36.7,1.533,1.278,0.119,1
AST-HVA-635,HVAC,378,82,29.1,2,3.07,51.6,21.6,34.9,1.054,0.911,2.31,0
AST-IT -668,IT Server,1542,178,7.4,9,4.25,75.2,25.3,61.9,2.128,1.978,0.144,1
AST-IT -244,IT Server,2378,207,1.7,14,5.18,74.1,25.3,46.1,2.561,2.3,0.021,1
AST-HVA-293,HVAC,1094,207,5.8,3,5.67,85.1,36.6,57.0,3.215,2.3,0.159,1
AST-HVA-170,HVAC,1516,53,44.1,8,2.98,61.5,17.1,46.1,1.222,0.589,0.873,0
AST-GEN-384,Generator,1721,106,38.5,11,3.71,84.4,49.4,45.9,2.089,1.178,0.671,1
AST-MED-484,Medical,2384,156,86.4,7,4.71,56.2,13.3,22.9,1.767,1.733,1.087,1
AST-MED-695,Medical,1149,221,1.6,2,5.75,68.8,19.0,45.5,2.638,2.456,0.042,1
AST-LAB-251,Lab Equipment,249,25,7.0,3,1.11,35.4,12.2,58.4,0.262,0.278,0.843,0
AST-GEN-373,Generator,95,208,5.6,1,6.67,85.0,59.7,45.6,3.78,2.311,1.768,1
AST-WAT-652,Water Pump,405,177,4.4,1,4.61,59.8,30.2,47.5,1.839,1.967,0.326,0
AST-GEN-768,Generator,941,132,21.8,4,4.25,87.5,52.4,49.5,2.48,1.467,0.695,1
AST-WAT-395,Water Pump,34,39,2.9,1,2.53,56.4,36.5,43.7,0.95,0.433,2.559,0
AST-LAB-244,Lab Equipment,167,136,6.6,2,3.12,52.7,15.3,48.2,1.097,1.511,1.186,0
AST-HVA-608,HVAC,1103,177,18.8,6,5.82,75.8,32.0,64.8,2.94,1.967,0.511,1
AST-GEN-578,Generator,961,203,73.8,5,7.89,107.6,54.8,60.3,5.656,2.256,2.304,1
AST-ELE-297,Elevator,1715,80,3.4,5,2.21,46.7,27.2,55.5,0.689,0.889,0.059,0
AST-GEN-452,Generator,1891,5,8.1,13,2.73,64.8,45.7,42.1,1.178,0.056,0.129,1
AST-HVA-263,HVAC,417,198,10.8,2,5.6,69.6,34.0,31.5,2.6,2.2,0.777,0
AST-GEN-664,Generator,1389,28,108.9,9,3.53,78.5,51.8,41.8,1.848,0.311,2.352,0
AST-ELE-528,Elevator,314,161,9.0,2,3.97,76.4,37.2,23.0,2.021,1.789,0.86,1
AST-ELE-435,Elevator,1447,145,53.6,8,4.83,66.8,29.9,46.0,2.153,1.611,1.111,1
AST-ELE-987,Elevator,1658,30,159.5,11,4.43,66.3,31.1,55.3,1.958,0.333,2.886,0
AST-HVA-575,HVAC,2494,45,147.3,19,3.63,68.8,28.0,33.9,1.666,0.5,1.772,1
AST-MED-536,Medical,1702,7,30.6,10,1.98,37.3,5.0,31.4,0.493,0.078,0.539,0
AST-GEN-675,Generator,1022,134,8.2,6,3.27,72.5,43.3,39.1,1.58,1.489,0.241,0
AST-HVA-130,HVAC,397,186,5.2,2,6.23,77.6,27.2,64.5,3.222,2.067,0.393,0
AST-GEN-305,Generator,550,146,28.1,3,4.43,74.3,48.9,38.6,2.194,1.622,1.533,0
AST-ELE-537,Elevator,311,90,12.6,2,2.69,58.7,24.4,38.7,1.052,1.0,1.215,0
AST-HVA-770,HVAC,1113,137,0.4,4,3.92,66.1,24.6,53.4,1.729,1.522,0.011,0
AST-HVA-609,HVAC,1788,112,30.3,13,3.5,69.2,24.7,57.4,1.614,1.244,0.508,0
AST-GEN-934,Generator,1089,80,11.7,5,2.3,60.6,49.4,44.0,0.928,0.889,0.322,0
AST-HVA-996,HVAC,1281,168,4.5,3,4.92,80.5,22.7,53.7,2.639,1.867,0.105,1
AST-GEN-550,Generator,1746,57,20.4,4,4.86,67.6,48.7,61.1,2.19,0.633,0.351,0
AST-MED-492,Medical,133,28,3.4,1,1.42,39.5,10.6,62.5,0.373,0.311,0.767,0
AST-MED-342,Medical,58,94,0.0,0,1.64,41.6,6.7,53.8,0.455,1.044,0.0,0
AST-ELE-917,Elevator,869,188,24.0,4,5.93,73.2,36.7,63.3,2.897,2.089,0.829,1
AST-WAT-252,Water Pump,1092,61,48.6,4,5.02,67.7,35.7,54.4,2.267,0.678,1.335,0
AST-LAB-185,Lab Equipment,2041,105,31.7,17,2.41,54.9,13.3,50.2,0.882,1.167,0.466,0
AST-GEN-425,Generator,445,192,15.6,2,6.83,93.3,58.5,51.0,4.249,2.133,1.052,1
AST-WAT-569,Water Pump,780,101,25.6,3,3.17,48.0,28.4,49.1,1.016,1.122,0.985,0
AST-HVA-621,HVAC,1635,217,1.3,6,7.33,80.4,33.8,64.5,3.926,2.411,0.024,1
AST-WAT-496,Water Pump,1468,239,2.4,9,5.74,97.0,50.1,27.1,3.713,2.656,0.049,1
AST-LAB-256,Lab Equipment,562,71,23.0,5,1.62,53.6,11.4,64.1,0.578,0.789,1.228,0
AST-IT -552,IT Server,1704,219,7.2,6,5.17,88.9,26.5,63.3,3.063,2.433,0.127,1
AST-IT -976,IT Server,1134,203,36.0,8,5.14,71.6,28.1,30.7,2.457,2.256,0.952,1
AST-LAB-578,Lab Equipment,359,170,5.4,1,4.87,61.5,19.0,47.8,1.999,1.889,0.451,0
AST-HVA-754,HVAC,880,93,14.3,5,2.54,57.0,21.6,44.0,0.966,1.033,0.488,0
AST-LAB-211,Lab Equipment,2120,78,39.8,14,2.05,50.4,12.2,48.6,0.689,0.867,0.563,0
AST-LAB-408,Lab Equipment,626,33,41.5,3,1.99,50.5,16.2,30.0,0.67,0.367,1.989,0
AST-WAT-378,Water Pump,888,79,43.9,7,3.22,56.0,28.8,69.0,1.199,0.878,1.483,0
AST-ELE-529,Elevator,1579,141,31.9,4,6.34,74.1,35.8,53.0,3.133,1.567,0.606,1
AST-HVA-254,HVAC,385,87,6.4,5,2.0,55.6,25.9,49.3,0.743,0.967,0.499,0
AST-LAB-963,Lab Equipment,1065,155,26.7,7,3.84,60.8,16.7,41.7,1.558,1.722,0.752,0
AST-MED-267,Medical,1491,66,206.0,8,3.16,46.8,7.5,61.8,0.987,0.733,4.145,1
AST-GEN-117,Generator,1667,169,53.9,8,5.92,88.8,55.7,59.6,3.504,1.878,0.97,1
AST-WAT-389,Water Pump,390,197,30.7,4,5.7,85.5,44.0,42.2,3.249,2.189,2.362,1
AST-ELE-827,Elevator,2049,199,28.4,10,5.74,87.9,36.0,40.1,3.364,2.211,0.416,1
AST-IT -182,IT Server,2205,38,144.0,11,2.79,59.2,16.4,59.8,1.099,0.422,1.959,0
AST-HVA-977,HVAC,1787,60,103.6,9,3.32,66.4,20.6,60.7,1.469,0.667,1.739,1
AST-MED-793,Medical,2433,202,19.4,9,5.75,68.9,16.5,38.2,2.637,2.244,0.239,1
AST-WAT-984,Water Pump,2089,207,33.9,9,6.87,96.6,46.8,56.4,4.424,2.3,0.487,1
AST-HVA-640,HVAC,2146,71,5.2,10,1.49,58.0,18.0,23.8,0.578,0.789,0.073,0
AST-LAB-649,Lab Equipment,125,104,7.2,1,1.83,48.8,13.8,49.1,0.594,1.156,1.728,0
AST-WAT-892,Water Pump,104,89,14.3,2,3.09,56.3,31.4,52.8,1.16,0.989,4.125,0
AST-WAT-203,Water Pump,209,47,0.0,0,1.22,64.5,25.3,65.4,0.524,0.522,0.0,0
AST-WAT-999,Water Pump,1549,80,76.6,8,4.33,62.7,28.2,46.1,1.808,0.889,1.484,1
AST-ELE-385,Elevator,366,206,0.3,2,5.84,83.4,36.9,61.2,3.245,2.289,0.025,1
AST-GEN-983,Generator,150,31,13.0,1,2.86,85.6,46.2,45.2,1.63,0.344,2.6,0
AST-HVA-418,HVAC,2192,109,98.4,13,3.17,65.7,25.4,35.2,1.389,1.211,1.347,1
AST-GEN-608,Generator,612,26,55.5,2,2.71,73.9,47.4,58.8,1.338,0.289,2.721,0
AST-ELE-993,Elevator,2099,99,34.5,14,3.41,68.2,24.2,53.6,1.548,1.1,0.493,1
AST-HVA-307,HVAC,698,16,6.0,1,1.44,43.5,24.1,56.1,0.418,0.178,0.258,0
AST-GEN-207,Generator,2465,115,77.5,15,3.1,83.2,46.4,47.4,1.718,1.278,0.943,1
AST-IT -737,IT Server,232,21,13.3,2,1.56,44.1,15.6,47.5,0.459,0.233,1.72,0
AST-MED-133,Medical,84,54,0.0,0,1.19,40.5,5.1,46.1,0.32,0.6,0.0,0
AST-LAB-932,Lab Equipment,508,62,33.8,6,2.49,47.1,10.9,61.1,0.781,0.689,1.996,0
AST-ELE-608,Elevator,435,151,3.4,1,3.87,71.2,32.5,48.3,1.838,1.678,0.234,0
AST-WAT-767,Water Pump,2302,107,36.7,11,4.5,71.3,34.7,45.4,2.138,1.189,0.478,1
AST-ELE-207,Elevator,1619,227,9.7,4,7.05,77.5,39.8,42.4,3.642,2.522,0.18,1
AST-WAT-463,Water Pump,238,185,8.3,2,4.18,81.8,48.6,54.9,2.278,2.056,1.046,0
AST-HVA-695,HVAC,1196,217,156.4,11,7.86,76.8,29.2,52.7,4.026,2.411,3.923,1
AST-LAB-941,Lab Equipment,2175,85,54.6,18,2.6,49.8,12.1,50.9,0.863,0.944,0.753,0
AST-HVA-743,HVAC,523,20,33.9,4,1.84,61.0,26.4,43.8,0.749,0.222,1.945,0
AST-LAB-448,Lab Equipment,945,87,3.2,5,0.88,46.8,10.5,41.3,0.276,0.967,0.102,0
AST-ELE-222,Elevator,122,121,3.3,1,2.29,60.4,34.5,32.7,0.923,1.344,0.811,0
AST-IT -641,IT Server,1847,134,187.2,20,3.93,71.2,18.5,29.9,1.866,1.489,3.041,1
AST-LAB-240,Lab Equipment,1946,154,64.0,16,4.67,70.7,22.7,48.2,2.199,1.711,0.987,1
AST-ELE-332,Elevator,1946,29,31.7,12,1.66,62.2,26.0,41.6,0.688,0.322,0.489,0
AST-HVA-536,HVAC,142,142,31.1,2,3.59,71.0,29.2,51.7,1.698,1.578,6.57,0
AST-HVA-897,HVAC,1955,214,85.1,9,6.83,87.8,34.5,31.6,3.995,2.378,1.306,1
AST-GEN-793,Generator,2470,226,2.7,14,7.41,90.0,41.9,34.0,4.448,2.511,0.033,1
AST-ELE-493,Elevator,1059,124,1.2,3,5.35,61.4,27.3,36.0,2.193,1.378,0.034,0
AST-HVA-648,HVAC,840,125,14.7,8,3.01,75.4,23.2,46.3,1.513,1.389,0.525,0
AST-GEN-141,Generator,1862,225,85.7,6,7.02,94.4,60.7,59.9,4.416,2.5,1.381,1
AST-WAT-208,Water Pump,58,47,0.0,0,2.34,64.2,32.1,43.1,0.999,0.522,0.0,0
AST-IT -115,IT Server,2278,94,9.4,15,1.65,53.8,13.3,59.3,0.591,1.044,0.124,0
AST-LAB-987,Lab Equipment,2080,9,181.2,10,3.69,55.6,13.9,38.1,1.365,0.1,2.613,1
AST-ELE-363,Elevator,1230,50,8.8,5,2.68,58.5,25.1,54.1,1.044,0.556,0.215,0
AST-GEN-318,Generator,1648,48,39.0,10,2.26,68.5,53.2,53.1,1.034,0.533,0.71,0
AST-WAT-224,Water Pump,1630,150,0.5,4,6.78,77.3,41.4,43.6,3.494,1.667,0.009,1
AST-LAB-716,Lab Equipment,1596,142,18.2,7,3.48,58.6,15.2,51.6,1.357,1.578,0.342,0
AST-LAB-365,Lab Equipment,1661,171,131.9,7,4.86,69.8,18.8,64.8,2.263,1.9,2.382,1
AST-LAB-920,Lab Equipment,1842,175,10.1,9,5.07,54.9,22.0,70.3,1.857,1.944,0.164,0
AST-HVA-547,HVAC,514,63,1.9,2,1.53,47.4,18.3,70.3,0.484,0.7,0.111,0
AST-MED-813,Medical,611,23,30.1,4,1.46,49.8,8.5,43.7,0.486,0.256,1.478,0
AST-ELE-218,Elevator,1695,230,33.5,12,7.48,93.4,29.5,56.4,4.657,2.556,0.593,1
AST-GEN-497,Generator,327,2,6.7,3,3.27,73.6,45.5,62.7,1.606,0.022,0.615,0
AST-HVA-322,HVAC,839,94,29.8,4,1.84,50.7,22.2,42.2,0.62,1.044,1.066,0
AST-WAT-764,Water Pump,2170,197,17.0,11,7.68,84.6,41.0,59.3,4.331,2.189,0.235,1
AST-WAT-260,Water Pump,1185,218,36.9,11,8.07,90.6,46.6,24.4,4.872,2.422,0.934,1
AST-ELE-811,Elevator,490,159,16.0,4,4.66,65.5,38.2,41.3,2.035,1.767,0.98,0
AST-GEN-691,Generator,590,74,0.8,1,4.06,78.8,33.1,46.4,2.132,0.822,0.041,0
AST-MED-615,Medical,300,57,0.0,0,1.31,41.1,10.2,44.4,0.358,0.633,0.0,0
AST-MED-209,Medical,1771,154,65.3,8,3.96,51.8,12.2,51.8,1.366,1.711,1.106,0
AST-HVA-933,HVAC,93,81,0.0,0,1.09,46.6,15.8,40.1,0.34,0.9,0.0,0
AST-HVA-250,HVAC,443,95,46.7,4,1.98,59.0,28.1,35.5,0.777,1.056,3.163,0
AST-LAB-587,Lab Equipment,1523,196,14.1,4,5.72,61.4,19.6,36.1,2.343,2.178,0.278,0
AST-IT -497,IT Server,1221,104,35.3,6,2.07,54.9,15.6,65.8,0.757,1.156,0.867,0
AST-GEN-336,Generator,1381,60,68.4,8,3.28,76.1,52.0,48.4,1.664,0.667,1.486,0
AST-HVA-195,HVAC,42,84,0.0,0,1.9,51.2,21.4,49.1,0.647,0.933,0.0,0
AST-HVA-879,HVAC,1161,234,40.1,5,7.09,85.9,33.9,41.9,4.059,2.6,1.036,1
AST-MED-887,Medical,666,126,11.9,2,2.48,50.0,10.7,20.0,0.826,1.4,0.536,0
AST-WAT-699,Water Pump,1768,220,121.9,8,8.89,97.1,38.3,45.0,5.755,2.444,2.068,1
AST-MED-583,Medical,1040,142,28.1,3,3.44,53.8,11.0,83.1,1.233,1.578,0.811,0
AST-ELE-883,Elevator,485,36,9.4,2,1.75,64.6,28.8,40.2,0.753,0.4,0.581,0
AST-HVA-559,HVAC,2048,85,32.6,6,3.31,66.4,21.6,23.0,1.467,0.944,0.478,0
AST-GEN-339,Generator,2455,96,2.9,8,1.68,80.3,57.7,68.6,0.901,1.067,0.035,0
AST-LAB-618,Lab Equipment,433,88,0.4,4,2.26,40.1,11.5,67.0,0.604,0.978,0.028,0
AST-GEN-485,Generator,216,196,7.0,2,4.3,83.0,65.7,48.8,2.379,2.178,0.972,0
AST-IT -572,IT Server,688,59,17.9,5,1.27,48.7,10.8,53.9,0.413,0.656,0.781,0
AST-HVA-257,HVAC,1240,202,1.6,5,4.88,80.6,37.4,42.6,2.621,2.244,0.039,1
AST-WAT-855,Water Pump,1544,198,32.4,9,7.11,88.6,40.6,62.1,4.203,2.2,0.63,1
AST-WAT-573,Water Pump,1949,37,32.8,15,1.31,69.5,33.8,41.0,0.608,0.411,0.505,0
AST-HVA-552,HVAC,446,7,31.3,5,2.59,43.7,19.8,63.3,0.753,0.078,2.105,0
AST-HVA-946,HVAC,2078,119,186.7,15,4.89,61.1,19.8,36.7,1.994,1.322,2.695,1
AST-LAB-924,Lab Equipment,1109,194,9.7,10,5.32,60.0,21.7,55.1,2.127,2.156,0.262,0
AST-IT -756,IT Server,971,124,13.8,2,2.43,45.5,20.0,59.1,0.737,1.378,0.426,0
AST-HVA-321,HVAC,430,125,1.5,1,2.7,60.7,24.7,21.1,1.094,1.389,0.105,0
AST-GEN-642,Generator,95,199,0.0,0,5.78,72.9,57.5,50.3,2.808,2.211,0.0,1
AST-LAB-403,Lab Equipment,328,216,2.9,1,4.95,67.5,20.7,57.3,2.23,2.4,0.265,1
AST-WAT-432,Water Pump,1910,172,37.9,10,4.6,76.2,36.0,49.2,2.337,1.911,0.595,1
AST-HVA-265,HVAC,2334,45,111.0,10,4.13,74.8,21.1,52.7,2.06,0.5,1.427,1
AST-WAT-869,Water Pump,1645,176,35.6,8,4.83,86.7,43.9,37.9,2.792,1.956,0.649,1
AST-GEN-561,Generator,791,143,20.7,2,4.8,78.6,52.2,60.5,2.518,1.589,0.785,0
AST-MED-146,Medical,1867,107,78.6,10,3.27,48.2,11.5,39.1,1.052,1.189,1.263,0
AST-GEN-110,Generator,1854,168,40.4,6,6.66,94.3,54.0,43.2,4.191,1.867,0.654,1
AST-ELE-311,Elevator,619,123,24.2,5,3.01,67.7,28.1,43.6,1.361,1.367,1.173,0
AST-WAT-954,Water Pump,875,87,2.5,4,1.07,50.4,33.1,47.2,0.358,0.967,0.086,0
AST-IT -510,IT Server,1979,107,27.9,15,2.4,56.8,16.8,43.2,0.91,1.189,0.423,0
AST-MED-718,Medical,543,56,0.0,0,1.66,33.8,7.3,38.2,0.375,0.622,0.0,0
AST-LAB-839,Lab Equipment,2094,214,1.0,3,5.89,71.1,24.9,75.3,2.792,2.378,0.014,1
AST-HVA-516,HVAC,153,205,16.8,4,4.61,68.5,32.5,47.7,2.104,2.278,3.294,1
AST-IT -502,IT Server,2452,174,25.2,13,4.43,71.2,27.0,68.7,2.101,1.933,0.308,1
AST-HVA-810,HVAC,1400,200,250.2,12,6.08,85.3,31.0,50.1,3.457,2.222,5.361,1
AST-GEN-365,Generator,54,89,0.0,0,2.02,65.1,46.6,56.5,0.877,0.989,0.0,0
AST-ELE-637,Elevator,623,122,21.4,4,3.64,74.4,35.2,65.3,1.807,1.356,1.03,0
AST-LAB-860,Lab Equipment,373,232,0.0,0,4.93,61.3,23.0,55.7,2.017,2.578,0.0,0
AST-WAT-560,Water Pump,1787,66,13.9,6,1.08,73.2,31.4,41.8,0.525,0.733,0.233,0
AST-MED-296,Medical,1347,106,7.0,4,2.09,41.5,10.5,42.9,0.577,1.178,0.156,0
AST-ELE-585,Elevator,2078,153,69.1,14,4.16,81.5,31.8,38.2,2.263,1.7,0.998,0
AST-LAB-827,Lab Equipment,1418,89,2.8,5,1.71,42.8,9.5,42.8,0.489,0.989,0.059,0
AST-LAB-970,Lab Equipment,345,151,0.5,1,3.06,48.2,15.2,68.6,0.982,1.678,0.043,0
AST-HVA-347,HVAC,2188,67,6.1,8,2.36,48.6,23.6,46.2,0.764,0.744,0.084,0
AST-GEN-588,Generator,890,221,96.7,5,6.39,112.9,61.5,46.9,4.807,2.456,3.26,1
AST-WAT-233,Water Pump,1895,187,21.4,8,7.39,78.1,39.6,28.5,3.847,2.078,0.339,1
AST-HVA-823,HVAC,751,45,6.5,5,2.56,53.8,25.7,80.2,0.92,0.5,0.26,0
AST-GEN-593,Generator,453,28,5.1,2,1.62,82.8,32.7,56.1,0.893,0.311,0.338,0
AST-WAT-575,Water Pump,1549,167,61.6,8,4.82,86.7,37.5,54.3,2.783,1.856,1.193,1
AST-LAB-721,Lab Equipment,524,126,32.4,2,2.37,51.9,15.0,57.1,0.819,1.4,1.855,0
AST-GEN-158,Generator,1236,41,16.5,4,2.59,74.5,51.1,39.3,1.289,0.456,0.4,0
AST-IT -480,IT Server,497,74,8.2,3,0.8,41.5,13.5,36.4,0.221,0.822,0.495,0
AST-IT -513,IT Server,2393,142,35.1,15,3.67,62.2,22.7,58.1,1.521,1.578,0.44,1
AST-MED-279,Medical,454,214,0.5,1,5.5,62.8,19.2,61.1,2.304,2.378,0.033,0
AST-IT -108,IT Server,879,150,27.5,4,2.79,61.9,19.5,30.5,1.152,1.667,0.939,0
AST-GEN-291,Generator,151,231,0.0,0,6.71,106.0,51.3,25.2,4.744,2.567,0.0,1
AST-LAB-682,Lab Equipment,2281,4,48.8,17,2.19,53.3,10.6,72.9,0.779,0.044,0.642,0
AST-MED-288,Medical,1658,69,17.9,10,1.99,39.4,7.6,49.7,0.523,0.767,0.324,0
AST-HVA-162,HVAC,1759,140,50.4,10,4.45,69.9,24.3,53.9,2.076,1.556,0.86,1
AST-HVA-561,HVAC,1932,227,54.5,13,7.95,88.4,32.9,50.7,4.681,2.522,0.846,1
AST-HVA-321,HVAC,359,103,8.7,1,2.49,48.3,17.6,49.6,0.803,1.144,0.727,0
AST-LAB-897,Lab Equipment,191,228,7.7,2,6.23,71.1,26.1,23.2,2.951,2.533,1.209,1
AST-HVA-133,HVAC,1222,150,14.7,8,3.9,57.2,25.4,41.6,1.487,1.667,0.361,0
AST-GEN-523,Generator,1909,47,36.4,7,1.35,76.6,46.5,58.9,0.69,0.522,0.572,0
AST-MED-485,Medical,2395,58,27.9,8,2.33,49.1,7.4,23.1,0.761,0.644,0.349,0
AST-WAT-927,Water Pump,1834,41,6.8,10,3.27,67.1,44.1,36.9,1.462,0.456,0.111,0
AST-WAT-554,Water Pump,1804,62,32.9,15,1.85,69.8,30.9,33.9,0.863,0.689,0.547,0
AST-HVA-652,HVAC,940,145,40.6,5,3.62,64.0,30.3,41.9,1.545,1.611,1.296,1
AST-LAB-874,Lab Equipment,1361,67,24.2,8,2.23,43.3,11.7,38.8,0.643,0.744,0.533,0
AST-MED-730,Medical,2282,84,40.1,19,2.07,44.2,6.9,49.5,0.608,0.933,0.527,0
AST-IT -324,IT Server,951,33,27.7,2,1.31,48.4,15.9,51.5,0.422,0.367,0.874,0
AST-GEN-876,Generator,2050,47,166.2,11,5.45,73.6,48.6,49.2,2.675,0.522,2.432,1
AST-HVA-263,HVAC,2375,31,55.2,13,2.43,71.9,22.8,57.9,1.163,0.344,0.697,0
AST-GEN-456,Generator,225,77,0.0,0,1.68,71.3,38.5,64.1,0.797,0.856,0.0,0
AST-IT -936,IT Server,1788,16,50.1,8,2.07,52.1,15.5,51.4,0.718,0.178,0.841,0
AST-LAB-835,Lab Equipment,1749,116,16.6,7,2.81,51.3,14.8,48.0,0.961,1.289,0.285,0
AST-MED-943,Medical,733,117,38.4,3,2.57,49.4,10.0,69.6,0.847,1.3,1.572,0
AST-IT -759,IT Server,1274,92,8.8,7,1.37,45.9,13.6,36.7,0.418,1.022,0.207,0
AST-IT -600,IT Server,1114,160,3.3,5,3.52,57.2,15.8,27.1,1.343,1.778,0.089,0
AST-IT -482,IT Server,125,116,9.8,1,1.65,57.9,17.4,66.4,0.637,1.289,2.352,0
AST-IT -979,IT Server,2266,112,71.2,12,3.23,57.2,17.3,39.1,1.231,1.244,0.943,0
AST-HVA-528,HVAC,2058,94,21.9,4,2.1,52.4,21.9,55.2,0.734,1.044,0.319,0
AST-WAT-991,Water Pump,118,44,0.4,1,2.58,73.6,29.0,47.9,1.264,0.489,0.102,0
AST-HVA-781,HVAC,453,145,3.0,2,3.76,62.9,28.8,54.3,1.575,1.611,0.199,0
AST-WAT-275,Water Pump,2467,12,137.7,13,5.44,64.8,33.4,45.4,2.35,0.133,1.675,1
AST-WAT-179,Water Pump,1551,199,69.1,6,7.22,82.2,49.1,54.1,3.954,2.211,1.337,1
AST-MED-933,Medical,1005,159,8.5,3,3.3,54.3,13.0,51.5,1.193,1.767,0.254,1
AST-MED-655,Medical,2374,234,127.0,16,7.14,80.2,19.3,30.1,3.818,2.6,1.605,1
AST-GEN-277,Generator,672,90,17.2,3,3.19,70.2,50.7,58.7,1.496,1.0,0.768,0
AST-GEN-311,Generator,739,2,36.7,3,3.99,71.3,48.6,42.4,1.895,0.022,1.49,0
AST-GEN-466,Generator,305,11,0.0,0,2.65,74.3,35.1,56.3,1.312,0.122,0.0,0
AST-MED-767,Medical,1387,89,63.6,7,1.79,44.6,7.3,39.7,0.533,0.989,1.376,0
AST-HVA-216,HVAC,956,87,29.7,10,1.42,65.1,20.9,61.0,0.617,0.967,0.932,0
AST-WAT-835,Water Pump,166,58,84.4,5,3.53,51.2,33.1,62.5,1.206,0.644,15.253,0
AST-IT -616,IT Server,2300,207,12.1,16,5.4,66.5,26.5,45.6,2.392,2.3,0.158,1
AST-ELE-902,Elevator,882,160,4.8,1,4.03,66.7,35.2,34.8,1.791,1.778,0.163,0
AST-WAT-351,Water Pump,819,225,36.3,2,7.59,93.1,45.7,38.2,4.713,2.5,1.33,1
AST-WAT-352,Water Pump,1644,236,31.1,8,6.91,94.7,39.3,56.2,4.364,2.622,0.568,1
AST-LAB-235,Lab Equipment,59,208,0.0,0,4.32,58.1,21.0,60.3,1.675,2.311,0.0,0
AST-MED-677,Medical,2235,166,83.8,8,5.27,64.7,15.0,44.4,2.274,1.844,1.125,1
AST-GEN-951,Generator,1133,193,21.9,6,5.64,103.5,50.3,53.6,3.887,2.144,0.58,1
AST-GEN-693,Generator,265,114,40.5,1,2.81,74.7,48.2,45.2,1.398,1.267,4.585,0
AST-WAT-712,Water Pump,1638,81,207.9,13,3.74,66.7,30.2,64.6,1.663,0.9,3.808,1
AST-IT -715,IT Server,578,15,1.3,2,1.15,38.2,17.3,60.6,0.292,0.167,0.067,0
AST-GEN-608,Generator,1674,51,4.7,11,2.85,64.0,47.4,54.9,1.218,0.567,0.084,0
AST-LAB-416,Lab Equipment,2438,96,29.7,20,2.16,52.0,13.7,41.6,0.748,1.067,0.365,0
AST-HVA-115,HVAC,1602,47,14.6,8,2.74,61.6,24.6,52.9,1.123,0.522,0.273,0
AST-WAT-374,Water Pump,410,145,26.7,2,3.28,70.3,39.5,44.6,1.536,1.611,1.954,0
AST-LAB-450,Lab Equipment,430,151,3.5,2,2.92,46.7,21.1,64.8,0.909,1.678,0.244,0
AST-LAB-557,Lab Equipment,341,180,5.8,2,5.11,57.1,20.2,43.9,1.947,2.0,0.51,0
AST-LAB-481,Lab Equipment,980,185,40.0,4,5.8,67.1,19.1,73.0,2.594,2.056,1.224,1
AST-LAB-975,Lab Equipment,1152,122,84.2,7,3.5,54.5,16.9,36.1,1.272,1.356,2.193,0
AST-ELE-973,Elevator,2113,162,69.6,6,4.89,78.8,34.4,45.1,2.567,1.8,0.988,1
AST-MED-492,Medical,451,230,0.0,0,5.02,65.5,19.6,32.7,2.191,2.556,0.0,0
AST-ELE-126,Elevator,1773,31,149.5,8,3.76,71.4,27.6,39.0,1.79,0.344,2.53,1
AST-WAT-334,Water Pump,138,2,0.0,0,2.38,64.9,26.2,52.1,1.029,0.022,0.0,0
AST-GEN-775,Generator,2213,232,50.8,10,6.95,111.8,42.9,53.6,5.179,2.578,0.689,1
AST-WAT-240,Water Pump,1137,16,33.0,3,3.57,64.0,26.2,54.6,1.524,0.178,0.871,0
AST-ELE-208,Elevator,287,91,9.7,2,2.54,52.8,27.0,57.1,0.894,1.011,1.014,0
AST-WAT-439,Water Pump,1482,3,5.9,7,3.76,64.3,25.4,52.2,1.612,0.033,0.119,0
AST-MED-314,Medical,601,26,23.1,4,1.61,39.5,8.7,76.1,0.424,0.289,1.153,0
AST-HVA-406,HVAC,1003,171,63.9,6,5.51,61.4,31.3,39.4,2.257,1.9,1.911,0
AST-IT -971,IT Server,1838,125,1.3,9,2.68,55.2,18.0,59.1,0.984,1.389,0.021,0
AST-LAB-753,Lab Equipment,602,67,43.6,3,2.23,44.0,16.7,63.2,0.653,0.744,2.173,0
AST-GEN-483,Generator,1059,221,81.3,6,8.0,115.8,45.9,51.4,6.171,2.456,2.303,1
AST-HVA-613,HVAC,2263,61,1.0,14,3.13,53.6,26.4,68.5,1.119,0.678,0.013,0
AST-MED-743,Medical,1346,180,41.5,6,4.54,57.1,14.1,52.8,1.726,2.0,0.925,0
AST-WAT-212,Water Pump,2449,47,85.2,11,5.24,75.9,37.7,53.4,2.652,0.522,1.044,1
AST-HVA-409,HVAC,2253,124,103.9,13,3.95,66.1,24.6,69.1,1.739,1.378,1.383,1
AST-LAB-604,Lab Equipment,1595,213,12.0,9,5.75,77.1,23.8,43.2,2.957,2.367,0.226,1
AST-GEN-340,Generator,726,151,3.4,6,2.72,93.8,39.5,53.3,1.703,1.678,0.14,0
AST-IT -540,IT Server,1481,25,250.1,13,2.62,57.7,16.9,44.3,1.009,0.278,5.066,1
AST-IT -158,IT Server,709,88,0.7,8,1.36,46.3,16.8,37.2,0.42,0.978,0.03,0
AST-IT -781,IT Server,1217,111,10.3,5,2.43,67.3,18.0,36.6,1.091,1.233,0.254,0
AST-IT -441,IT Server,2092,202,117.0,6,6.1,72.0,25.0,39.9,2.931,2.244,1.678,1
AST-ELE-639,Elevator,2202,50,21.5,5,2.84,64.0,26.4,61.4,1.213,0.556,0.293,0
AST-IT -275,IT Server,1343,180,2.7,3,4.17,67.8,22.6,57.2,1.886,2.0,0.06,0
AST-WAT-589,Water Pump,582,104,8.8,1,3.01,66.9,36.1,57.1,1.344,1.156,0.454,0
AST-HVA-857,HVAC,2110,69,7.5,8,2.13,58.7,22.4,51.3,0.836,0.767,0.107,0
AST-GEN-774,Generator,2424,200,83.8,13,6.68,104.8,63.0,54.8,4.666,2.222,1.037,1
AST-MED-321,Medical,1336,189,72.0,6,5.01,62.6,18.4,54.0,2.089,2.1,1.617,1
AST-WAT-699,Water Pump,1634,44,47.1,12,3.48,74.8,34.6,23.9,1.735,0.489,0.865,0
AST-GEN-287,Generator,1465,3,20.1,11,3.09,80.7,46.7,43.3,1.66,0.033,0.412,0
AST-IT -287,IT Server,1474,187,155.7,12,5.49,70.7,20.9,65.0,2.585,2.078,3.169,1
AST-ELE-515,Elevator,718,194,24.5,4,4.58,72.1,35.3,55.0,2.202,2.156,1.024,0
AST-MED-557,Medical,734,142,27.3,5,3.14,52.3,11.6,40.2,1.095,1.578,1.116,0
AST-IT -878,IT Server,1061,226,3.8,3,5.3,77.0,29.1,45.6,2.722,2.511,0.107,1
AST-HVA-192,HVAC,724,203,16.5,4,5.08,89.4,35.2,61.8,3.027,2.256,0.684,1
AST-MED-189,Medical,1207,146,16.8,2,3.39,55.6,15.8,63.1,1.256,1.622,0.418,0
AST-IT -111,IT Server,85,156,0.3,2,2.9,61.5,23.7,57.5,1.186,1.733,0.106,0
AST-LAB-503,Lab Equipment,727,213,11.7,6,5.99,63.8,19.7,43.2,2.547,2.367,0.483,0
AST-HVA-237,HVAC,1708,103,56.0,7,3.15,73.0,26.7,44.9,1.534,1.144,0.984,1
AST-WAT-450,Water Pump,245,149,0.0,0,3.94,74.9,37.2,33.0,1.967,1.656,0.0,0
AST-GEN-289,Generator,303,123,1.7,1,3.86,72.5,49.7,47.4,1.863,1.367,0.168,0
AST-ELE-140,Elevator,106,184,0.0,0,4.07,68.8,26.3,45.3,1.868,2.044,0.0,0
AST-HVA-151,HVAC,375,148,7.5,1,3.96,67.8,22.8,46.8,1.79,1.644,0.6,0
AST-MED-881,Medical,852,138,90.3,7,3.4,57.0,11.3,57.8,1.294,1.533,3.18,0
AST-GEN-264,Generator,1250,215,9.0,9,7.28,104.8,50.9,31.8,5.084,2.389,0.216,1
AST-HVA-706,HVAC,940,98,5.1,7,0.97,48.4,26.0,43.3,0.314,1.089,0.163,0
AST-ELE-147,Elevator,1749,6,50.9,7,2.8,56.1,25.9,37.7,1.047,0.067,0.873,0
AST-GEN-572,Generator,2020,169,15.5,10,6.41,88.1,51.8,53.4,3.765,1.878,0.23,1
AST-LAB-387,Lab Equipment,1669,29,24.7,12,1.23,45.2,11.0,54.3,0.372,0.322,0.444,0
AST-ELE-528,Elevator,254,122,2.2,1,4.04,65.0,32.1,50.5,1.749,1.356,0.26,0
AST-WAT-232,Water Pump,1631,73,36.3,12,2.76,68.2,39.3,71.9,1.253,0.811,0.668,0
AST-IT -830,IT Server,1479,3,20.7,7,1.68,55.2,16.4,48.3,0.618,0.033,0.42,0
AST-MED-333,Medical,1926,45,9.4,10,1.71,40.2,7.9,39.3,0.459,0.5,0.146,0
AST-LAB-192,Lab Equipment,1851,212,55.0,14,5.79,71.7,22.8,32.6,2.765,2.356,0.891,1
AST-GEN-977,Generator,943,173,47.2,6,6.37,90.4,56.4,41.6,3.841,1.922,1.502,1
AST-WAT-302,Water Pump,1710,30,7.6,9,3.54,74.4,26.8,49.5,1.757,0.333,0.133,1
AST-WAT-732,Water Pump,1090,73,87.1,6,5.84,65.1,31.7,49.9,2.531,0.811,2.397,0
AST-LAB-406,Lab Equipment,592,52,14.4,1,1.51,52.0,15.5,47.4,0.522,0.578,0.73,0
AST-LAB-457,Lab Equipment,1160,231,12.0,3,5.96,73.6,23.8,51.3,2.925,2.567,0.31,1
AST-HVA-866,HVAC,835,118,22.7,5,3.71,58.4,24.4,44.3,1.443,1.311,0.816,0
AST-LAB-774,Lab Equipment,1620,134,96.4,5,4.5,71.5,18.5,77.2,2.146,1.489,1.785,1
AST-LAB-870,Lab Equipment,159,109,0.0,0,2.18,47.8,13.6,54.5,0.695,1.211,0.0,0
AST-GEN-909,Generator,1058,155,4.9,4,4.37,74.6,50.2,38.9,2.175,1.722,0.139,1
AST-IT -146,IT Server,1166,226,2.5,4,5.5,72.5,22.0,45.1,2.658,2.511,0.064,1
AST-HVA-584,HVAC,1372,220,30.4,4,5.96,82.8,33.8,55.7,3.29,2.444,0.665,1
AST-IT -663,IT Server,1837,6,60.3,8,1.94,61.8,16.4,54.0,0.798,0.067,0.985,0
AST-WAT-966,Water Pump,2055,159,16.1,10,5.69,88.5,47.1,47.7,3.359,1.767,0.235,1
AST-GEN-276,Generator,1257,179,212.7,8,5.34,101.6,35.5,47.4,3.615,1.989,5.076,1
AST-GEN-393,Generator,2325,57,83.5,21,3.35,89.8,49.1,41.8,2.007,0.633,1.077,1
AST-MED-890,Medical,1124,20,6.9,5,1.35,39.9,8.7,40.5,0.358,0.222,0.184,0
AST-GEN-324,Generator,1130,89,10.1,4,2.81,83.9,36.9,29.3,1.571,0.989,0.268,0
AST-MED-915,Medical,834,129,15.0,2,2.65,45.7,12.4,58.9,0.806,1.433,0.54,0
AST-IT -361,IT Server,1867,146,365.6,13,4.1,64.4,16.7,55.1,1.759,1.622,5.875,1
AST-HVA-269,HVAC,1500,224,192.2,7,7.46,102.4,33.6,36.4,5.09,2.489,3.844,1
AST-IT -478,IT Server,953,97,10.9,5,1.55,60.2,12.2,36.3,0.623,1.078,0.343,0
AST-GEN-528,Generator,2321,146,21.1,17,5.44,89.4,54.1,57.7,3.242,1.622,0.273,1
AST-ELE-578,Elevator,738,51,7.5,4,1.83,57.0,21.1,36.1,0.694,0.567,0.305,0
AST-ELE-823,Elevator,1120,17,26.9,3,4.3,72.0,27.8,54.2,2.062,0.189,0.721,0
AST-HVA-709,HVAC,1418,59,8.0,7,0.91,52.1,24.9,70.2,0.314,0.656,0.169,0
AST-MED-740,Medical,1311,124,105.8,8,3.11,53.9,10.0,29.4,1.119,1.378,2.421,0
AST-MED-278,Medical,404,101,4.1,3,1.53,32.7,10.3,52.1,0.334,1.122,0.304,0
AST-GEN-428,Generator,2446,155,18.3,8,3.63,76.8,57.6,46.1,1.86,1.722,0.224,1
AST-WAT-133,Water Pump,2412,200,15.5,16,7.14,97.5,46.9,61.5,4.645,2.222,0.193,1
AST-IT -179,IT Server,1102,173,4.6,6,3.66,61.4,22.5,53.3,1.496,1.922,0.125,0
AST-MED-600,Medical,1711,189,97.2,9,5.39,70.2,16.4,54.6,2.521,2.1,1.704,1
AST-GEN-566,Generator,2099,233,86.5,12,7.79,100.5,61.3,61.2,5.218,2.589,1.236,1
AST-MED-317,Medical,1902,14,22.2,6,2.1,46.9,9.1,42.1,0.657,0.156,0.35,0
AST-LAB-184,Lab Equipment,2250,193,10.9,19,5.21,67.9,19.4,70.8,2.361,2.144,0.145,1
AST-ELE-976,Elevator,1469,225,58.0,13,7.48,79.3,43.7,56.8,3.954,2.5,1.184,1
AST-LAB-969,Lab Equipment,1944,34,12.2,11,1.96,46.1,12.3,64.1,0.603,0.378,0.188,0
AST-LAB-873,Lab Equipment,987,104,6.7,3,1.75,41.9,13.3,55.0,0.49,1.156,0.204,0
AST-WAT-900,Water Pump,305,95,46.3,2,3.41,61.1,33.7,40.5,1.391,1.056,4.554,0
AST-ELE-189,Elevator,2157,96,154.6,11,3.63,62.7,26.6,81.5,1.516,1.067,2.15,0
AST-ELE-723,Elevator,2369,9,7.8,9,1.61,65.9,22.2,45.3,0.707,0.1,0.099,0
AST-GEN-563,Generator,1977,237,135.5,10,7.79,113.9,60.0,55.9,5.913,2.633,2.056,1
AST-IT -963,IT Server,480,3,21.6,1,1.51,50.4,10.7,59.5,0.507,0.033,1.35,0
AST-MED-442,Medical,197,179,0.0,0,3.49,56.7,17.8,62.8,1.319,1.989,0.0,0
AST-WAT-957,Water Pump,2332,99,40.8,12,3.67,75.3,38.5,32.5,1.844,1.1,0.525,1
AST-GEN-472,Generator,1717,193,71.3,8,7.38,97.6,52.3,30.0,4.806,2.144,1.246,1
AST-HVA-445,HVAC,179,59,3.5,2,1.54,53.0,22.8,64.6,0.543,0.656,0.587,0
AST-LAB-373,Lab Equipment,1770,152,84.9,14,4.4,62.8,18.2,38.6,1.844,1.689,1.439,1
AST-GEN-127,Generator,1653,124,3.1,7,3.14,88.2,55.7,52.8,1.843,1.378,0.056,0
AST-ELE-316,Elevator,121,210,12.2,1,5.76,64.2,35.2,52.1,2.465,2.333,3.025,1
AST-ELE-910,Elevator,522,141,15.5,4,4.27,79.3,30.6,39.1,2.255,1.567,0.891,0
AST-GEN-852,Generator,781,108,13.4,3,1.68,90.5,59.1,50.3,1.016,1.2,0.515,0
AST-WAT-586,Water Pump,2383,165,60.7,13,6.32,78.7,46.4,52.3,3.317,1.833,0.764,1
AST-HVA-729,HVAC,96,198,0.0,0,5.93,63.4,31.9,50.9,2.506,2.2,0.0,0
AST-IT -762,IT Server,2106,111,3.5,13,2.25,54.9,15.9,78.8,0.826,1.233,0.05,0
AST-IT -878,IT Server,1379,174,14.6,6,4.34,59.0,21.6,43.7,1.706,1.933,0.318,0
AST-WAT-147,Water Pump,1616,121,3.3,3,4.12,72.5,32.3,37.5,1.988,1.344,0.061,0
AST-IT -524,IT Server,867,78,41.9,6,1.51,53.9,15.6,50.0,0.542,0.867,1.45,0
AST-GEN-813,Generator,2139,178,24.4,9,5.73,87.3,49.8,46.4,3.337,1.978,0.342,1
AST-WAT-615,Water Pump,2002,103,171.4,13,4.32,70.5,31.5,39.7,2.028,1.144,2.568,1
AST-WAT-422,Water Pump,1351,218,17.1,5,6.68,93.5,47.8,79.4,4.163,2.422,0.38,1
AST-ELE-752,Elevator,1269,147,186.1,7,6.0,66.6,31.8,22.1,2.663,1.633,4.4,1
AST-WAT-220,Water Pump,1895,16,24.4,9,4.87,50.8,32.4,53.2,1.652,0.178,0.386,0
AST-WAT-674,Water Pump,1760,196,40.3,12,5.74,76.9,44.8,45.4,2.941,2.178,0.687,1
AST-HVA-658,HVAC,1674,175,7.3,6,5.01,70.2,27.2,62.1,2.345,1.944,0.131,0
AST-HVA-516,HVAC,1630,53,13.9,10,1.92,50.1,23.1,46.0,0.64,0.589,0.256,0
AST-HVA-880,HVAC,315,103,3.7,1,2.92,62.0,27.2,57.6,1.207,1.144,0.352,0
AST-IT -792,IT Server,90,122,0.0,0,1.57,52.5,14.4,79.6,0.548,1.356,0.0,0
AST-WAT-694,Water Pump,2411,46,44.6,13,3.13,76.9,34.5,49.8,1.607,0.511,0.555,0
AST-IT -959,IT Server,358,173,11.6,2,3.52,54.9,23.7,71.2,1.287,1.922,0.972,0
AST-WAT-649,Water Pump,684,126,13.3,7,5.15,62.8,35.0,69.5,2.156,1.4,0.583,1
AST-GEN-528,Generator,1352,227,8.5,5,6.82,95.5,61.9,59.2,4.341,2.522,0.189,1
AST-WAT-923,Water Pump,985,119,20.4,5,3.29,78.4,34.1,63.3,1.721,1.322,0.621,1
AST-ELE-106,Elevator,2216,109,5.8,17,2.51,60.3,32.1,60.1,1.009,1.211,0.079,0
AST-MED-725,Medical,1104,44,0.0,0,1.16,47.1,10.2,38.9,0.364,0.489,0.0,0
AST-MED-261,Medical,153,53,6.1,1,1.06,40.5,9.1,20.0,0.285,0.589,1.196,0
AST-IT -648,IT Server,990,227,15.1,9,5.55,71.2,23.5,61.6,2.635,2.522,0.458,1
AST-WAT-343,Water Pump,1368,78,5.7,4,3.09,63.8,28.9,40.9,1.316,0.867,0.125,0
AST-ELE-715,Elevator,108,29,8.9,2,2.3,58.3,26.7,56.8,0.895,0.322,2.472,0
AST-WAT-679,Water Pump,1744,116,81.5,12,3.87,84.1,33.0,43.7,2.169,1.289,1.402,1
AST-LAB-713,Lab Equipment,765,17,6.9,2,1.37,44.4,14.8,49.5,0.406,0.189,0.271,0
AST-WAT-651,Water Pump,1828,49,18.6,11,2.76,74.5,33.4,33.0,1.372,0.544,0.305,1
AST-MED-721,Medical,2202,42,84.6,12,3.09,52.6,8.5,48.7,1.083,0.467,1.153,0
AST-MED-337,Medical,2329,234,16.1,5,6.33,67.9,20.0,47.1,2.863,2.6,0.207,1
AST-WAT-384,Water Pump,1034,208,20.7,5,6.36,90.7,45.2,49.4,3.849,2.311,0.601,1
AST-GEN-901,Generator,338,120,0.0,0,3.8,71.2,42.3,61.4,1.803,1.333,0.0,0
AST-HVA-524,HVAC,1961,129,6.4,9,3.54,70.8,24.9,55.8,1.669,1.433,0.098,0
AST-HVA-495,HVAC,1573,165,9.4,7,4.14,75.2,34.4,53.1,2.076,1.833,0.179,1
AST-GEN-794,Generator,496,88,2.7,1,0.81,63.0,50.6,85.0,0.339,0.978,0.163,0
AST-IT -693,IT Server,242,27,0.0,0,0.94,38.1,16.8,62.6,0.24,0.3,0.0,0
AST-WAT-358,Water Pump,2409,236,90.1,12,9.16,96.9,42.4,38.6,5.921,2.622,1.122,1
AST-GEN-970,Generator,2123,24,0.7,10,1.67,62.8,44.4,41.6,0.698,0.267,0.01,0
AST-GEN-559,Generator,219,30,1.8,1,2.29,72.5,44.2,44.3,1.108,0.333,0.247,0
AST-IT -259,IT Server,1718,162,7.3,12,4.07,63.1,22.1,56.5,1.712,1.8,0.127,0
AST-LAB-149,Lab Equipment,863,8,17.9,6,2.24,51.5,10.7,37.2,0.77,0.089,0.622,0
AST-IT -132,IT Server,2150,164,91.0,13,4.74,69.1,18.1,44.2,2.184,1.822,1.27,1
AST-WAT-167,Water Pump,1890,41,13.6,12,2.94,72.4,33.9,44.5,1.418,0.456,0.216,0
AST-IT -269,IT Server,2490,107,46.9,13,2.74,52.7,18.7,36.1,0.963,1.189,0.565,0
AST-ELE-991,Elevator,1242,214,39.7,5,7.79,93.1,41.6,25.9,4.833,2.378,0.959,1
AST-IT -434,IT Server,153,170,0.0,0,3.44,66.7,19.3,57.0,1.529,1.889,0.0,0
AST-LAB-250,Lab Equipment,2144,130,90.7,13,3.67,58.8,14.7,52.9,1.441,1.444,1.269,0
AST-MED-678,Medical,783,165,36.3,3,3.89,57.1,13.2,74.9,1.48,1.833,1.391,0
AST-ELE-382,Elevator,393,20,35.4,3,3.7,64.3,29.1,51.5,1.584,0.222,2.702,0
AST-HVA-533,HVAC,2456,176,16.4,12,5.41,77.0,27.4,52.2,2.778,1.956,0.2,1
AST-IT -494,IT Server,481,44,11.7,2,0.83,48.7,14.9,51.4,0.268,0.489,0.73,0
AST-LAB-501,Lab Equipment,572,4,28.2,3,1.93,50.6,12.9,53.2,0.651,0.044,1.479,0
AST-IT -236,IT Server,98,62,0.0,0,0.68,46.7,14.6,36.5,0.21,0.689,0.0,0
AST-LAB-158,Lab Equipment,747,237,46.7,6,5.5,64.3,26.4,28.0,2.357,2.633,1.876,1
AST-ELE-370,Elevator,1179,69,25.6,5,1.69,59.8,30.5,53.3,0.675,0.767,0.651,0
AST-WAT-709,Water Pump,1592,162,35.2,7,6.06,75.6,44.8,50.0,3.052,1.8,0.663,1
AST-ELE-359,Elevator,1398,134,106.5,8,5.38,72.9,34.1,59.9,2.614,1.489,2.285,1
AST-LAB-106,Lab Equipment,362,46,0.0,0,0.93,44.2,10.7,62.7,0.274,0.511,0.0,0
AST-ELE-402,Elevator,614,77,8.9,2,1.96,55.6,30.0,35.3,0.725,0.856,0.435,0
AST-MED-320,Medical,1700,153,84.0,5,4.04,60.1,14.1,58.3,1.619,1.7,1.482,1
AST-HVA-259,HVAC,942,118,26.8,5,2.7,65.5,18.0,28.8,1.181,1.311,0.854,0
AST-HVA-287,HVAC,2288,233,274.3,27,8.7,86.9,37.4,67.7,5.043,2.589,3.597,1
AST-LAB-514,Lab Equipment,270,64,6.0,1,2.0,49.2,9.5,55.6,0.657,0.711,0.667,0
AST-ELE-879,Elevator,1868,1,55.5,12,2.92,57.6,28.2,55.0,1.12,0.011,0.891,0
AST-WAT-400,Water Pump,1022,97,4.8,8,1.51,71.6,36.4,38.2,0.718,1.078,0.141,0
AST-WAT-883,Water Pump,1292,11,19.2,8,2.76,59.6,35.8,68.3,1.098,0.122,0.446,0
AST-GEN-815,Generator,1770,66,117.5,13,4.02,83.6,42.7,58.6,2.242,0.733,1.992,1
AST-HVA-816,HVAC,2212,209,215.6,16,7.01,97.4,35.5,52.6,4.557,2.322,2.924,1
AST-MED-897,Medical,1170,174,13.3,2,4.2,56.1,16.9,26.2,1.571,1.933,0.341,1
AST-GEN-994,Generator,1668,212,26.6,15,6.2,95.5,63.5,46.1,3.947,2.356,0.478,1
AST-WAT-998,Water Pump,2119,140,101.8,14,5.8,91.9,33.6,80.1,3.554,1.556,1.441,1
AST-MED-995,Medical,2364,116,24.4,17,3.02,50.1,10.4,46.1,1.01,1.289,0.31,0
AST-GEN-630,Generator,1543,71,70.7,8,3.58,68.5,45.2,65.3,1.636,0.789,1.375,0
AST-LAB-520,Lab Equipment,653,51,0.0,0,2.17,44.6,9.7,46.3,0.646,0.567,0.0,0
AST-GEN-538,Generator,187,98,2.1,1,1.93,72.3,52.5,23.3,0.933,1.089,0.337,0
AST-LAB-718,Lab Equipment,2196,105,182.6,14,3.91,63.8,13.3,43.6,1.664,1.167,2.495,1
AST-HVA-232,HVAC,1557,149,84.5,11,5.44,68.1,26.5,41.2,2.466,1.656,1.628,1
AST-WAT-596,Water Pump,743,35,102.1,8,4.36,70.2,28.4,61.5,2.039,0.389,4.122,0
AST-MED-290,Medical,2178,100,11.0,9,1.99,44.0,8.7,67.0,0.583,1.111,0.152,0
AST-LAB-677,Lab Equipment,557,3,15.5,2,1.53,44.3,14.0,40.2,0.452,0.033,0.835,0
AST-LAB-174,Lab Equipment,1888,239,10.6,5,6.27,72.1,25.2,49.7,3.013,2.656,0.168,1
AST-LAB-281,Lab Equipment,804,229,7.5,3,5.55,80.8,24.3,28.0,2.989,2.544,0.28,1
AST-IT -704,IT Server,2490,169,75.0,9,4.34,75.7,22.1,58.4,2.191,1.878,0.904,1
AST-IT -854,IT Server,2500,203,66.5,11,5.68,79.4,23.9,51.0,3.003,2.256,0.798,1
AST-IT -353,IT Server,912,83,12.1,6,1.57,41.6,16.5,66.1,0.437,0.922,0.398,0
AST-ELE-588,Elevator,1667,143,7.8,9,4.8,79.2,36.5,79.7,2.533,1.589,0.14,1
AST-ELE-607,Elevator,1877,157,137.8,9,4.33,72.3,35.6,38.7,2.088,1.744,2.202,1
AST-WAT-544,Water Pump,80,78,0.0,0,0.94,63.1,33.4,50.5,0.396,0.867,0.0,0
AST-MED-637,Medical,737,13,35.0,3,2.04,43.8,7.8,43.3,0.595,0.144,1.425,0
AST-WAT-926,Water Pump,1060,230,19.7,1,7.3,92.7,40.3,48.2,4.511,2.556,0.558,1
AST-GEN-197,Generator,1370,52,16.3,15,3.44,58.9,57.8,57.8,1.352,0.578,0.357,0
AST-ELE-294,Elevator,2485,22,16.0,9,3.5,72.1,26.2,51.7,1.68,0.244,0.193,0
AST-GEN-512,Generator,70,8,3.9,1,0.87,59.9,45.4,51.3,0.346,0.089,1.671,1
AST-HVA-396,HVAC,1248,13,38.7,9,3.2,52.9,21.7,62.9,1.129,0.144,0.93,0
AST-ELE-815,Elevator,1940,239,7.3,8,6.78,97.4,42.0,72.7,4.403,2.656,0.113,1
AST-WAT-731,Water Pump,305,203,2.4,1,6.25,84.5,37.8,64.2,3.523,2.256,0.236,1
AST-ELE-777,Elevator,959,219,0.2,5,6.53,85.5,36.0,58.9,3.724,2.433,0.006,1
AST-MED-848,Medical,2340,19,45.2,18,2.03,45.8,9.8,74.5,0.62,0.211,0.579,0
AST-HVA-117,HVAC,866,133,14.0,6,4.61,65.2,25.8,49.2,2.006,1.478,0.485,0
AST-LAB-429,Lab Equipment,653,231,38.3,4,5.98,74.0,25.9,51.7,2.952,2.567,1.76,1
AST-IT -581,IT Server,572,9,9.9,1,1.01,38.7,17.2,75.6,0.261,0.1,0.519,0
AST-IT -545,IT Server,1370,214,3.8,6,5.29,71.5,26.4,46.1,2.523,2.378,0.083,1
AST-MED-263,Medical,584,76,14.7,1,1.38,35.3,6.9,44.8,0.326,0.844,0.755,0
AST-MED-735,Medical,649,15,26.0,5,0.9,39.3,7.3,54.1,0.236,0.167,1.202,0
AST-GEN-444,Generator,980,8,16.1,6,1.95,79.6,38.6,55.5,1.033,0.089,0.493,0
AST-LAB-536,Lab Equipment,1783,156,0.3,6,3.89,53.9,21.3,44.1,1.398,1.733,0.005,0
AST-HVA-737,HVAC,1099,144,5.4,2,2.56,62.9,32.5,69.5,1.073,1.6,0.147,0
AST-LAB-228,Lab Equipment,2358,212,38.4,11,6.59,70.8,24.4,39.0,3.109,2.356,0.489,1
AST-WAT-134,Water Pump,1545,103,76.8,11,5.94,46.7,35.2,56.7,1.848,1.144,1.491,0
AST-HVA-187,HVAC,1970,169,39.0,11,4.57,71.8,33.1,62.4,2.187,1.878,0.594,1
AST-ELE-102,Elevator,1867,158,52.1,12,6.18,74.6,33.0,53.7,3.075,1.756,0.837,1
AST-HVA-638,HVAC,1793,147,44.4,13,4.02,69.2,32.0,59.4,1.855,1.633,0.743,1
AST-LAB-256,Lab Equipment,1219,218,12.3,5,5.39,81.4,22.5,49.4,2.925,2.422,0.303,1
AST-MED-353,Medical,1288,126,10.7,5,2.65,45.5,12.0,72.4,0.803,1.4,0.249,0
AST-ELE-267,Elevator,1332,58,5.7,6,1.66,62.2,29.9,67.5,0.687,0.644,0.128,0
AST-ELE-298,Elevator,2004,170,110.8,16,7.34,76.8,26.6,56.4,3.756,1.889,1.659,1
AST-WAT-514,Water Pump,427,4,9.0,3,2.38,61.2,25.7,45.1,0.969,0.044,0.632,0
AST-LAB-607,Lab Equipment,834,165,32.3,4,3.54,58.8,17.2,50.3,1.387,1.833,1.162,0
AST-LAB-458,Lab Equipment,284,58,16.0,1,2.04,34.7,15.9,50.5,0.473,0.644,1.69,0
AST-WAT-689,Water Pump,764,12,2.6,2,1.22,58.9,29.9,49.2,0.48,0.133,0.102,0
AST-MED-953,Medical,2421,153,11.5,5,4.14,55.7,13.5,52.1,1.535,1.7,0.143,0
AST-IT -303,IT Server,2142,124,50.5,12,3.1,60.6,22.2,48.0,1.252,1.378,0.707,1
AST-LAB-141,Lab Equipment,807,77,72.3,7,2.07,48.5,9.9,30.0,0.671,0.856,2.688,0
AST-WAT-400,Water Pump,1301,71,61.5,8,2.29,70.2,33.2,64.4,1.07,0.789,1.418,0
AST-MED-663,Medical,30,200,5.7,1,4.69,58.8,16.5,53.6,1.837,2.222,5.7,0
AST-LAB-126,Lab Equipment,1848,192,18.2,14,5.44,62.8,21.8,30.7,2.277,2.133,0.295,0
AST-LAB-986,Lab Equipment,557,199,37.6,3,5.24,66.5,25.4,54.7,2.324,2.211,2.025,1
AST-HVA-105,HVAC,1956,106,32.4,8,2.87,50.3,17.8,44.8,0.964,1.178,0.497,0
AST-WAT-875,Water Pump,322,202,21.4,2,7.24,83.2,48.8,67.4,4.017,2.244,1.994,1
AST-HVA-804,HVAC,2312,219,41.7,13,6.7,80.5,29.5,64.2,3.592,2.433,0.541,1
AST-MED-191,Medical,2009,178,37.3,9,5.16,50.9,15.3,42.5,1.751,1.978,0.557,1
AST-ELE-270,Elevator,2234,152,24.0,10,5.18,69.4,35.0,45.7,2.396,1.689,0.322,1
AST-MED-460,Medical,1600,50,1.8,8,1.79,43.3,7.6,26.7,0.516,0.556,0.034,0
AST-HVA-719,HVAC,330,143,6.5,2,3.11,61.0,24.5,53.0,1.264,1.589,0.591,0
AST-IT -101,IT Server,1440,89,1.5,10,1.3,56.3,10.5,45.1,0.487,0.989,0.031,0
AST-HVA-846,HVAC,420,83,10.0,2,2.92,52.3,14.6,67.4,1.018,0.922,0.714,0
AST-LAB-366,Lab Equipment,1141,184,27.8,5,4.26,65.6,22.4,47.5,1.863,2.044,0.731,0
AST-LAB-785,Lab Equipment,1528,64,189.1,13,3.33,46.3,13.5,65.8,1.028,0.711,3.713,0
AST-HVA-507,HVAC,222,166,10.9,1,3.86,62.1,31.9,27.4,1.599,1.844,1.473,0
AST-LAB-102,Lab Equipment,237,73,8.4,2,0.75,39.7,10.4,59.1,0.197,0.811,1.063,0
AST-GEN-948,Generator,81,184,0.6,1,4.57,98.6,52.9,66.9,3.003,2.044,0.222,1
AST-MED-220,Medical,2240,71,26.6,19,2.52,48.7,9.2,73.5,0.819,0.789,0.356,0
AST-WAT-354,Water Pump,2266,39,78.2,10,3.77,89.0,33.1,32.2,2.236,0.433,1.035,1
AST-WAT-652,Water Pump,128,175,0.0,0,5.61,83.4,41.9,52.5,3.122,1.944,0.0,1
AST-LAB-503,Lab Equipment,686,197,36.1,4,4.94,60.3,18.6,50.2,1.987,2.189,1.579,0
AST-ELE-140,Elevator,1007,132,9.1,4,4.55,64.2,34.8,47.9,1.948,1.467,0.271,0
AST-WAT-657,Water Pump,2301,103,17.3,17,3.02,56.9,28.3,52.7,1.144,1.144,0.226,0
AST-MED-743,Medical,116,169,6.5,1,3.95,55.3,15.3,52.5,1.458,1.878,1.681,0
AST-IT -112,IT Server,650,101,1.7,3,1.33,44.9,14.4,67.2,0.398,1.122,0.078,0
AST-IT -814,IT Server,1414,24,2.4,6,1.21,45.5,14.2,53.0,0.368,0.267,0.051,0
AST-LAB-389,Lab Equipment,1821,182,7.4,9,4.82,60.6,21.0,36.7,1.949,2.022,0.122,0
AST-WAT-308,Water Pump,999,88,14.4,8,3.48,62.9,30.6,59.7,1.46,0.978,0.432,0
AST-GEN-304,Generator,257,239,5.2,2,7.54,112.7,66.4,42.4,5.666,2.656,0.607,1
AST-LAB-407,Lab Equipment,1109,218,25.7,4,5.67,78.6,20.6,35.0,2.972,2.422,0.695,1
AST-IT -154,IT Server,1799,125,27.0,4,2.94,46.6,17.6,51.6,0.915,1.389,0.45,0
AST-ELE-719,Elevator,2317,124,244.1,16,5.33,71.5,30.0,44.1,2.541,1.378,3.161,0
AST-HVA-710,HVAC,718,11,28.5,6,2.48,53.6,21.0,54.5,0.885,0.122,1.191,0
AST-ELE-220,Elevator,2485,180,62.1,13,4.85,84.7,35.3,32.5,2.741,2.0,0.75,1
AST-IT -959,IT Server,1185,222,15.0,8,5.05,81.4,26.6,47.0,2.742,2.467,0.38,1
AST-HVA-304,HVAC,624,208,0.6,1,4.26,76.8,33.9,64.0,2.182,2.311,0.029,1
AST-HVA-198,HVAC,1403,138,3.9,6,4.23,62.9,30.3,52.1,1.774,1.533,0.083,0
AST-MED-674,Medical,222,88,0.0,0,1.38,33.4,7.8,62.8,0.308,0.978,0.0,0
AST-LAB-346,Lab Equipment,793,169,40.0,4,4.38,69.3,18.7,36.4,2.024,1.878,1.513,1
AST-IT -771,IT Server,1681,9,64.6,8,2.15,45.1,15.6,62.3,0.647,0.1,1.153,0
AST-LAB-917,Lab Equipment,680,38,8.5,7,1.7,41.7,13.4,34.0,0.472,0.422,0.375,0
AST-GEN-715,Generator,1956,174,128.7,12,6.8,96.9,47.5,25.2,4.392,1.933,1.974,1
AST-LAB-379,Lab Equipment,1518,183,42.6,10,4.58,77.8,21.3,48.7,2.376,2.033,0.842,1
AST-LAB-843,Lab Equipment,262,222,2.1,1,5.69,78.4,24.4,60.9,2.976,2.467,0.24,1
AST-ELE-891,Elevator,593,236,72.5,5,7.28,101.0,40.0,55.0,4.904,2.622,3.668,1
AST-GEN-181,Generator,1847,193,13.5,4,5.09,95.8,36.0,78.5,3.252,2.144,0.219,1
AST-LAB-863,Lab Equipment,330,211,5.9,2,5.51,69.4,21.4,73.9,2.55,2.344,0.536,0
AST-MED-846,Medical,1028,148,40.1,5,3.5,57.2,14.5,36.1,1.335,1.644,1.17,0
AST-WAT-597,Water Pump,1617,105,22.0,9,2.99,58.0,34.4,47.7,1.155,1.167,0.408,0
AST-LAB-284,Lab Equipment,1046,84,165.8,7,2.66,49.6,8.8,56.9,0.881,0.933,4.755,0
AST-IT -484,IT Server,41,94,1.5,1,0.96,46.2,15.7,70.4,0.296,1.044,1.098,0
AST-HVA-241,HVAC,1604,19,90.0,8,3.45,70.5,25.0,31.5,1.621,0.211,1.683,0
AST-MED-116,Medical,561,96,10.1,4,2.17,46.6,8.4,46.1,0.674,1.067,0.54,0
AST-IT -559,IT Server,54,56,0.0,0,0.48,38.9,15.8,62.7,0.125,0.622,0.0,0
AST-IT -510,IT Server,228,85,9.0,1,1.0,39.6,14.7,40.2,0.263,0.944,1.184,0
AST-HVA-502,HVAC,998,11,4.2,3,2.73,43.8,23.2,56.4,0.795,0.122,0.126,0
AST-GEN-544,Generator,64,95,0.0,0,3.45,70.5,43.4,41.1,1.62,1.056,0.0,0
AST-ELE-643,Elevator,389,166,2.7,2,5.72,62.0,31.3,53.5,2.361,1.844,0.208,0
AST-MED-957,Medical,62,160,21.7,1,3.09,49.2,16.0,43.9,1.014,1.778,10.5,0
AST-HVA-111,HVAC,916,151,6.8,5,2.72,72.0,31.6,33.3,1.304,1.678,0.223,1
AST-HVA-268,HVAC,270,207,15.6,1,5.17,86.8,34.0,35.9,2.99,2.3,1.733,1
AST-ELE-129,Elevator,616,94,57.3,5,3.0,56.7,21.3,59.6,1.134,1.044,2.791,0
AST-IT -368,IT Server,1418,41,14.1,3,1.11,53.9,15.8,51.5,0.398,0.456,0.298,0
AST-WAT-571,Water Pump,1549,146,233.6,15,6.94,93.7,42.1,42.4,4.336,1.622,4.524,1
AST-IT -475,IT Server,977,220,0.6,8,5.07,71.5,25.3,65.9,2.413,2.444,0.018,1
AST-ELE-944,Elevator,794,101,29.5,5,2.66,65.8,35.1,66.7,1.17,1.122,1.115,0
AST-IT -833,IT Server,2214,111,69.5,19,2.99,61.3,12.7,38.2,1.221,1.233,0.942,1
AST-WAT-574,Water Pump,1458,235,10.2,9,6.51,102.0,47.3,51.2,4.429,2.611,0.21,1
AST-LAB-402,Lab Equipment,1347,66,50.8,7,2.1,56.8,14.9,53.0,0.793,0.733,1.131,0
AST-ELE-704,Elevator,591,12,8.2,4,1.71,57.0,32.8,65.7,0.649,0.133,0.416,0
AST-ELE-670,Elevator,1183,178,4.5,4,4.96,70.9,44.4,44.3,2.344,1.978,0.114,1
AST-MED-330,Medical,2134,24,67.2,7,2.28,47.6,8.5,62.2,0.724,0.267,0.945,0
AST-HVA-745,HVAC,2328,31,43.5,9,3.74,61.8,24.4,25.1,1.543,0.344,0.561,0
AST-IT -498,IT Server,1454,162,120.8,8,4.39,80.5,19.5,32.2,2.356,1.8,2.492,1
AST-GEN-390,Generator,1189,196,3.1,6,6.05,89.1,57.5,37.4,3.593,2.178,0.078,1
AST-LAB-260,Lab Equipment,717,153,35.0,3,3.89,52.8,18.3,60.1,1.369,1.7,1.464,0
AST-MED-252,Medical,535,127,12.9,1,2.97,46.6,11.7,38.2,0.922,1.411,0.723,0
AST-HVA-422,HVAC,1698,98,12.8,6,1.83,60.3,25.0,41.6,0.734,1.089,0.226,1
AST-WAT-518,Water Pump,450,208,7.7,1,4.17,93.8,46.6,52.2,2.606,2.311,0.513,1
AST-GEN-417,Generator,2249,109,261.3,17,5.68,76.7,49.5,43.4,2.903,1.211,3.486,1
AST-HVA-403,HVAC,1868,222,75.3,10,6.81,90.0,34.6,45.7,4.084,2.467,1.209,1
AST-WAT-531,Water Pump,1693,5,4.8,7,2.25,63.9,34.2,20.0,0.96,0.056,0.085,0
AST-MED-918,Medical,287,94,5.1,4,1.04,33.1,7.8,33.4,0.229,1.044,0.533,0
AST-HVA-172,HVAC,1563,51,44.7,8,2.57,55.9,23.9,24.7,0.959,0.567,0.858,0
AST-HVA-551,HVAC,973,174,68.5,5,4.14,67.6,23.2,67.3,1.864,1.933,2.112,0
AST-HVA-533,HVAC,2065,208,62.6,8,6.51,88.7,34.6,56.2,3.849,2.311,0.909,1
AST-LAB-155,Lab Equipment,1450,135,14.7,3,3.33,56.4,14.8,63.2,1.254,1.5,0.304,0
AST-HVA-482,HVAC,558,46,0.0,0,1.47,55.8,20.9,39.6,0.546,0.511,0.0,0
AST-HVA-314,HVAC,1034,152,32.0,3,4.28,69.8,26.4,41.8,1.992,1.689,0.928,1
AST-LAB-680,Lab Equipment,1116,15,19.8,4,1.44,50.4,11.5,28.0,0.483,0.167,0.532,0
AST-MED-849,Medical,1526,55,62.2,10,1.86,44.9,7.8,63.1,0.557,0.611,1.223,0
AST-WAT-427,Water Pump,1945,150,27.9,6,5.89,86.2,44.2,50.9,3.383,1.667,0.43,1
AST-ELE-571,Elevator,534,147,10.3,2,3.82,75.6,33.7,70.3,1.925,1.633,0.579,0
AST-HVA-876,HVAC,2179,164,50.4,13,4.61,76.4,29.9,50.8,2.346,1.822,0.694,1
AST-LAB-545,Lab Equipment,1260,217,7.6,5,5.93,73.1,24.4,55.3,2.891,2.411,0.181,1
AST-IT -319,IT Server,1789,85,2.3,11,1.42,41.1,12.1,45.9,0.389,0.944,0.039,0
AST-HVA-667,HVAC,992,50,3.9,8,0.74,66.7,21.3,44.8,0.328,0.556,0.118,0
AST-ELE-721,Elevator,2057,68,73.8,10,3.18,68.7,26.5,27.1,1.456,0.756,1.076,0
AST-IT -571,IT Server,1651,141,10.9,3,3.21,61.1,18.1,57.1,1.309,1.567,0.198,0
AST-MED-803,Medical,1949,13,63.5,11,2.77,40.2,9.5,57.8,0.743,0.144,0.977,0
AST-GEN-863,Generator,1988,217,36.5,16,6.27,83.0,47.2,49.9,3.47,2.411,0.551,1
AST-ELE-190,Elevator,2250,68,58.3,16,2.7,62.5,33.0,44.3,1.124,0.756,0.777,0
AST-HVA-925,HVAC,440,145,4.1,2,3.24,72.8,22.1,49.0,1.573,1.611,0.28,0
AST-HVA-717,HVAC,1504,111,21.8,11,2.72,63.8,23.0,25.5,1.156,1.233,0.435,0
AST-GEN-294,Generator,618,177,62.8,5,5.31,88.9,47.3,42.2,3.146,1.967,3.049,1
AST-ELE-590,Elevator,901,202,129.3,7,7.14,88.6,32.7,52.9,4.222,2.244,4.305,1
AST-GEN-679,Generator,1688,75,65.8,8,3.65,94.8,47.3,46.9,2.31,0.833,1.169,1
AST-GEN-989,Generator,2326,236,17.9,10,7.45,95.4,58.9,25.5,4.739,2.622,0.231,1
AST-GEN-881,Generator,701,209,69.6,5,6.93,93.9,51.5,52.6,4.339,2.322,2.979,1
AST-WAT-571,Water Pump,1570,159,119.9,13,6.0,86.8,30.3,32.0,3.471,1.767,2.291,1
AST-ELE-291,Elevator,1087,43,48.8,5,2.74,65.6,22.6,42.4,1.2,0.478,1.347,0
AST-GEN-736,Generator,683,58,14.4,4,2.1,85.3,54.7,49.1,1.193,0.644,0.633,0
AST-WAT-446,Water Pump,606,12,0.0,0,2.37,76.9,27.5,42.3,1.216,0.133,0.0,0
AST-ELE-286,Elevator,118,148,0.0,0,4.03,58.8,39.1,44.8,1.581,1.644,0.0,0
AST-ELE-100,Elevator,297,109,3.1,1,2.59,51.5,30.2,49.7,0.888,1.211,0.313,0
AST-GEN-879,Generator,747,133,36.3,3,5.29,88.2,47.9,48.6,3.11,1.478,1.458,1
AST-GEN-317,Generator,1246,127,48.9,11,5.91,84.3,54.9,33.5,3.318,1.411,1.177,1
AST-IT -705,IT Server,2181,39,56.7,8,1.87,46.5,13.1,57.0,0.579,0.433,0.78,0
AST-HVA-918,HVAC,2009,85,259.1,16,3.68,72.2,20.6,43.6,1.773,0.944,3.869,1
AST-WAT-186,Water Pump,1374,216,6.5,4,7.58,88.5,38.3,31.9,4.469,2.4,0.142,1
AST-MED-229,Medical,1623,15,7.6,14,1.76,42.8,6.9,48.5,0.5,0.167,0.14,0
AST-LAB-431,Lab Equipment,1817,146,34.8,6,3.5,67.6,14.6,32.6,1.575,1.622,0.575,0
AST-IT -171,IT Server,856,142,4.1,2,2.72,67.2,15.7,60.1,1.219,1.578,0.144,0
AST-HVA-130,HVAC,45,184,0.0,0,5.55,66.5,31.1,48.5,2.462,2.044,0.0,0
AST-WAT-391,Water Pump,1037,55,18.2,4,1.52,65.3,32.7,57.3,0.664,0.611,0.527,0
AST-GEN-892,Generator,1801,161,83.6,9,5.8,94.3,48.7,60.6,3.649,1.789,1.393,1
AST-GEN-231,Generator,2048,116,79.7,10,4.69,74.6,52.2,53.0,2.33,1.289,1.167,1
AST-GEN-308,Generator,338,107,12.5,2,2.95,78.7,53.9,48.5,1.546,1.189,1.109,0
AST-IT -816,IT Server,168,102,3.0,1,1.11,45.2,18.8,77.1,0.333,1.133,0.536,0
AST-MED-847,Medical,1988,8,11.0,12,1.82,45.5,6.2,29.4,0.553,0.089,0.166,0
AST-LAB-103,Lab Equipment,879,143,39.0,6,3.36,46.2,16.6,40.5,1.033,1.589,1.331,0
AST-GEN-487,Generator,171,86,8.0,1,1.98,72.1,48.2,49.6,0.951,0.956,1.404,0
AST-GEN-738,Generator,2092,204,70.2,12,6.53,94.2,53.9,51.4,4.101,2.267,1.007,1
AST-ELE-394,Elevator,377,187,6.1,1,5.79,73.8,37.9,56.2,2.85,2.078,0.485,0
AST-ELE-584,Elevator,1248,187,21.1,12,5.21,88.0,36.6,60.5,3.056,2.078,0.507,1
AST-LAB-376,Lab Equipment,105,173,0.4,1,4.0,67.4,18.0,56.6,1.797,1.922,0.114,0
AST-LAB-584,Lab Equipment,1532,130,91.9,7,3.43,59.3,16.9,38.7,1.357,1.444,1.8,1
AST-LAB-530,Lab Equipment,594,96,0.4,1,1.56,47.4,12.0,47.4,0.495,1.067,0.02,0
AST-HVA-962,HVAC,1790,213,24.6,11,5.4,90.0,29.1,59.4,3.239,2.367,0.412,1
AST-WAT-140,Water Pump,1033,181,8.8,7,5.71,75.1,35.5,42.3,2.859,2.011,0.256,1
AST-WAT-620,Water Pump,1491,163,96.5,10,8.03,93.5,40.7,47.5,5.007,1.811,1.942,1
AST-WAT-513,Water Pump,1104,106,8.7,6,3.32,66.5,38.7,35.0,1.475,1.178,0.236,0
AST-MED-687,Medical,1864,69,367.4,12,2.74,55.7,9.5,61.6,1.017,0.767,5.913,1
AST-LAB-761,Lab Equipment,2431,54,25.7,17,2.19,47.4,10.0,59.5,0.693,0.6,0.317,0
AST-GEN-701,Generator,2367,174,28.2,12,4.9,98.0,58.8,49.5,3.204,1.933,0.357,1
AST-IT -958,IT Server,2248,182,17.3,11,4.83,72.5,21.4,36.7,2.333,2.022,0.231,1
AST-IT -908,IT Server,346,66,7.2,2,0.87,39.8,13.9,78.7,0.231,0.733,0.624,0
AST-ELE-618,Elevator,1780,9,15.9,13,2.72,64.4,31.4,48.8,1.17,0.1,0.268,0
AST-IT -422,IT Server,1314,4,17.8,4,1.37,51.9,16.6,53.5,0.474,0.044,0.406,0
AST-IT -819,IT Server,880,37,1.6,7,0.8,48.8,14.5,47.9,0.259,0.411,0.055,0
AST-WAT-993,Water Pump,1817,76,107.9,13,4.57,77.8,39.4,51.5,2.368,0.844,1.782,1
AST-GEN-863,Generator,941,152,23.9,9,4.88,82.8,66.1,49.6,2.692,1.689,0.762,1
AST-LAB-203,Lab Equipment,565,26,21.4,4,1.72,40.6,12.9,68.2,0.466,0.289,1.136,0
AST-IT -699,IT Server,2215,207,69.0,17,5.82,74.8,27.8,20.0,2.901,2.3,0.935,1
AST-ELE-987,Elevator,457,85,15.2,3,2.59,57.8,25.1,64.6,0.998,0.944,0.998,0
AST-IT -447,IT Server,963,65,8.3,7,1.21,50.1,16.5,20.0,0.404,0.722,0.259,0
AST-ELE-174,Elevator,777,176,0.6,1,3.96,80.5,32.0,51.3,2.125,1.956,0.023,0
AST-ELE-815,Elevator,699,36,2.1,7,2.14,63.0,27.9,70.0,0.896,0.4,0.09,0
AST-WAT-705,Water Pump,2205,181,160.2,9,6.22,93.8,44.8,55.1,3.89,2.011,2.18,1
AST-LAB-407,Lab Equipment,737,212,8.6,3,5.61,65.3,23.5,70.5,2.44,2.356,0.35,0
AST-ELE-265,Elevator,1426,102,204.7,8,5.19,74.5,28.4,51.2,2.576,1.133,4.306,1
AST-ELE-616,Elevator,2043,17,8.9,14,1.9,64.5,20.5,53.7,0.818,0.189,0.131,0
AST-WAT-613,Water Pump,2185,37,24.3,7,2.23,64.0,36.0,45.0,0.952,0.411,0.334,0
AST-GEN-309,Generator,1874,135,60.7,15,3.61,88.7,43.4,39.1,2.133,1.5,0.972,1
AST-ELE-594,Elevator,266,85,2.6,1,1.6,61.3,29.5,52.0,0.656,0.944,0.293,0
AST-WAT-397,Water Pump,306,100,0.0,0,1.91,52.7,33.2,49.4,0.67,1.111,0.0,0
AST-LAB-814,Lab Equipment,345,188,46.9,3,4.47,70.6,21.2,40.3,2.105,2.089,4.078,1
AST-ELE-361,Elevator,2387,165,136.3,9,7.27,85.2,35.8,38.3,4.128,1.833,1.713,1
AST-MED-578,Medical,2385,154,36.2,6,3.55,61.4,15.7,51.7,1.453,1.711,0.455,0
AST-WAT-377,Water Pump,1633,7,12.3,13,3.12,68.2,33.5,72.0,1.418,0.078,0.226,0
AST-MED-627,Medical,1784,176,34.2,13,4.59,61.5,15.4,60.6,1.884,1.956,0.575,1
AST-MED-680,Medical,1614,50,2.3,7,2.14,43.2,7.1,50.8,0.617,0.556,0.043,0
AST-IT -347,IT Server,45,220,0.0,0,5.02,74.0,22.1,40.6,2.477,2.444,0.0,0
AST-LAB-257,Lab Equipment,854,102,48.4,5,2.78,42.9,12.5,55.0,0.795,1.133,1.7,0
AST-HVA-959,HVAC,2254,16,25.3,8,2.99,71.3,23.8,39.4,1.422,0.178,0.337,0
AST-GEN-527,Generator,372,99,14.0,1,2.5,70.5,33.4,50.5,1.173,1.1,1.129,0
AST-HVA-201,HVAC,1744,83,17.7,7,2.41,60.8,17.5,76.7,0.978,0.922,0.304,0
AST-MED-850,Medical,1871,176,11.4,3,3.93,63.4,16.1,71.6,1.66,1.956,0.183,0
AST-MED-438,Medical,2074,171,163.8,11,5.58,64.7,14.9,52.9,2.406,1.9,2.369,1
AST-LAB-430,Lab Equipment,1372,193,35.1,7,5.18,70.7,23.2,55.4,2.441,2.144,0.767,0
AST-LAB-460,Lab Equipment,439,45,18.3,3,1.45,38.1,17.4,69.2,0.37,0.5,1.251,0
AST-LAB-381,Lab Equipment,53,2,0.0,0,1.17,52.2,14.5,47.3,0.406,0.022,0.0,0
AST-IT -557,IT Server,1412,134,54.9,5,3.35,67.4,20.2,38.6,1.505,1.489,1.166,0
AST-LAB-927,Lab Equipment,2204,220,13.4,10,5.1,77.9,24.7,44.4,2.646,2.444,0.182,1
AST-ELE-158,Elevator,1493,19,223.2,13,4.04,72.3,28.5,64.0,1.947,0.211,4.485,1
AST-MED-361,Medical,1361,28,93.2,12,2.5,45.5,7.8,69.4,0.759,0.311,2.054,0
AST-MED-982,Medical,1269,67,3.1,3,1.32,38.4,7.0,46.7,0.338,0.744,0.073,0
AST-IT -702,IT Server,1964,239,120.9,11,7.24,90.2,23.3,46.8,4.354,2.656,1.847,1
AST-GEN-920,Generator,856,52,186.2,8,4.49,88.1,44.9,44.8,2.638,0.578,6.526,1
AST-IT -536,IT Server,99,132,0.5,1,1.7,62.6,18.6,42.8,0.71,1.467,0.152,0
AST-WAT-425,Water Pump,1954,223,11.3,6,6.04,90.9,38.4,43.3,3.661,2.478,0.173,1
AST-HVA-563,HVAC,111,63,4.7,1,2.7,56.4,17.7,57.4,1.013,0.7,1.27,0
AST-HVA-737,HVAC,1251,208,30.9,8,6.14,90.0,32.2,31.1,3.68,2.311,0.741,1
AST-GEN-317,Generator,2129,165,344.3,13,8.1,91.4,49.5,49.8,4.939,1.833,4.852,1
AST-GEN-146,Generator,1393,188,102.2,12,5.48,101.3,55.3,61.8,3.701,2.089,2.201,1
AST-IT -853,IT Server,2220,58,39.9,3,1.98,52.3,11.7,51.8,0.692,0.644,0.539,0
AST-IT -895,IT Server,1168,192,23.3,6,4.71,69.9,27.9,33.0,2.195,2.133,0.598,1
AST-MED-784,Medical,2399,4,43.0,9,2.07,53.2,6.1,44.7,0.735,0.044,0.538,0
AST-LAB-753,Lab Equipment,301,211,4.3,1,5.85,65.9,21.3,56.8,2.574,2.344,0.429,0
AST-IT -596,IT Server,2388,225,60.2,13,5.95,73.4,29.6,32.0,2.909,2.5,0.756,1
AST-WAT-379,Water Pump,1408,40,13.1,8,3.26,71.2,39.1,46.8,1.549,0.444,0.279,0
AST-HVA-314,HVAC,1515,100,73.0,7,4.51,61.0,31.8,63.5,1.836,1.111,1.446,0
AST-IT -113,IT Server,1253,82,3.9,7,1.05,53.0,14.6,40.0,0.371,0.911,0.093,0
AST-LAB-309,Lab Equipment,1479,193,109.1,10,6.73,71.8,24.6,48.1,3.225,2.144,2.213,1
AST-WAT-807,Water Pump,2045,77,116.6,13,3.97,72.7,28.1,81.9,1.924,0.856,1.711,0
AST-HVA-686,HVAC,1348,128,22.4,9,3.41,52.9,28.0,39.3,1.204,1.422,0.499,0
AST-GEN-686,Generator,1058,174,31.9,7,6.29,88.9,48.4,71.5,3.724,1.933,0.905,1
AST-MED-698,Medical,2276,12,15.6,13,2.08,40.8,8.5,29.7,0.565,0.133,0.206,0
AST-LAB-101,Lab Equipment,720,184,58.0,5,4.83,67.7,18.2,28.9,2.178,2.044,2.417,1
AST-MED-250,Medical,211,206,10.5,1,5.25,64.4,17.9,56.5,2.252,2.289,1.493,1
AST-HVA-462,HVAC,2202,154,83.1,12,4.38,78.0,23.2,33.2,2.278,1.711,1.132,0
AST-GEN-440,Generator,2162,72,97.6,9,4.53,75.7,42.2,69.8,2.288,0.8,1.354,1
AST-WAT-117,Water Pump,1949,49,7.1,11,3.83,53.2,33.1,46.5,1.359,0.544,0.109,0
AST-GEN-141,Generator,961,25,27.0,6,3.38,64.3,41.6,37.7,1.447,0.278,0.843,0
AST-LAB-780,Lab Equipment,1913,121,44.2,6,3.33,49.8,19.2,49.0,1.105,1.344,0.693,0
AST-LAB-571,Lab Equipment,1515,157,20.2,10,4.42,59.3,17.7,39.4,1.749,1.744,0.4,0
AST-HVA-772,HVAC,1294,18,21.8,5,2.03,51.9,19.6,53.1,0.7,0.2,0.505,0
AST-LAB-855,Lab Equipment,1124,233,11.2,5,5.28,76.9,23.4,45.3,2.707,2.589,0.299,1
AST-ELE-262,Elevator,855,1,20.2,4,3.7,58.1,26.4,58.1,1.435,0.011,0.709,0
AST-WAT-841,Water Pump,558,215,17.3,5,6.83,91.4,40.9,64.6,4.158,2.389,0.93,1
AST-WAT-756,Water Pump,2159,224,119.5,15,6.46,87.8,41.6,53.2,3.781,2.489,1.66,1
AST-IT -925,IT Server,1162,28,44.4,17,1.81,53.0,14.5,61.9,0.639,0.311,1.146,0
AST-GEN-350,Generator,930,44,2.6,3,1.56,67.2,52.3,46.4,0.698,0.489,0.084,0
AST-LAB-131,Lab Equipment,1506,185,4.7,7,4.4,76.5,21.2,57.0,2.243,2.056,0.094,0
AST-ELE-737,Elevator,1176,43,141.6,11,3.62,67.4,28.6,43.9,1.628,0.478,3.612,1
AST-WAT-592,Water Pump,1228,238,44.5,5,7.02,107.3,49.9,42.0,5.027,2.644,1.087,1
AST-HVA-969,HVAC,1846,50,14.5,11,2.92,64.0,19.2,49.0,1.247,0.556,0.236,0
AST-LAB-512,Lab Equipment,774,216,2.8,1,5.39,68.4,25.2,70.0,2.457,2.4,0.109,0
AST-ELE-757,Elevator,384,96,7.6,2,3.69,70.8,30.4,43.6,1.74,1.067,0.594,0
AST-WAT-642,Water Pump,399,120,18.7,2,4.69,65.5,32.4,54.5,2.049,1.333,1.406,0
AST-GEN-401,Generator,630,227,12.5,3,6.54,94.0,57.9,36.2,4.101,2.522,0.595,1
AST-MED-941,Medical,1422,145,68.8,13,4.2,54.1,13.5,42.2,1.516,1.611,1.451,1
AST-IT -661,IT Server,2461,215,75.5,9,6.31,76.6,23.8,59.9,3.222,2.389,0.92,1
AST-LAB-256,Lab Equipment,994,35,4.3,4,1.92,55.7,15.3,44.4,0.712,0.389,0.13,0
AST-GEN-325,Generator,1970,31,20.8,13,2.76,76.0,57.9,54.0,1.401,0.344,0.317,0
AST-IT -693,IT Server,140,39,6.5,1,0.94,51.1,18.3,61.3,0.321,0.433,1.393,0
AST-GEN-582,Generator,2377,15,168.1,15,6.62,72.5,33.1,59.8,3.202,0.167,2.122,1
AST-WAT-915,Water Pump,1784,81,30.3,8,3.74,61.1,40.1,41.2,1.522,0.9,0.51,0
AST-WAT-918,Water Pump,2250,161,26.0,11,5.59,79.0,40.7,35.9,2.946,1.789,0.347,1
AST-HVA-787,HVAC,2291,72,46.8,10,2.91,38.9,21.5,65.2,0.753,0.8,0.613,0
AST-LAB-694,Lab Equipment,1352,181,65.1,12,4.66,70.5,19.6,55.1,2.187,2.011,1.445,1
AST-ELE-910,Elevator,1853,108,181.4,15,3.95,72.1,28.2,49.0,1.901,1.2,2.937,1
AST-MED-307,Medical,2460,135,11.6,16,2.98,54.4,11.4,67.3,1.082,1.5,0.141,1
AST-WAT-999,Water Pump,2260,139,90.5,7,5.66,98.6,38.9,44.2,3.723,1.544,1.201,1
AST-HVA-963,HVAC,1883,192,11.2,10,6.35,76.8,30.4,54.2,3.252,2.133,0.178,1
AST-IT -167,IT Server,1474,150,134.3,14,4.11,67.0,18.7,57.0,1.834,1.667,2.733,1
AST-LAB-716,Lab Equipment,267,143,2.7,1,2.85,47.2,17.2,41.3,0.899,1.589,0.303,0
AST-MED-622,Medical,1629,43,215.2,8,2.86,44.4,10.7,55.0,0.848,0.478,3.963,1
AST-IT -315,IT Server,2100,68,28.3,11,1.66,40.4,17.4,56.7,0.448,0.756,0.404,0
AST-LAB-520,Lab Equipment,871,135,11.9,6,3.26,48.1,17.6,80.3,1.046,1.5,0.41,0
AST-GEN-117,Generator,1991,103,22.9,12,2.53,84.2,37.2,62.1,1.422,1.144,0.345,1
AST-GEN-707,Generator,1664,175,1.8,5,6.3,92.1,58.8,47.2,3.868,1.944,0.032,1
AST-HVA-746,HVAC,2498,8,77.6,12,3.74,51.0,21.9,42.2,1.27,0.089,0.932,0
AST-MED-855,Medical,391,141,20.4,2,2.51,48.0,12.6,41.9,0.802,1.567,1.565,0
AST-IT -202,IT Server,663,238,3.2,3,5.55,74.8,29.6,38.2,2.769,2.644,0.145,1
AST-WAT-652,Water Pump,2172,165,74.5,14,6.15,86.0,37.7,55.2,3.523,1.833,1.029,1
AST-ELE-902,Elevator,432,131,73.8,3,3.06,71.1,31.5,49.1,1.45,1.456,5.125,0
AST-WAT-927,Water Pump,138,167,9.1,1,5.03,64.4,44.3,60.9,2.157,1.856,1.978,0
AST-HVA-511,HVAC,1619,184,4.0,11,4.63,78.2,26.1,48.6,2.411,2.044,0.074,0
AST-IT -137,IT Server,515,13,3.1,5,0.92,40.4,16.3,44.5,0.247,0.144,0.181,0
AST-GEN-324,Generator,2000,200,2.4,11,6.26,90.8,53.2,24.8,3.789,2.222,0.036,1
AST-IT -247,IT Server,1617,142,2.3,7,2.78,53.0,22.4,29.2,0.983,1.578,0.043,0
AST-GEN-329,Generator,1155,232,126.4,7,7.64,116.8,51.1,38.0,5.948,2.578,3.283,1
AST-ELE-969,Elevator,1818,170,17.5,7,3.67,78.2,38.7,44.9,1.915,1.889,0.289,1
AST-LAB-147,Lab Equipment,1023,183,56.4,7,4.76,54.7,21.9,65.7,1.737,2.033,1.654,1
AST-LAB-602,Lab Equipment,1373,118,12.5,9,3.08,52.7,14.3,45.2,1.08,1.311,0.273,0
AST-LAB-982,Lab Equipment,2154,201,98.3,8,6.42,90.1,19.0,40.8,3.855,2.233,1.369,1
AST-GEN-295,Generator,1415,91,81.4,8,3.07,68.2,42.1,51.9,1.398,1.011,1.726,0
AST-HVA-919,HVAC,2024,114,84.0,15,4.93,50.4,25.5,42.1,1.658,1.267,1.245,1
AST-HVA-884,HVAC,729,216,9.6,2,5.88,80.7,30.3,48.7,3.16,2.4,0.395,1
AST-GEN-202,Generator,1352,85,30.9,11,3.36,68.4,50.9,45.5,1.533,0.944,0.686,0
AST-HVA-797,HVAC,1333,113,6.2,7,3.27,64.8,29.5,48.8,1.412,1.256,0.14,0
AST-HVA-466,HVAC,550,165,6.8,4,4.48,65.9,27.3,57.3,1.966,1.833,0.371,1
AST-LAB-732,Lab Equipment,941,133,35.1,4,3.06,48.3,13.8,65.1,0.985,1.478,1.119,0
AST-WAT-386,Water Pump,1108,12,85.7,7,4.57,76.7,33.7,48.4,2.333,0.133,2.32,1
AST-IT -650,IT Server,887,27,23.8,3,1.14,41.2,12.8,64.1,0.312,0.3,0.805,0
AST-MED-165,Medical,1293,228,1.5,5,6.1,63.6,19.0,29.5,2.587,2.533,0.035,1
AST-HVA-767,HVAC,449,193,9.6,3,5.68,77.1,31.0,44.2,2.92,2.144,0.641,1
AST-GEN-763,Generator,1351,218,34.2,7,5.92,94.4,41.2,50.0,3.729,2.422,0.759,1
AST-LAB-648,Lab Equipment,1848,30,132.3,12,2.79,50.2,10.7,49.2,0.934,0.333,2.148,0
AST-WAT-502,Water Pump,2216,155,40.0,17,3.59,76.5,35.4,28.9,1.832,1.722,0.542,1
AST-HVA-696,HVAC,1823,225,67.1,10,7.46,99.9,36.8,62.8,4.967,2.5,1.104,1
AST-IT -557,IT Server,2232,14,48.6,17,2.7,47.7,18.0,39.8,0.858,0.156,0.653,0
AST-GEN-337,Generator,1269,206,215.7,8,8.08,110.9,70.5,29.1,5.977,2.289,5.099,1
AST-MED-465,Medical,1776,132,31.5,7,3.25,57.5,12.6,46.5,1.247,1.467,0.532,0
AST-LAB-584,Lab Equipment,2383,208,82.9,20,6.14,67.9,21.3,44.0,2.779,2.311,1.044,1
AST-WAT-337,Water Pump,1763,186,2.6,9,5.47,90.9,39.7,32.2,3.316,2.067,0.044,1
AST-MED-933,Medical,118,17,0.0,0,1.07,34.2,6.4,59.6,0.244,0.189,0.0,0
AST-GEN-727,Generator,1337,123,52.6,11,3.4,83.3,37.1,54.3,1.892,1.367,1.18,1
AST-LAB-618,Lab Equipment,883,223,0.9,2,5.77,71.3,21.1,63.5,2.742,2.478,0.031,1
AST-IT -610,IT Server,1529,116,56.7,10,2.85,59.5,13.5,58.4,1.133,1.289,1.112,0
AST-GEN-715,Generator,633,170,13.8,6,5.24,81.9,47.8,58.4,2.863,1.889,0.654,1
AST-HVA-621,HVAC,1641,144,2.2,16,3.28,73.0,26.1,47.0,1.595,1.6,0.04,0
AST-GEN-827,Generator,184,35,19.3,2,2.66,68.9,63.2,41.8,1.224,0.389,3.147,0
AST-HVA-439,HVAC,2320,95,127.1,16,3.34,55.9,20.1,44.3,1.243,1.056,1.644,0
AST-ELE-411,Elevator,700,211,19.1,3,5.36,77.6,41.6,67.4,2.772,2.344,0.819,1
AST-GEN-407,Generator,400,97,2.3,2,2.06,83.7,45.8,32.7,1.148,1.078,0.172,0
AST-ELE-481,Elevator,312,141,20.5,2,3.78,62.9,28.2,65.6,1.585,1.567,1.971,0
AST-ELE-360,Elevator,2231,64,2.9,11,2.31,63.2,29.3,55.0,0.974,0.711,0.039,0
AST-WAT-498,Water Pump,128,120,46.4,2,3.29,64.5,35.8,27.7,1.417,1.333,10.875,0
AST-MED-398,Medical,1604,217,13.3,12,5.04,74.5,17.4,46.5,2.506,2.411,0.249,1
AST-MED-498,Medical,753,187,7.6,4,4.19,56.5,15.0,44.8,1.58,2.078,0.303,0
AST-ELE-747,Elevator,2374,92,86.0,15,3.11,79.9,37.3,33.7,1.655,1.022,1.087,1
AST-ELE-184,Elevator,2024,69,49.7,8,2.74,78.4,28.1,62.8,1.431,0.767,0.737,0
AST-IT -217,IT Server,1769,17,18.2,10,1.75,52.8,14.1,44.7,0.616,0.189,0.309,0
AST-MED-113,Medical,691,230,5.8,5,5.27,66.3,19.4,46.2,2.328,2.556,0.252,1
AST-IT -780,IT Server,415,104,30.7,3,1.74,48.0,13.0,60.8,0.556,1.156,2.219,0
AST-HVA-761,HVAC,1204,229,7.9,4,6.61,76.0,30.8,38.4,3.349,2.544,0.197,0
AST-GEN-906,Generator,1258,215,17.3,8,7.07,88.5,64.4,65.7,4.17,2.389,0.413,1
AST-LAB-495,Lab Equipment,269,181,27.3,4,4.67,64.8,24.1,45.4,2.018,2.011,3.045,0
AST-WAT-675,Water Pump,863,178,28.2,5,7.01,80.2,34.7,59.0,3.747,1.978,0.98,1
AST-LAB-394,Lab Equipment,135,189,0.0,0,4.47,53.3,22.7,51.2,1.588,2.1,0.0,0
AST-IT -929,IT Server,543,138,39.3,7,2.95,60.6,17.6,31.6,1.194,1.533,2.171,0
AST-ELE-752,Elevator,1018,52,6.1,5,3.63,64.9,25.5,45.8,1.571,0.578,0.18,0
AST-HVA-931,HVAC,650,109,68.8,4,3.43,59.5,22.9,51.2,1.361,1.211,3.175,0
AST-ELE-456,Elevator,151,148,0.0,0,3.38,81.6,28.4,56.0,1.837,1.644,0.0,0
AST-IT -493,IT Server,796,30,7.4,6,1.22,42.1,16.1,52.3,0.341,0.333,0.279,0
AST-GEN-525,Generator,1574,116,1.5,13,3.92,82.9,36.2,52.8,2.17,1.289,0.029,0
AST-IT -864,IT Server,1576,107,199.2,12,3.01,62.9,17.6,31.6,1.261,1.189,3.792,1
AST-HVA-101,HVAC,601,81,7.6,3,2.47,52.6,21.0,38.5,0.869,0.9,0.379,0
AST-GEN-384,Generator,742,208,7.7,4,5.38,105.6,50.0,32.0,3.789,2.311,0.311,0
AST-HVA-237,HVAC,554,35,65.6,6,1.67,59.8,17.7,26.1,0.667,0.389,3.552,0
AST-GEN-375,Generator,2440,140,162.9,16,6.81,86.6,55.0,46.6,3.93,1.556,2.003,1
AST-GEN-842,Generator,1822,109,6.6,7,3.0,81.5,37.3,53.4,1.632,1.211,0.109,0
AST-LAB-599,Lab Equipment,1496,159,42.4,7,4.17,52.4,18.1,30.9,1.454,1.767,0.85,0
AST-HVA-585,HVAC,1882,158,56.9,13,4.55,72.5,21.1,62.2,2.197,1.756,0.907,1
AST-GEN-750,Generator,1276,71,44.4,11,2.4,69.7,51.2,48.1,1.117,0.789,1.044,0
AST-HVA-380,HVAC,1233,7,4.1,7,2.66,49.4,22.3,52.2,0.876,0.078,0.1,0
AST-GEN-351,Generator,1465,17,20.7,7,2.31,87.5,39.6,45.9,1.345,0.189,0.424,0
AST-WAT-504,Water Pump,1506,112,0.2,5,3.82,72.2,35.8,81.2,1.84,1.244,0.004,0
AST-GEN-989,Generator,1573,209,54.8,10,7.22,106.6,62.1,46.4,5.134,2.322,1.045,1
AST-IT -492,IT Server,1038,126,45.8,5,2.49,57.9,16.3,31.0,0.962,1.4,1.324,0
AST-LAB-323,Lab Equipment,302,146,4.0,1,2.83,53.0,15.9,58.2,1.002,1.622,0.397,0
AST-WAT-465,Water Pump,1592,229,69.6,8,8.85,77.9,45.0,69.3,4.597,2.544,1.312,1
AST-MED-464,Medical,2416,195,59.0,17,5.79,63.1,17.1,59.7,2.436,2.167,0.733,1
AST-GEN-597,Generator,1826,97,24.1,7,2.71,75.5,40.1,52.1,1.365,1.078,0.396,0
AST-MED-931,Medical,409,77,9.1,4,1.46,36.7,8.7,71.1,0.357,0.856,0.667,0
AST-HVA-321,HVAC,2272,83,26.0,17,3.01,65.6,17.1,29.4,1.317,0.922,0.343,1
AST-GEN-860,Generator,1400,88,131.3,11,3.49,85.6,47.3,56.4,1.994,0.978,2.814,1
AST-ELE-313,Elevator,1140,200,44.3,6,5.24,83.0,32.0,55.4,2.9,2.222,1.166,1
AST-ELE-361,Elevator,2280,103,44.1,12,4.26,61.0,27.2,58.6,1.735,1.144,0.58,0
AST-GEN-646,Generator,2225,59,64.2,16,4.0,66.1,46.4,39.5,1.764,0.656,0.866,0
AST-MED-580,Medical,1017,60,25.1,6,1.37,49.4,5.8,57.8,0.452,0.667,0.74,0
AST-MED-382,Medical,1578,188,66.4,11,4.97,69.3,16.3,40.6,2.298,2.089,1.262,1
AST-HVA-482,HVAC,2005,75,10.8,15,2.39,59.5,17.8,47.2,0.947,0.833,0.162,0
AST-GEN-252,Generator,1494,24,23.3,5,1.88,68.1,47.5,46.1,0.856,0.267,0.468,0
AST-ELE-900,Elevator,2439,118,51.0,10,5.55,70.2,30.8,33.3,2.598,1.311,0.627,1
AST-LAB-703,Lab Equipment,1327,55,25.3,13,1.77,50.9,11.4,35.2,0.6,0.611,0.572,0
AST-WAT-804,Water Pump,63,75,0.0,0,1.38,61.9,34.0,49.8,0.568,0.833,0.0,0
AST-MED-392,Medical,1028,113,34.1,5,3.17,48.0,11.1,34.2,1.013,1.256,0.995,0
AST-LAB-535,Lab Equipment,418,132,6.1,2,3.16,53.3,15.7,66.3,1.124,1.467,0.438,0
AST-ELE-641,Elevator,1561,129,3.2,15,3.92,68.6,34.4,55.5,1.793,1.433,0.061,1
AST-HVA-840,HVAC,2225,123,167.4,8,5.08,73.5,25.6,58.4,2.488,1.367,2.257,1
AST-HVA-419,HVAC,874,150,5.6,6,4.09,61.0,22.8,79.6,1.665,1.667,0.192,1
AST-HVA-166,HVAC,1054,59,10.7,6,2.04,50.8,20.8,58.6,0.689,0.656,0.305,0
AST-IT -522,IT Server,729,162,16.9,6,3.21,68.0,19.1,59.7,1.457,1.8,0.695,1
AST-WAT-115,Water Pump,2020,205,4.3,10,4.67,81.7,44.1,50.1,2.543,2.278,0.064,1
AST-IT -567,IT Server,428,12,26.1,2,1.31,56.2,14.3,34.7,0.491,0.133,1.829,0
AST-LAB-746,Lab Equipment,2178,82,13.3,12,2.4,42.5,8.1,56.4,0.68,0.911,0.183,0
AST-GEN-438,Generator,1890,215,1.7,8,6.42,103.0,52.8,57.0,4.407,2.389,0.027,1
AST-ELE-661,Elevator,39,37,0.0,0,2.0,65.3,32.8,51.4,0.871,0.411,0.0,0
AST-WAT-692,Water Pump,840,63,74.9,7,5.5,70.8,28.9,40.7,2.594,0.7,2.675,0
AST-ELE-173,Elevator,1554,68,50.7,9,2.84,67.4,31.0,51.7,1.277,0.756,0.979,0
AST-ELE-300,Elevator,80,104,0.0,0,2.51,58.3,30.9,57.3,0.974,1.156,0.0,0
AST-GEN-299,Generator,252,48,6.7,1,1.98,54.6,51.7,64.3,0.72,0.533,0.798,0
AST-LAB-995,Lab Equipment,1403,166,19.6,7,4.31,64.3,13.5,47.8,1.851,1.844,0.419,0
AST-MED-812,Medical,107,173,6.5,1,3.69,58.4,16.1,42.3,1.437,1.922,1.822,0
AST-WAT-241,Water Pump,718,74,23.2,2,3.75,62.3,30.6,72.9,1.557,0.822,0.969,0
AST-HVA-396,HVAC,658,7,22.4,3,2.08,43.6,21.7,39.8,0.605,0.078,1.021,0
AST-LAB-137,Lab Equipment,452,81,5.8,3,1.79,46.8,7.7,45.9,0.557,0.9,0.385,0
AST-MED-856,Medical,2441,145,99.0,15,4.77,58.6,11.7,29.0,1.865,1.611,1.217,1
AST-HVA-980,HVAC,1675,109,4.0,11,3.24,63.8,19.1,55.8,1.376,1.211,0.072,0
AST-GEN-969,Generator,2157,37,39.4,11,2.97,69.6,44.9,40.6,1.377,0.411,0.548,0
AST-WAT-239,Water Pump,1168,10,30.1,5,1.99,66.9,36.6,52.2,0.888,0.111,0.773,0
AST-MED-337,Medical,2434,34,15.3,6,2.34,40.7,8.6,31.6,0.634,0.378,0.189,0
AST-GEN-148,Generator,1555,97,52.3,9,3.24,71.2,50.3,35.0,1.537,1.078,1.009,1
AST-HVA-197,HVAC,219,218,0.3,1,5.47,75.5,28.6,53.0,2.754,2.422,0.041,1
AST-WAT-312,Water Pump,1078,137,13.4,5,5.47,79.3,34.0,46.2,2.893,1.522,0.373,1
AST-GEN-689,Generator,443,50,10.1,1,2.57,67.2,35.0,62.7,1.152,0.556,0.684,0
AST-GEN-472,Generator,773,133,21.7,6,2.18,75.6,53.4,55.7,1.098,1.478,0.842,0
AST-HVA-915,HVAC,909,41,7.7,4,2.69,50.2,20.9,52.4,0.9,0.456,0.254,0
AST-IT -360,IT Server,1404,214,92.7,11,6.16,84.7,26.0,52.0,3.476,2.378,1.981,1
AST-ELE-390,Elevator,1395,33,93.9,12,3.77,62.1,35.1,69.8,1.561,0.367,2.019,0
AST-GEN-612,Generator,1667,77,13.9,8,2.4,67.9,50.4,52.7,1.086,0.856,0.25,0
AST-MED-724,Medical,1843,110,7.2,9,2.34,49.2,10.8,49.0,0.768,1.222,0.117,0
AST-GEN-370,Generator,2420,132,203.8,13,3.59,85.5,50.9,50.7,2.044,1.467,2.526,1
AST-GEN-374,Generator,742,191,39.0,6,6.57,86.2,41.6,32.2,3.778,2.122,1.577,1
AST-WAT-697,Water Pump,1490,64,17.6,12,2.17,62.3,28.4,63.6,0.901,0.711,0.354,0
AST-LAB-751,Lab Equipment,1969,161,32.1,5,4.08,66.5,16.4,43.1,1.807,1.789,0.489,0
AST-WAT-348,Water Pump,1163,170,2.7,3,5.89,82.8,33.7,42.5,3.25,1.889,0.07,1
AST-ELE-740,Elevator,1506,46,86.3,11,2.64,67.5,34.4,42.7,1.188,0.511,1.719,0
AST-WAT-337,Water Pump,1489,104,32.2,5,5.64,60.5,31.3,38.5,2.275,1.156,0.649,0
AST-HVA-442,HVAC,757,99,35.9,7,3.53,61.7,23.6,71.5,1.451,1.1,1.423,0
AST-LAB-479,Lab Equipment,1391,145,45.9,9,3.95,64.1,17.9,55.8,1.687,1.611,0.99,0
AST-MED-599,Medical,1627,41,29.4,8,2.11,47.2,10.2,49.7,0.665,0.456,0.542,0
AST-GEN-993,Generator,2122,16,5.4,10,3.12,70.7,38.6,42.1,1.472,0.178,0.076,0
AST-LAB-526,Lab Equipment,1259,27,1.2,5,1.32,41.7,11.5,57.1,0.367,0.3,0.029,0
AST-WAT-478,Water Pump,927,64,24.7,7,2.38,67.0,28.9,57.4,1.065,0.711,0.799,0
AST-IT -814,IT Server,1549,41,58.7,12,2.17,53.6,12.6,29.8,0.776,0.456,1.137,0
AST-LAB-896,Lab Equipment,1139,237,13.2,6,6.14,79.4,25.1,55.0,3.251,2.633,0.348,1
AST-LAB-836,Lab Equipment,1331,171,95.0,10,4.84,65.8,19.0,24.3,2.123,1.9,2.141,1
AST-GEN-674,Generator,2407,179,61.7,10,6.15,96.4,49.6,67.1,3.953,1.989,0.769,1
AST-LAB-230,Lab Equipment,2391,142,31.5,15,3.79,60.4,15.5,45.5,1.529,1.578,0.395,0
AST-ELE-355,Elevator,661,75,12.4,6,1.7,50.5,32.6,27.4,0.573,0.833,0.563,0
AST-ELE-873,Elevator,1620,127,9.2,8,3.63,70.5,32.5,49.8,1.705,1.411,0.17,0
AST-GEN-404,Generator,452,87,5.3,1,3.59,71.9,44.4,52.4,1.719,0.967,0.352,0
AST-GEN-756,Generator,1904,222,119.5,13,7.93,96.4,56.8,40.6,5.098,2.467,1.883,1
AST-LAB-301,Lab Equipment,2270,239,279.8,13,8.47,85.2,24.5,49.0,4.812,2.656,3.698,1
AST-MED-317,Medical,1203,106,114.7,8,3.06,54.8,8.1,50.5,1.119,1.178,2.86,0
AST-IT -867,IT Server,1787,64,17.6,12,1.39,44.1,15.1,60.6,0.409,0.711,0.295,0
AST-HVA-522,HVAC,444,101,46.5,4,2.41,53.2,24.7,36.8,0.855,1.122,3.142,0
AST-GEN-403,Generator,2346,121,19.8,10,4.22,81.6,53.4,35.8,2.296,1.344,0.253,1
AST-GEN-730,Generator,2267,202,166.9,14,7.71,96.2,55.8,28.9,4.947,2.244,2.209,1
AST-LAB-198,Lab Equipment,1481,221,88.4,13,6.77,73.1,22.5,48.8,3.295,2.456,1.791,1
AST-IT -185,IT Server,445,101,1.5,1,1.21,45.9,16.4,58.9,0.37,1.122,0.101,0
AST-IT -771,IT Server,835,178,26.6,5,3.9,64.4,22.0,30.9,1.673,1.978,0.956,0
AST-HVA-350,HVAC,124,128,0.6,1,3.04,44.2,26.3,41.6,0.896,1.422,0.145,0
AST-LAB-233,Lab Equipment,1584,16,6.4,8,1.8,37.4,13.2,43.2,0.449,0.178,0.121,0
AST-GEN-893,Generator,46,25,0.0,0,1.9,56.6,34.1,60.5,0.717,0.278,0.0,0
AST-IT -533,IT Server,2004,142,98.0,9,4.23,67.2,23.4,56.5,1.897,1.578,1.467,0
AST-HVA-669,HVAC,603,99,18.1,3,2.97,61.8,24.7,71.0,1.224,1.1,0.9,0
AST-IT -312,IT Server,512,34,21.4,2,1.25,39.1,18.4,49.1,0.325,0.378,1.254,0
AST-MED-507,Medical,834,152,23.3,4,3.01,54.3,11.9,47.0,1.089,1.689,0.838,0
AST-WAT-891,Water Pump,1840,102,34.3,11,4.49,63.5,41.7,60.0,1.9,1.133,0.559,1
AST-ELE-384,Elevator,620,192,47.7,3,4.68,73.3,25.9,53.3,2.286,2.133,2.308,1
AST-WAT-748,Water Pump,703,100,68.8,6,4.66,67.6,30.3,64.8,2.102,1.111,2.936,0
AST-MED-452,Medical,1690,53,27.7,8,1.39,45.4,7.1,34.3,0.421,0.589,0.492,0
AST-GEN-712,Generator,475,118,19.5,5,3.68,87.3,53.8,48.9,2.141,1.311,1.232,1
AST-IT -981,IT Server,2441,162,32.2,17,4.15,59.8,18.7,39.2,1.654,1.8,0.396,0
AST-HVA-320,HVAC,1649,211,42.8,5,6.65,86.6,30.9,60.1,3.838,2.344,0.779,1
AST-IT -966,IT Server,357,171,1.1,3,3.58,65.9,22.9,44.3,1.572,1.9,0.092,0
AST-ELE-523,Elevator,1599,184,29.5,7,6.19,81.8,40.8,60.2,3.379,2.044,0.553,1
AST-LAB-190,Lab Equipment,1709,116,67.3,8,2.74,53.5,15.7,21.1,0.979,1.289,1.181,0
AST-HVA-521,HVAC,2285,58,416.2,16,3.75,70.2,31.2,37.4,1.756,0.644,5.464,1
AST-GEN-714,Generator,484,9,0.0,0,0.87,68.7,32.7,45.9,0.399,0.1,0.0,0
AST-LAB-210,Lab Equipment,725,90,3.3,7,1.51,40.4,12.1,59.2,0.406,1.0,0.137,0
AST-IT -128,IT Server,495,103,3.4,2,1.1,50.2,14.4,68.9,0.368,1.144,0.206,0
AST-GEN-681,Generator,2494,70,25.8,13,3.38,63.9,42.0,41.8,1.44,0.778,0.31,0
AST-HVA-879,HVAC,363,50,0.2,2,2.41,52.8,20.9,61.1,0.848,0.556,0.017,0
AST-MED-378,Medical,912,122,16.6,2,2.85,48.1,12.5,49.3,0.914,1.356,0.546,0
AST-LAB-953,Lab Equipment,2004,169,55.1,9,5.11,69.1,17.2,32.3,2.356,1.878,0.825,1
AST-ELE-380,Elevator,2215,204,17.0,9,7.13,80.6,32.2,38.3,3.83,2.267,0.23,1
AST-HVA-945,HVAC,2337,140,25.9,8,4.48,69.9,27.1,44.7,2.088,1.556,0.332,0
AST-MED-190,Medical,284,19,14.2,2,1.59,41.4,8.8,46.1,0.438,0.211,1.5,0
AST-LAB-714,Lab Equipment,916,10,23.7,4,2.27,52.9,13.4,72.5,0.8,0.111,0.776,0
AST-MED-657,Medical,403,27,87.9,5,2.48,43.0,7.0,43.4,0.71,0.3,6.543,0
AST-MED-692,Medical,2447,170,28.6,13,4.21,57.2,15.3,34.2,1.604,1.889,0.351,0
AST-WAT-125,Water Pump,224,218,0.0,0,6.82,68.6,44.9,48.9,3.118,2.422,0.0,1
AST-GEN-139,Generator,646,136,14.6,4,2.51,83.2,64.1,41.2,1.389,1.511,0.678,0
AST-LAB-973,Lab Equipment,1738,238,25.5,10,6.27,78.1,22.8,44.4,3.264,2.644,0.44,1
AST-IT -133,IT Server,326,225,4.6,2,5.11,73.0,24.0,38.2,2.485,2.5,0.423,0
AST-HVA-352,HVAC,1225,37,37.2,6,2.03,57.7,21.5,37.6,0.783,0.411,0.911,0
AST-WAT-888,Water Pump,851,67,0.1,5,1.4,53.6,41.5,36.0,0.501,0.744,0.004,0
AST-ELE-437,Elevator,1268,142,14.4,6,4.9,63.0,39.4,54.9,2.057,1.578,0.341,0
AST-GEN-161,Generator,888,82,46.7,7,3.84,82.7,43.2,43.4,2.118,0.911,1.578,1
AST-LAB-162,Lab Equipment,1988,145,236.8,10,5.29,55.3,16.9,45.6,1.95,1.611,3.573,1
AST-HVA-597,HVAC,2453,26,159.3,13,3.81,73.1,24.1,63.5,1.855,0.289,1.948,1
AST-IT -491,IT Server,270,21,0.0,0,0.8,39.7,13.2,35.9,0.212,0.233,0.0,0
AST-LAB-201,Lab Equipment,383,203,40.1,3,5.17,69.7,22.2,51.4,2.4,2.256,3.141,1
AST-GEN-997,Generator,583,201,6.4,3,4.71,94.3,51.7,20.0,2.965,2.233,0.329,1
AST-IT -798,IT Server,1297,238,28.5,5,6.3,92.3,25.7,42.6,3.875,2.644,0.659,1
AST-HVA-238,HVAC,1272,232,10.5,5,6.58,80.7,34.1,61.3,3.541,2.578,0.248,1
AST-WAT-104,Water Pump,691,239,28.5,2,8.54,86.0,43.9,45.9,4.896,2.656,1.237,1
AST-WAT-770,Water Pump,391,75,19.6,5,2.25,60.9,29.4,42.8,0.915,0.833,1.504,0
AST-GEN-960,Generator,2215,118,88.8,11,4.79,74.4,48.2,28.8,2.379,1.311,1.203,1
AST-MED-424,Medical,589,233,64.5,4,6.63,76.0,18.6,63.9,3.359,2.589,3.285,1
AST-ELE-176,Elevator,902,112,41.4,5,3.01,60.5,24.1,43.1,1.214,1.244,1.377,0
AST-IT -477,IT Server,2040,98,14.6,9,2.01,57.8,14.8,68.7,0.776,1.089,0.215,0
AST-LAB-292,Lab Equipment,323,62,54.8,3,2.28,46.4,10.2,36.9,0.704,0.689,5.09,0
AST-HVA-138,HVAC,2075,78,112.0,14,3.47,69.1,21.1,53.6,1.598,0.867,1.619,0
AST-HVA-773,HVAC,1582,32,33.5,5,2.31,64.3,23.1,35.8,0.992,0.356,0.635,0
AST-MED-273,Medical,1051,165,87.2,4,4.79,57.7,15.7,51.4,1.842,1.833,2.489,1
AST-MED-390,Medical,226,20,50.1,2,1.7,42.5,8.8,49.2,0.481,0.222,6.65,0
AST-HVA-443,HVAC,922,85,40.3,5,2.5,53.9,23.1,54.1,0.897,0.944,1.311,0
AST-IT -779,IT Server,1804,170,192.9,12,5.36,71.2,24.1,57.2,2.542,1.889,3.208,1
AST-HVA-516,HVAC,2274,65,61.6,12,4.0,61.3,19.8,52.4,1.634,0.722,0.813,0
AST-MED-271,Medical,1353,45,10.3,9,1.72,37.2,5.9,39.6,0.426,0.5,0.228,0
AST-LAB-857,Lab Equipment,1307,229,7.9,5,5.73,73.8,22.4,44.4,2.823,2.544,0.181,1
AST-GEN-748,Generator,1518,73,99.8,9,4.55,76.1,42.6,49.3,2.306,0.811,1.972,1
AST-WAT-166,Water Pump,1940,150,32.0,9,5.12,76.3,45.9,55.0,2.601,1.667,0.495,1
AST-ELE-728,Elevator,1160,134,4.8,1,2.87,57.2,35.7,32.6,1.095,1.489,0.124,0
AST-MED-536,Medical,1629,155,85.4,8,4.24,62.9,13.5,41.6,1.778,1.722,1.573,1
AST-IT -712,IT Server,934,15,4.9,5,1.18,53.3,14.1,46.0,0.42,0.167,0.157,0
AST-HVA-705,HVAC,1425,111,0.4,3,2.86,59.1,26.8,60.8,1.128,1.233,0.008,0
AST-ELE-511,Elevator,882,94,6.1,5,2.29,58.6,34.2,57.6,0.894,1.044,0.207,0
AST-IT -403,IT Server,626,219,68.7,2,5.68,75.2,25.0,36.4,2.846,2.433,3.292,0
AST-LAB-753,Lab Equipment,383,117,17.5,2,2.19,54.6,9.5,43.0,0.797,1.3,1.371,0
AST-LAB-236,Lab Equipment,1511,104,23.5,15,2.62,47.3,14.6,20.0,0.826,1.156,0.467,0
AST-MED-491,Medical,62,122,0.0,0,2.71,44.5,11.3,45.5,0.803,1.356,0.0,0
AST-HVA-184,HVAC,1234,220,32.4,4,6.64,71.9,32.9,47.7,3.181,2.444,0.788,0
AST-MED-213,Medical,941,2,20.8,5,1.32,45.1,9.4,61.4,0.398,0.022,0.663,0
AST-LAB-621,Lab Equipment,1754,221,3.6,14,6.12,73.2,23.4,45.7,2.985,2.456,0.062,1
AST-HVA-906,HVAC,2126,114,86.6,10,3.59,70.5,28.2,47.0,1.686,1.267,1.222,0
AST-HVA-997,HVAC,51,1,0.0,0,2.4,56.4,23.1,57.6,0.903,0.011,0.0,0
AST-WAT-521,Water Pump,1705,139,90.7,11,5.12,74.0,35.3,25.9,2.523,1.544,1.596,1
AST-ELE-378,Elevator,440,125,13.6,4,2.68,62.4,28.9,38.3,1.114,1.389,0.927,0
AST-GEN-107,Generator,1962,105,24.0,13,4.21,91.0,46.7,44.7,2.554,1.167,0.367,1
AST-IT -837,IT Server,485,32,15.4,4,1.07,38.7,17.6,22.8,0.275,0.356,0.953,0
AST-WAT-775,Water Pump,690,36,17.0,2,2.69,56.1,30.6,71.1,1.006,0.4,0.739,0
AST-IT -251,IT Server,771,45,66.1,7,1.75,43.5,14.4,42.3,0.509,0.5,2.572,0
AST-MED-113,Medical,2225,72,34.7,15,2.27,45.6,7.2,43.6,0.689,0.8,0.468,0
AST-WAT-259,Water Pump,2184,50,48.8,8,3.55,66.6,36.4,39.7,1.575,0.556,0.67,0
AST-IT -705,IT Server,2469,77,50.2,9,2.05,45.8,15.3,49.0,0.626,0.856,0.61,0
AST-MED-194,Medical,189,186,0.0,0,3.97,57.1,17.3,50.5,1.512,2.067,0.0,0
AST-MED-563,Medical,504,59,3.2,2,1.2,35.2,7.7,59.9,0.283,0.656,0.19,0
AST-WAT-204,Water Pump,502,240,10.3,4,7.75,93.3,46.2,43.1,4.822,2.667,0.616,1
AST-ELE-130,Elevator,1317,50,32.7,6,2.32,55.8,32.1,43.6,0.862,0.556,0.745,0
AST-WAT-553,Water Pump,626,43,57.0,5,2.95,64.0,35.7,45.1,1.258,0.478,2.732,0
AST-IT -706,IT Server,567,237,2.0,2,5.72,72.6,27.8,63.5,2.767,2.633,0.106,0
AST-WAT-547,Water Pump,1214,31,125.1,8,3.62,84.4,37.9,32.5,2.037,0.344,3.091,0
AST-ELE-468,Elevator,2034,143,69.0,15,4.8,75.1,28.6,53.2,2.403,1.589,1.018,0
AST-IT -877,IT Server,1932,135,7.7,6,3.1,56.9,19.0,53.9,1.174,1.5,0.12,0
AST-GEN-653,Generator,100,218,12.9,2,6.21,91.6,68.5,20.0,3.791,2.422,3.87,1
AST-MED-204,Medical,1208,233,1.3,10,5.7,71.5,21.5,42.0,2.719,2.589,0.032,0
AST-MED-348,Medical,1264,20,56.1,9,1.74,47.7,9.2,37.8,0.554,0.222,1.331,0
AST-WAT-877,Water Pump,547,202,54.1,5,6.89,78.9,36.6,60.6,3.627,2.244,2.967,1
AST-WAT-197,Water Pump,1105,74,15.7,6,3.85,61.0,32.2,45.8,1.566,0.822,0.426,0
AST-LAB-919,Lab Equipment,1890,74,28.2,4,1.97,45.3,13.1,65.7,0.595,0.822,0.448,0
AST-ELE-231,Elevator,2285,10,10.8,15,2.54,62.4,22.0,41.5,1.055,0.111,0.142,0
AST-ELE-622,Elevator,2305,238,10.8,10,8.68,84.8,39.0,61.3,4.905,2.644,0.141,1
AST-HVA-494,HVAC,939,194,11.3,4,4.88,81.2,29.1,59.3,2.643,2.156,0.361,1
AST-IT -757,IT Server,132,173,1.3,3,3.48,63.9,22.4,56.1,1.482,1.922,0.295,0
AST-LAB-671,Lab Equipment,2426,198,28.5,11,5.92,69.4,23.8,57.7,2.74,2.2,0.352,1
AST-GEN-199,Generator,938,211,28.0,6,5.07,90.3,59.0,58.5,3.049,2.344,0.896,1
AST-ELE-835,Elevator,1851,65,11.9,10,3.13,61.0,28.2,71.8,1.271,0.722,0.193,0
AST-GEN-941,Generator,1678,153,5.4,8,5.42,76.2,49.3,66.8,2.75,1.7,0.097,1
AST-MED-933,Medical,1389,142,67.3,11,3.46,61.9,13.1,49.9,1.427,1.578,1.454,0
AST-MED-604,Medical,1554,152,96.6,7,4.89,59.3,13.9,47.8,1.934,1.689,1.865,1
AST-ELE-886,Elevator,115,140,0.0,0,3.16,69.5,34.6,57.2,1.465,1.556,0.0,0
AST-GEN-689,Generator,32,214,10.7,2,5.03,98.4,60.8,57.9,3.303,2.378,10.031,1
AST-LAB-680,Lab Equipment,230,177,9.5,3,4.21,63.5,19.8,55.5,1.781,1.967,1.239,0
AST-GEN-632,Generator,2255,110,68.4,15,2.63,92.6,51.0,41.1,1.623,1.222,0.91,1
AST-HVA-845,HVAC,228,100,23.5,2,1.99,50.9,19.6,43.9,0.676,1.111,3.092,0
AST-LAB-346,Lab Equipment,986,116,67.3,7,3.14,54.8,16.6,42.1,1.145,1.289,2.048,0
AST-MED-554,Medical,207,22,17.6,2,0.7,35.1,8.9,50.9,0.163,0.244,2.551,0
AST-GEN-554,Generator,1727,24,99.5,5,4.72,81.0,27.9,35.9,2.548,0.267,1.728,0
AST-LAB-779,Lab Equipment,2324,18,288.9,17,3.32,54.5,12.3,32.1,1.206,0.2,3.729,1
AST-IT -159,IT Server,603,92,6.0,2,1.53,45.3,16.4,43.9,0.463,1.022,0.299,0
AST-HVA-624,HVAC,1178,50,19.2,6,3.0,57.3,15.6,45.5,1.146,0.556,0.489,0
AST-LAB-730,Lab Equipment,688,164,3.2,4,3.85,62.5,18.6,53.2,1.603,1.822,0.14,0
AST-LAB-402,Lab Equipment,1133,78,10.2,4,1.47,45.1,9.2,44.4,0.441,0.867,0.27,0
AST-WAT-610,Water Pump,768,83,1.0,2,3.16,60.5,34.3,55.1,1.276,0.922,0.039,0
AST-WAT-109,Water Pump,2207,73,8.0,14,3.36,59.8,26.4,44.0,1.342,0.811,0.109,0
AST-GEN-861,Generator,606,231,24.1,3,7.03,107.5,67.7,51.8,5.035,2.567,1.193,1
AST-GEN-408,Generator,2128,2,27.8,14,5.4,78.5,42.4,46.4,2.828,0.022,0.392,0
AST-MED-181,Medical,1891,182,27.5,8,5.09,58.8,16.0,52.8,1.996,2.022,0.436,1
AST-HVA-837,HVAC,1385,88,16.4,12,3.05,60.5,25.5,33.6,1.23,0.978,0.355,0
AST-WAT-507,Water Pump,2489,28,13.8,14,2.54,71.7,31.5,64.2,1.215,0.311,0.166,0
AST-MED-422,Medical,1908,73,40.2,10,1.82,46.2,8.2,52.5,0.559,0.811,0.632,0
AST-IT -129,IT Server,1603,45,36.3,8,1.96,51.7,13.3,58.4,0.675,0.5,0.679,0
AST-IT -928,IT Server,1581,4,88.6,14,2.22,55.6,17.5,55.9,0.824,0.044,1.681,0
AST-GEN-477,Generator,1882,16,35.4,6,5.4,78.7,39.2,62.5,2.836,0.178,0.564,1
AST-WAT-318,Water Pump,937,169,44.7,3,4.83,89.5,34.9,49.6,2.882,1.878,1.431,1
AST-WAT-446,Water Pump,2486,75,56.5,13,4.05,60.1,26.9,56.3,1.624,0.833,0.682,0
AST-GEN-968,Generator,368,83,4.0,4,2.95,76.3,39.8,75.7,1.501,0.922,0.326,0
AST-WAT-242,Water Pump,2181,100,103.2,15,5.32,74.6,41.3,51.7,2.646,1.111,1.42,1
AST-MED-120,Medical,602,155,14.9,4,2.72,53.7,13.1,20.0,0.973,1.722,0.743,0
AST-GEN-806,Generator,2487,24,106.4,9,3.99,90.8,50.6,59.8,2.413,0.267,1.283,1
AST-HVA-597,HVAC,1240,41,11.7,8,2.95,37.5,17.1,44.5,0.736,0.456,0.283,0
AST-WAT-234,Water Pump,138,78,0.0,0,1.75,46.2,33.8,64.9,0.539,0.867,0.0,0
AST-LAB-654,Lab Equipment,754,232,0.4,3,6.03,67.5,22.8,30.5,2.715,2.578,0.016,1
AST-ELE-346,Elevator,2448,46,2.3,17,3.27,53.1,30.2,45.4,1.157,0.511,0.028,0
AST-LAB-718,Lab Equipment,889,122,8.7,5,2.96,50.0,16.9,34.5,0.986,1.356,0.294,0
AST-WAT-105,Water Pump,1652,57,16.1,11,2.7,57.9,37.4,32.0,1.045,0.633,0.292,0
AST-WAT-463,Water Pump,165,56,6.2,2,3.55,56.2,35.9,40.1,1.331,0.622,1.127,0
AST-GEN-700,Generator,672,129,2.1,3,4.95,78.3,44.1,67.0,2.584,1.433,0.094,1
AST-IT -898,IT Server,1497,2,4.8,6,1.54,55.8,15.3,49.0,0.574,0.022,0.096,0
AST-HVA-528,HVAC,420,172,2.5,2,5.23,76.2,33.7,42.2,2.66,1.911,0.179,0
AST-HVA-690,HVAC,1010,165,73.9,4,5.53,81.8,30.7,72.3,3.016,1.833,2.195,1
AST-MED-733,Medical,954,126,2.0,2,2.58,48.2,12.9,65.1,0.83,1.4,0.063,0
AST-HVA-718,HVAC,283,1,0.0,0,2.84,38.6,21.2,39.3,0.729,0.011,0.0,0
AST-HVA-288,HVAC,2412,166,77.2,12,5.28,78.2,27.4,46.5,2.754,1.844,0.96,1
AST-HVA-485,HVAC,628,48,24.3,5,1.35,59.1,14.0,49.5,0.531,0.533,1.161,0
AST-LAB-832,Lab Equipment,1180,180,77.7,10,5.2,68.7,20.3,63.0,2.381,2.0,1.975,1
AST-IT -857,IT Server,1539,91,26.9,8,1.67,56.9,14.1,50.8,0.636,1.011,0.524,0
AST-MED-102,Medical,1871,149,59.4,13,3.79,58.9,14.1,54.2,1.486,1.656,0.952,0
AST-WAT-246,Water Pump,959,1,106.6,9,2.25,67.0,25.1,36.2,1.006,0.011,3.335,0
AST-WAT-452,Water Pump,919,35,9.9,5,2.2,60.6,32.7,47.7,0.891,0.389,0.323,0
AST-HVA-494,HVAC,1949,120,38.3,11,2.8,60.7,20.7,44.3,1.135,1.333,0.59,0
AST-IT -886,IT Server,339,73,34.2,2,1.28,40.6,18.7,76.1,0.346,0.811,3.027,0
AST-MED-551,Medical,1209,215,18.2,6,5.45,68.3,17.2,57.1,2.484,2.389,0.452,1
AST-HVA-901,HVAC,514,158,1.2,3,4.65,71.7,27.3,57.3,2.225,1.756,0.07,0
AST-WAT-461,Water Pump,832,174,0.7,4,5.13,65.6,36.5,46.9,2.246,1.933,0.025,0
AST-HVA-182,HVAC,1878,128,3.3,10,3.73,69.3,17.1,55.5,1.725,1.422,0.053,0
AST-LAB-828,Lab Equipment,1783,88,47.9,8,2.28,35.0,12.2,30.1,0.532,0.978,0.806,0
AST-GEN-774,Generator,1958,166,21.4,6,4.66,102.3,44.6,56.1,3.176,1.844,0.328,1
AST-LAB-168,Lab Equipment,542,7,0.0,0,2.28,41.5,12.3,51.0,0.631,0.078,0.0,0
AST-GEN-667,Generator,384,211,36.4,3,7.0,102.2,58.5,74.3,4.769,2.344,2.844,1
AST-MED-588,Medical,2272,15,80.2,16,2.93,48.4,7.4,37.0,0.946,0.167,1.059,0
AST-HVA-916,HVAC,275,40,0.0,0,2.09,58.0,20.7,52.8,0.808,0.444,0.0,0
AST-HVA-791,HVAC,496,101,68.8,5,2.55,65.0,24.3,40.8,1.103,1.122,4.161,0
AST-IT -796,IT Server,1839,7,8.8,9,1.74,43.0,13.1,58.3,0.5,0.078,0.144,0
AST-WAT-589,Water Pump,1781,53,111.1,7,3.94,48.3,33.3,63.1,1.269,0.589,1.871,0
AST-GEN-254,Generator,842,176,9.1,7,6.18,77.9,49.4,55.5,3.209,1.956,0.324,1
AST-IT -464,IT Server,2429,40,9.6,10,1.9,45.1,15.8,45.6,0.572,0.444,0.119,0
AST-GEN-487,Generator,2146,185,10.5,12,6.39,95.0,45.5,63.8,4.046,2.056,0.147,1
AST-IT -476,IT Server,1726,57,32.2,9,1.55,39.9,18.5,46.8,0.412,0.633,0.56,0
AST-HVA-185,HVAC,1201,217,97.2,7,7.06,90.4,30.9,41.4,4.256,2.411,2.428,1
AST-MED-297,Medical,118,11,6.4,1,1.65,37.5,9.2,60.2,0.412,0.122,1.627,0
AST-ELE-350,Elevator,1887,213,76.1,13,6.19,91.8,43.7,48.5,3.791,2.367,1.21,1
AST-GEN-683,Generator,2233,145,0.2,8,4.04,88.4,53.8,22.0,2.378,1.611,0.003,0
AST-GEN-994,Generator,1026,180,127.1,8,6.3,85.9,53.2,56.7,3.607,2.0,3.716,1
AST-GEN-246,Generator,1093,112,37.4,3,2.89,80.1,54.5,44.0,1.543,1.244,1.027,0
AST-ELE-741,Elevator,2087,218,32.7,7,6.56,80.6,38.8,54.3,3.522,2.422,0.47,1
AST-IT -313,IT Server,549,123,61.1,4,2.56,60.1,19.5,35.4,1.026,1.367,3.339,0
AST-IT -830,IT Server,1086,27,21.2,3,1.36,54.7,13.9,39.3,0.495,0.3,0.586,0
AST-IT -306,IT Server,2065,106,31.6,10,2.27,59.9,15.1,41.4,0.908,1.178,0.459,0
AST-HVA-449,HVAC,891,236,48.9,4,7.32,82.9,27.0,63.9,4.044,2.622,1.646,1
AST-HVA-196,HVAC,432,200,7.4,2,6.25,73.1,36.1,50.0,3.046,2.222,0.514,1
AST-WAT-131,Water Pump,1618,206,43.1,4,8.39,92.0,37.1,62.4,5.15,2.289,0.799,1
AST-ELE-538,Elevator,1639,75,7.3,14,3.07,66.5,29.5,24.3,1.363,0.833,0.134,0
AST-LAB-986,Lab Equipment,932,224,54.8,6,6.21,77.5,22.0,51.1,3.211,2.489,1.764,1
AST-HVA-924,HVAC,621,125,5.9,4,4.05,58.3,25.7,53.1,1.573,1.389,0.285,0
AST-MED-423,Medical,1444,57,35.8,9,1.48,40.9,9.1,78.1,0.405,0.633,0.744,0
AST-GEN-600,Generator,1526,173,11.9,6,5.08,92.8,55.0,42.7,3.14,1.922,0.234,1
AST-WAT-495,Water Pump,1952,106,40.2,8,3.38,64.9,29.8,48.5,1.462,1.178,0.618,0
AST-LAB-623,Lab Equipment,1232,151,4.0,9,3.52,65.6,14.0,63.4,1.54,1.678,0.097,0
AST-GEN-385,Generator,2396,74,21.0,4,4.07,65.6,55.4,46.8,1.777,0.822,0.263,0
AST-WAT-223,Water Pump,118,79,53.6,2,3.1,47.7,19.3,59.1,0.987,0.878,13.627,0
AST-GEN-422,Generator,53,106,0.0,0,2.87,70.0,37.6,61.4,1.34,1.178,0.0,0
AST-IT -528,IT Server,1369,99,151.7,14,2.85,62.4,15.9,45.9,1.185,1.1,3.324,1
AST-MED-979,Medical,479,37,36.0,6,1.86,36.8,7.5,65.7,0.458,0.411,2.255,0
AST-HVA-987,HVAC,1757,197,78.1,8,6.22,82.4,26.9,65.5,3.42,2.189,1.334,1
AST-LAB-996,Lab Equipment,1741,183,30.1,11,5.17,70.0,16.2,58.4,2.413,2.033,0.519,1
AST-IT -336,IT Server,1338,180,83.7,5,4.92,71.6,20.8,54.4,2.35,2.0,1.877,1
AST-LAB-698,Lab Equipment,912,66,7.8,4,1.38,48.2,13.3,54.8,0.443,0.733,0.257,0
AST-MED-987,Medical,597,19,0.9,1,1.0,36.9,8.5,28.4,0.245,0.211,0.045,0
AST-HVA-408,HVAC,1820,223,0.0,5,6.23,94.1,21.6,57.7,3.913,2.478,0.0,1
AST-MED-104,Medical,792,38,6.3,9,0.9,47.8,9.9,40.8,0.287,0.422,0.239,0
AST-MED-605,Medical,1920,141,35.8,8,3.67,46.4,13.6,39.1,1.137,1.567,0.559,0
AST-ELE-975,Elevator,55,74,0.0,0,2.4,53.3,28.0,39.0,0.854,0.822,0.0,0
AST-LAB-840,Lab Equipment,2353,119,220.6,13,3.83,68.7,15.5,42.3,1.757,1.322,2.813,1
AST-GEN-482,Generator,506,222,1.3,1,5.34,92.0,54.3,55.0,3.275,2.467,0.077,1
AST-ELE-771,Elevator,242,118,4.9,3,3.18,50.4,28.1,38.2,1.068,1.311,0.607,0
AST-GEN-765,Generator,2199,35,4.4,4,2.42,77.0,45.3,67.6,1.241,0.389,0.06,0
AST-LAB-668,Lab Equipment,619,199,64.3,5,5.38,67.5,24.4,35.7,2.423,2.211,3.116,1
AST-LAB-760,Lab Equipment,669,178,39.0,4,4.63,63.0,17.8,51.0,1.946,1.978,1.749,1
AST-IT -815,IT Server,1134,82,74.0,4,1.78,55.7,16.9,48.7,0.66,0.911,1.958,0
AST-LAB-599,Lab Equipment,1669,197,3.5,11,4.57,60.3,21.0,67.6,1.837,2.189,0.063,0
AST-HVA-504,HVAC,837,105,17.5,5,3.24,63.6,23.2,38.9,1.373,1.167,0.627,0
AST-ELE-243,Elevator,2160,110,25.8,12,4.84,47.2,22.7,66.2,1.523,1.222,0.358,0
AST-HVA-168,HVAC,596,227,47.8,7,6.26,85.1,34.4,35.7,3.552,2.522,2.406,1
AST-GEN-127,Generator,230,229,18.9,2,7.01,89.2,49.9,52.0,4.17,2.544,2.465,1
AST-ELE-630,Elevator,1226,129,18.1,7,4.01,66.6,33.2,65.9,1.782,1.433,0.443,0
AST-GEN-497,Generator,1066,198,77.3,9,7.47,94.2,44.5,27.2,4.69,2.2,2.175,1
AST-IT -308,IT Server,868,193,9.3,4,4.26,73.0,25.0,51.9,2.072,2.144,0.321,1
AST-WAT-562,Water Pump,2390,98,6.1,10,2.58,63.8,38.0,48.3,1.096,1.089,0.077,1
AST-WAT-621,Water Pump,711,177,19.7,5,3.89,76.3,36.8,57.3,1.977,1.967,0.831,0
AST-LAB-610,Lab Equipment,381,179,0.4,2,3.86,64.5,19.0,38.2,1.66,1.989,0.031,0
AST-HVA-972,HVAC,1404,164,21.9,3,4.57,78.2,28.0,59.6,2.385,1.822,0.468,0
AST-IT -392,IT Server,1811,225,25.1,14,5.87,85.2,24.7,60.3,3.332,2.5,0.416,1
AST-GEN-124,Generator,2333,95,99.5,18,4.1,75.3,43.5,41.7,2.057,1.056,1.279,0
AST-MED-681,Medical,242,30,15.6,3,1.54,35.3,6.6,42.3,0.362,0.333,1.934,0
AST-GEN-367,Generator,1543,196,7.3,8,5.22,74.8,50.7,35.3,2.6,2.178,0.142,0
AST-IT -320,IT Server,1562,13,11.1,6,1.41,60.7,10.4,54.0,0.573,0.144,0.213,0
AST-WAT-100,Water Pump,347,28,26.8,3,2.07,59.1,31.6,44.4,0.813,0.311,2.317,0
AST-MED-500,Medical,479,122,23.5,4,2.75,51.1,9.9,60.2,0.936,1.356,1.472,0
AST-IT -832,IT Server,275,139,2.2,1,2.46,58.4,20.0,55.5,0.959,1.544,0.24,0
AST-GEN-636,Generator,2117,148,35.6,16,4.88,79.7,59.1,39.1,2.593,1.644,0.504,1
AST-ELE-852,Elevator,176,74,0.0,0,1.42,39.3,32.7,46.0,0.373,0.822,0.0,0
AST-HVA-162,HVAC,1184,16,23.7,7,2.12,51.4,18.1,49.5,0.727,0.178,0.601,0
AST-HVA-456,HVAC,1691,99,17.4,7,2.56,56.5,17.0,48.2,0.965,1.1,0.309,0
AST-MED-177,Medical,904,214,4.9,3,5.59,68.8,18.1,30.7,2.566,2.378,0.163,1
AST-IT -749,IT Server,452,71,5.4,2,0.93,49.7,16.1,35.8,0.307,0.789,0.358,0
AST-GEN-588,Generator,1300,118,81.4,8,4.09,65.4,50.0,54.6,1.783,1.311,1.878,1
AST-IT -151,IT Server,837,11,14.5,5,1.38,46.7,15.6,40.5,0.428,0.122,0.52,0
AST-HVA-205,HVAC,1681,133,62.1,8,4.48,71.8,25.8,65.2,2.144,1.478,1.108,0
AST-LAB-388,Lab Equipment,1862,29,34.6,9,1.61,42.2,12.2,35.3,0.453,0.322,0.557,0
AST-WAT-561,Water Pump,2278,68,9.6,13,3.36,65.9,25.4,64.8,1.476,0.756,0.126,1
AST-IT -138,IT Server,663,228,12.1,5,5.33,77.4,27.5,54.3,2.749,2.533,0.548,1
AST-ELE-205,Elevator,1688,230,239.1,9,7.65,99.3,45.7,53.9,5.06,2.556,4.249,1
AST-ELE-672,Elevator,866,124,29.7,8,4.1,56.0,32.4,54.4,1.531,1.378,1.029,0
AST-LAB-195,Lab Equipment,467,94,6.1,2,1.59,48.5,13.8,50.1,0.515,1.044,0.392,0
AST-LAB-534,Lab Equipment,2149,109,16.9,11,2.61,41.9,14.9,47.8,0.731,1.211,0.236,0
AST-IT -684,IT Server,1955,212,96.9,15,6.2,72.8,24.8,36.1,3.012,2.356,1.487,1
AST-LAB-464,Lab Equipment,2402,189,140.6,13,6.1,75.2,17.3,48.9,3.057,2.1,1.756,1
AST-GEN-779,Generator,845,41,6.5,2,1.27,71.0,36.1,54.5,0.601,0.456,0.231,0
AST-LAB-990,Lab Equipment,200,185,8.4,2,4.13,63.5,18.6,61.3,1.75,2.056,1.26,0
AST-HVA-440,HVAC,2226,54,29.9,10,2.91,52.0,21.1,32.7,1.008,0.6,0.403,0
AST-MED-465,Medical,2238,18,51.6,10,2.92,50.2,6.7,36.0,0.977,0.2,0.692,0
AST-LAB-435,Lab Equipment,1831,181,15.5,12,5.21,68.7,17.8,44.7,2.384,2.011,0.254,1
AST-MED-352,Medical,1523,62,14.8,11,1.74,42.0,7.3,36.4,0.486,0.689,0.292,0
AST-IT -771,IT Server,2460,198,4.8,8,4.99,59.2,26.1,52.6,1.969,2.2,0.059,0
AST-GEN-389,Generator,682,100,11.3,1,3.36,73.1,47.5,56.1,1.639,1.111,0.497,0
AST-GEN-196,Generator,1947,232,0.3,14,7.27,100.2,52.9,38.5,4.859,2.578,0.005,1
AST-LAB-443,Lab Equipment,2321,12,37.6,9,2.77,37.5,12.5,27.9,0.693,0.133,0.486,0
AST-MED-652,Medical,1126,238,1.3,5,6.21,70.5,20.0,58.1,2.92,2.644,0.035,1
AST-IT -596,IT Server,882,2,18.8,6,1.25,43.1,13.3,27.8,0.36,0.022,0.639,0
AST-WAT-307,Water Pump,56,39,22.0,1,3.8,62.6,34.5,58.7,1.584,0.433,11.786,0
AST-MED-309,Medical,675,231,17.3,4,5.83,65.8,19.0,44.6,2.554,2.567,0.769,0
AST-GEN-590,Generator,1603,111,216.8,12,6.02,84.5,44.7,47.0,3.391,1.233,4.057,1
AST-WAT-762,Water Pump,939,66,111.7,7,4.35,65.2,29.2,65.9,1.891,0.733,3.569,1
AST-ELE-479,Elevator,280,43,5.5,1,2.47,54.0,30.0,53.1,0.891,0.478,0.589,0
AST-WAT-630,Water Pump,1548,77,19.4,11,3.69,67.8,29.2,43.6,1.669,0.856,0.376,0
AST-GEN-104,Generator,2259,120,86.5,11,5.34,88.5,60.6,38.1,3.149,1.333,1.149,1
AST-HVA-648,HVAC,2341,237,115.9,6,9.19,97.1,33.8,60.0,5.949,2.633,1.485,1
AST-ELE-962,Elevator,62,164,0.0,0,4.42,74.6,35.2,34.5,2.199,1.822,0.0,0
AST-WAT-329,Water Pump,2305,222,13.2,11,8.93,103.4,39.8,59.3,6.158,2.467,0.172,1
AST-GEN-595,Generator,1976,121,21.9,16,4.54,78.5,54.8,49.3,2.376,1.344,0.332,1
AST-ELE-873,Elevator,504,31,33.0,2,2.75,64.1,23.5,57.8,1.174,0.344,1.964,0
AST-IT -399,IT Server,604,82,16.2,5,1.3,46.9,15.2,54.6,0.405,0.911,0.805,0
AST-ELE-592,Elevator,2094,236,29.2,9,7.39,89.0,36.1,45.8,4.385,2.622,0.418,1
AST-HVA-898,HVAC,2498,16,134.8,12,3.52,72.0,25.2,33.8,1.692,0.178,1.619,1
AST-HVA-249,HVAC,329,13,0.9,1,1.25,45.4,18.4,61.7,0.379,0.144,0.082,0
AST-ELE-978,Elevator,1171,37,17.4,6,2.22,54.0,24.7,64.9,0.8,0.411,0.446,0
AST-ELE-397,Elevator,2032,56,20.5,8,1.91,65.5,30.4,48.8,0.833,0.622,0.303,0
AST-HVA-457,HVAC,2010,218,34.8,11,6.78,84.5,28.6,59.3,3.817,2.422,0.519,1
AST-ELE-557,Elevator,1953,25,45.9,10,3.0,69.0,29.4,59.2,1.379,0.278,0.705,0
AST-WAT-902,Water Pump,1779,240,9.5,12,6.98,79.8,39.6,56.7,3.715,2.667,0.16,1
AST-IT -696,IT Server,1974,28,47.8,7,2.08,53.9,15.5,50.9,0.749,0.311,0.726,0
AST-ELE-724,Elevator,1809,90,3.8,4,0.98,61.8,33.9,52.2,0.404,1.0,0.063,0
AST-LAB-888,Lab Equipment,1894,105,24.3,11,2.05,44.8,12.0,47.9,0.612,1.167,0.385,0
AST-IT -724,IT Server,1576,135,46.4,6,3.09,70.8,21.4,65.8,1.46,1.5,0.883,0
AST-GEN-394,Generator,1119,5,53.4,8,2.39,75.7,47.3,56.3,1.204,0.056,1.432,1
AST-ELE-475,Elevator,653,42,38.7,4,3.78,62.5,28.5,35.4,1.576,0.467,1.778,0
AST-WAT-388,Water Pump,596,173,3.6,4,3.93,77.7,48.4,49.8,2.035,1.922,0.181,0
AST-ELE-473,Elevator,833,200,21.7,5,5.64,88.6,39.2,38.9,3.329,2.222,0.782,1
AST-GEN-811,Generator,776,33,11.3,3,2.54,89.8,51.5,57.5,1.521,0.367,0.437,0
AST-IT -177,IT Server,1088,63,39.1,7,1.59,49.2,13.7,50.9,0.521,0.7,1.078,0
AST-ELE-113,Elevator,1908,6,50.6,17,2.36,42.7,23.0,70.9,0.672,0.067,0.796,0
AST-MED-589,Medical,1026,108,21.5,5,2.62,49.9,9.9,45.0,0.873,1.2,0.629,0
AST-HVA-442,HVAC,2048,202,27.5,15,4.96,83.9,29.4,47.6,2.775,2.244,0.403,1
AST-HVA-184,HVAC,1376,10,25.0,11,1.98,60.4,20.3,47.3,0.797,0.111,0.545,0
AST-HVA-144,HVAC,313,102,3.3,3,2.76,53.7,24.3,43.6,0.988,1.133,0.316,0
AST-GEN-529,Generator,66,8,0.0,0,2.07,78.1,40.9,53.7,1.078,0.089,0.0,0
AST-GEN-510,Generator,1458,144,36.7,12,4.48,83.6,45.4,44.4,2.499,1.6,0.755,1
AST-GEN-785,Generator,1101,217,182.1,7,8.24,110.6,55.0,45.9,6.079,2.411,4.962,1
AST-MED-712,Medical,1896,222,124.6,11,6.94,73.4,20.4,52.1,3.393,2.467,1.972,1
AST-WAT-308,Water Pump,933,82,62.6,5,3.71,68.5,29.5,49.9,1.692,0.911,2.013,0
AST-IT -830,IT Server,877,92,0.8,2,1.16,43.7,12.6,40.4,0.337,1.022,0.027,0
AST-HVA-714,HVAC,795,28,0.6,1,2.22,48.7,19.7,27.3,0.72,0.311,0.023,0
AST-LAB-583,Lab Equipment,2365,24,9.2,21,1.61,46.4,11.5,37.0,0.499,0.267,0.117,0
AST-LAB-348,Lab Equipment,2099,237,162.8,13,7.77,83.7,27.4,49.3,4.336,2.633,2.327,1
AST-ELE-496,Elevator,1191,174,48.5,8,5.32,82.3,39.7,22.0,2.915,1.933,1.222,1
AST-WAT-259,Water Pump,123,225,0.0,1,4.49,85.8,51.9,53.3,2.566,2.5,0.0,1
AST-LAB-809,Lab Equipment,598,210,7.4,2,4.66,60.5,25.1,58.7,1.881,2.333,0.371,0
AST-LAB-473,Lab Equipment,629,200,0.0,0,5.35,58.6,21.5,37.9,2.091,2.222,0.0,0
AST-MED-502,Medical,2236,86,204.3,14,3.03,57.9,8.2,48.4,1.171,0.956,2.741,1
AST-IT -270,IT Server,2070,172,35.9,5,4.29,58.4,17.0,74.1,1.667,1.911,0.52,1
AST-HVA-140,HVAC,170,177,0.0,0,4.94,63.6,29.6,63.3,2.096,1.967,0.0,0
AST-ELE-773,Elevator,608,6,0.2,1,1.81,48.8,30.0,36.5,0.588,0.067,0.01,0
AST-ELE-150,Elevator,383,78,40.2,3,2.8,61.5,31.1,67.6,1.15,0.867,3.149,0
AST-LAB-908,Lab Equipment,101,82,0.0,0,0.91,44.6,12.7,43.2,0.27,0.911,0.0,0
AST-HVA-672,HVAC,1414,72,22.0,5,2.47,61.5,19.5,39.5,1.015,0.8,0.467,0
AST-GEN-607,Generator,499,103,13.8,2,3.01,69.1,42.8,40.0,1.389,1.144,0.83,0
AST-GEN-847,Generator,263,226,4.6,1,5.47,98.7,61.1,31.9,3.6,2.511,0.525,1
AST-ELE-302,Elevator,990,82,26.4,4,2.36,68.8,34.3,30.2,1.084,0.911,0.8,0
AST-WAT-771,Water Pump,919,98,37.9,9,2.75,59.2,32.0,53.8,1.088,1.089,1.237,0
AST-WAT-952,Water Pump,852,208,10.9,6,4.97,98.9,38.7,30.9,3.277,2.311,0.384,1
AST-HVA-158,HVAC,184,151,1.0,1,3.73,62.7,27.0,46.5,1.558,1.678,0.163,0
AST-WAT-709,Water Pump,2441,61,49.1,18,2.28,56.6,34.7,55.5,0.859,0.678,0.603,0
AST-LAB-633,Lab Equipment,496,187,0.9,4,4.32,58.3,18.3,21.8,1.681,2.078,0.054,1
AST-MED-974,Medical,2207,12,9.5,12,1.57,41.1,7.5,69.1,0.429,0.133,0.129,0
AST-ELE-336,Elevator,1405,179,44.3,11,6.14,79.9,40.5,56.4,3.27,1.989,0.946,0
AST-HVA-443,HVAC,2257,226,20.7,13,7.43,76.4,33.6,41.3,3.784,2.511,0.275,1
AST-WAT-284,Water Pump,237,160,0.0,0,3.29,55.9,35.7,52.7,1.224,1.778,0.0,0
AST-HVA-368,HVAC,933,163,247.6,13,5.25,77.1,27.3,66.4,2.696,1.811,7.961,1
AST-LAB-190,Lab Equipment,1023,198,0.1,4,4.98,66.0,17.1,54.3,2.191,2.2,0.003,0
AST-GEN-646,Generator,131,132,9.0,4,3.43,82.9,51.6,25.6,1.894,1.467,2.061,0
AST-HVA-243,HVAC,591,173,12.9,2,5.02,73.3,23.4,41.8,2.451,1.922,0.655,0
AST-IT -168,IT Server,1458,219,33.3,7,5.5,83.7,26.2,45.0,3.068,2.433,0.685,0
AST-WAT-685,Water Pump,1271,200,121.0,5,7.28,87.0,39.0,53.3,4.223,2.222,2.856,1
AST-ELE-362,Elevator,1905,217,327.3,13,7.83,86.9,35.2,45.9,4.533,2.411,5.154,1
AST-MED-835,Medical,932,19,79.6,7,2.12,39.5,7.4,70.0,0.557,0.211,2.562,0
AST-WAT-190,Water Pump,178,90,1.9,1,1.0,54.8,38.7,60.4,0.366,1.0,0.32,0
AST-GEN-790,Generator,1031,3,33.2,3,2.74,67.1,47.1,40.8,1.225,0.033,0.966,0
AST-LAB-609,Lab Equipment,860,155,3.2,2,4.03,61.7,18.3,51.3,1.657,1.722,0.112,0
AST-IT -397,IT Server,601,25,52.7,3,1.66,42.7,12.6,65.1,0.472,0.278,2.631,0
AST-HVA-864,HVAC,1293,36,10.7,7,3.36,52.1,19.4,51.2,1.168,0.4,0.248,0
AST-IT -338,IT Server,1973,105,75.1,8,2.92,60.8,12.0,70.9,1.184,1.167,1.142,0
AST-MED-763,Medical,147,194,28.6,2,4.39,59.5,17.7,26.3,1.74,2.156,5.837,0
AST-LAB-931,Lab Equipment,2019,110,34.0,7,3.6,50.6,18.9,59.3,1.213,1.222,0.505,0
AST-WAT-200,Water Pump,2115,127,229.5,12,6.42,82.2,40.3,63.7,3.517,1.411,3.255,1
AST-WAT-228,Water Pump,2204,139,3.3,7,4.42,69.4,39.8,56.2,2.047,1.544,0.045,0
AST-GEN-518,Generator,997,111,55.9,5,3.16,60.3,55.6,50.6,1.27,1.233,1.682,0
AST-ELE-782,Elevator,1494,7,28.5,7,2.84,71.8,22.2,69.8,1.361,0.078,0.572,0
AST-ELE-506,Elevator,691,118,8.4,6,3.86,60.4,24.8,74.6,1.552,1.311,0.365,0
AST-GEN-706,Generator,680,48,11.2,3,3.29,59.7,40.1,20.0,1.31,0.533,0.494,0
AST-LAB-554,Lab Equipment,2138,213,14.4,10,6.4,67.1,20.0,35.9,2.863,2.367,0.202,1
AST-HVA-683,HVAC,827,115,88.1,4,4.53,51.5,28.1,33.2,1.555,1.278,3.196,0
AST-HVA-504,HVAC,1360,44,63.5,9,2.75,54.8,21.5,64.6,1.005,0.489,1.401,0
AST-ELE-716,Elevator,2232,156,42.9,6,5.96,81.9,27.4,41.4,3.254,1.733,0.577,1
AST-MED-694,Medical,2420,62,1.2,8,2.13,40.7,9.5,35.2,0.577,0.689,0.015,0
AST-IT -648,IT Server,464,35,25.0,3,1.17,45.5,11.9,49.7,0.356,0.389,1.616,0
AST-IT -588,IT Server,1997,120,34.7,8,2.79,59.2,21.0,43.5,1.101,1.333,0.521,0
AST-MED-717,Medical,2061,98,12.0,10,1.9,42.9,7.9,58.7,0.544,1.089,0.175,0
AST-IT -958,IT Server,799,234,58.3,4,6.34,85.0,23.9,42.7,3.591,2.6,2.189,1
AST-ELE-644,Elevator,130,82,9.7,1,2.99,60.7,35.9,70.0,1.208,0.911,2.238,0
AST-HVA-827,HVAC,1221,32,68.3,8,2.83,65.5,22.7,64.6,1.235,0.356,1.678,0
AST-HVA-899,HVAC,1617,85,25.8,9,2.32,59.2,22.5,32.9,0.916,0.944,0.479,0
AST-IT -292,IT Server,2371,18,89.7,18,2.67,61.6,16.3,52.0,1.098,0.2,1.135,0
AST-GEN-704,Generator,1473,223,74.0,9,7.41,115.8,63.2,41.4,5.721,2.478,1.507,1
AST-WAT-195,Water Pump,2218,137,102.1,9,6.66,76.4,42.3,81.3,3.393,1.522,1.381,1
AST-ELE-216,Elevator,1293,135,21.7,12,3.69,71.5,30.5,40.5,1.759,1.5,0.503,0
AST-HVA-993,HVAC,1508,199,51.1,8,6.81,79.6,30.4,46.2,3.61,2.211,1.017,1
AST-ELE-717,Elevator,782,68,40.3,3,2.33,58.9,26.6,65.0,0.914,0.756,1.546,0
AST-ELE-753,Elevator,771,134,119.4,6,4.74,72.9,34.0,53.3,2.304,1.489,4.646,0
AST-IT -955,IT Server,2042,90,23.4,14,1.58,49.0,16.0,52.0,0.518,1.0,0.344,0
AST-HVA-741,HVAC,984,165,72.9,11,6.39,68.6,32.0,61.8,2.921,1.833,2.223,1
AST-GEN-703,Generator,833,5,0.4,6,2.96,91.3,50.7,55.8,1.804,0.056,0.014,0
AST-ELE-998,Elevator,644,88,25.8,2,2.77,63.5,25.6,46.7,1.174,0.978,1.202,0
AST-HVA-759,HVAC,2107,101,52.3,15,4.46,64.6,29.3,48.5,1.919,1.122,0.745,0
AST-HVA-605,HVAC,1157,44,7.3,12,2.06,56.8,21.7,45.1,0.782,0.489,0.189,0
AST-HVA-511,HVAC,2490,89,12.5,11,3.15,62.8,22.2,42.8,1.319,0.989,0.151,0
AST-GEN-265,Generator,960,218,53.2,3,6.92,104.3,58.0,34.7,4.814,2.422,1.663,1
AST-IT -315,IT Server,517,163,14.2,2,3.47,67.2,18.9,26.5,1.554,1.811,0.824,0
AST-LAB-272,Lab Equipment,201,4,2.6,2,1.45,47.8,9.3,45.2,0.46,0.044,0.388,0
AST-LAB-754,Lab Equipment,831,6,21.8,3,2.04,48.0,13.7,37.9,0.654,0.067,0.787,0
AST-WAT-367,Water Pump,737,232,13.4,4,7.0,84.8,41.4,41.0,3.958,2.578,0.545,1
AST-ELE-533,Elevator,598,67,15.6,2,2.86,59.1,30.8,50.8,1.127,0.744,0.783,0
AST-IT -562,IT Server,1518,62,62.6,10,1.97,53.3,13.7,35.5,0.7,0.689,1.237,0
AST-WAT-852,Water Pump,1210,7,46.0,5,3.43,55.8,30.7,43.4,1.277,0.078,1.14,0
AST-MED-606,Medical,406,207,1.7,2,4.73,59.5,16.7,41.6,1.879,2.3,0.126,0
AST-MED-412,Medical,1631,170,39.1,8,5.04,62.7,14.6,51.0,2.105,1.889,0.719,0
AST-MED-517,Medical,2061,66,59.4,10,2.51,56.1,6.8,27.0,0.939,0.733,0.865,1
AST-LAB-655,Lab Equipment,2049,202,105.8,14,6.51,75.2,21.5,44.6,3.266,2.244,1.549,1
AST-ELE-411,Elevator,1066,96,4.0,5,2.66,58.5,27.5,57.1,1.038,1.067,0.113,0
AST-MED-841,Medical,298,72,6.9,1,0.99,41.9,7.1,36.5,0.277,0.8,0.695,0
AST-LAB-662,Lab Equipment,2227,170,1.8,11,4.76,64.4,17.1,58.5,2.045,1.889,0.024,0
AST-MED-994,Medical,2135,51,8.1,11,1.91,41.5,9.0,39.3,0.529,0.567,0.114,0
AST-WAT-374,Water Pump,2105,51,25.9,17,4.73,61.3,25.9,64.1,1.933,0.567,0.369,0
AST-IT -859,IT Server,966,170,0.3,2,3.58,70.5,19.5,63.2,1.683,1.889,0.009,0
AST-MED-770,Medical,2270,110,87.9,17,2.75,52.8,9.6,41.4,0.967,1.222,1.162,0
AST-WAT-526,Water Pump,2055,56,54.2,15,1.94,48.8,29.3,54.4,0.631,0.622,0.791,0
AST-LAB-949,Lab Equipment,1257,133,26.5,4,3.63,45.8,15.1,48.8,1.107,1.478,0.632,0
AST-GEN-130,Generator,1917,122,85.8,11,5.04,95.0,48.7,44.9,3.194,1.356,1.343,1
AST-LAB-104,Lab Equipment,2110,231,80.3,14,6.07,70.5,24.9,40.4,2.851,2.567,1.142,1
AST-GEN-262,Generator,1703,198,98.9,11,6.41,97.0,57.3,36.8,4.142,2.2,1.742,1
AST-IT -323,IT Server,1061,77,56.4,8,1.47,50.2,17.6,49.2,0.493,0.856,1.595,0
AST-ELE-540,Elevator,2475,177,41.2,9,4.94,92.5,34.3,48.5,3.044,1.967,0.499,1
AST-IT -132,IT Server,1488,7,6.3,3,1.42,45.0,13.8,51.8,0.427,0.078,0.127,0
AST-WAT-412,Water Pump,1337,205,2.4,10,6.1,106.5,42.5,81.3,4.333,2.278,0.054,1
AST-ELE-132,Elevator,2470,45,64.8,14,2.95,60.3,26.6,76.1,1.186,0.5,0.787,0
AST-LAB-574,Lab Equipment,706,188,83.6,4,4.61,72.2,21.3,54.4,2.222,2.089,3.552,0
AST-HVA-568,HVAC,837,72,29.9,3,1.97,56.8,22.0,62.0,0.746,0.8,1.072,0
AST-WAT-717,Water Pump,833,146,22.4,5,5.74,74.3,43.1,53.3,2.843,1.622,0.807,1
AST-LAB-557,Lab Equipment,960,235,8.3,3,6.07,75.2,23.1,49.9,3.043,2.611,0.259,1
AST-GEN-964,Generator,2447,81,124.0,15,3.98,79.3,53.2,58.8,2.107,0.9,1.52,1
AST-WAT-453,Water Pump,49,62,0.0,0,4.05,64.3,36.5,36.5,1.734,0.689,0.0,0
AST-HVA-164,HVAC,1757,36,7.9,9,2.13,62.3,30.3,51.4,0.885,0.4,0.135,0
AST-MED-212,Medical,1481,10,21.0,11,2.09,48.5,6.1,47.0,0.676,0.111,0.425,0
AST-ELE-813,Elevator,49,77,0.0,0,2.16,57.3,35.5,20.9,0.824,0.856,0.0,0
AST-HVA-773,HVAC,787,144,1.8,3,3.57,78.0,25.1,51.3,1.855,1.6,0.069,1
AST-GEN-451,Generator,959,227,36.7,4,7.29,104.7,55.9,40.3,5.092,2.522,1.148,1
AST-LAB-710,Lab Equipment,1114,198,50.6,9,4.75,74.4,19.4,53.3,2.354,2.2,1.363,1
AST-ELE-800,Elevator,982,212,3.9,5,5.01,75.0,44.5,68.3,2.504,2.356,0.119,1
AST-LAB-735,Lab Equipment,1384,49,24.3,7,1.81,51.7,13.6,39.7,0.623,0.544,0.527,0
AST-ELE-842,Elevator,441,29,9.7,2,3.41,62.1,28.8,44.9,1.414,0.322,0.66,0
AST-ELE-461,Elevator,2389,8,56.1,13,3.72,65.8,31.7,52.4,1.633,0.089,0.704,0
AST-WAT-270,Water Pump,1672,92,48.1,8,4.58,74.4,37.4,56.5,2.268,1.022,0.863,1
AST-LAB-936,Lab Equipment,1112,39,46.0,6,1.78,52.5,12.8,76.8,0.624,0.433,1.241,0
AST-WAT-791,Water Pump,1587,232,19.5,7,7.42,91.3,40.6,38.3,4.518,2.578,0.369,1
AST-ELE-452,Elevator,484,178,0.0,0,4.01,58.2,32.4,44.5,1.554,1.978,0.0,1
AST-MED-607,Medical,945,136,20.1,6,2.59,48.5,10.7,42.2,0.837,1.511,0.638,0
AST-ELE-793,Elevator,1463,90,8.8,9,3.49,58.8,30.7,72.4,1.37,1.0,0.18,0
AST-HVA-365,HVAC,1796,11,33.7,6,3.49,49.8,21.8,37.4,1.161,0.122,0.563,0
AST-WAT-740,Water Pump,361,150,86.1,3,6.26,78.2,33.8,47.1,3.264,1.667,7.155,1
AST-HVA-180,HVAC,1982,171,79.7,5,5.74,74.9,35.2,59.7,2.868,1.9,1.206,1
AST-MED-452,Medical,1494,81,3.2,4,1.65,34.4,7.7,48.4,0.379,0.9,0.064,0
AST-GEN-805,Generator,1888,179,87.6,15,5.11,97.8,58.6,45.9,3.333,1.989,1.392,1
AST-WAT-527,Water Pump,585,122,1.4,1,3.26,61.4,37.1,40.2,1.334,1.356,0.072,0
AST-WAT-210,Water Pump,1732,117,4.2,11,5.37,79.5,23.7,34.7,2.846,1.3,0.073,1
AST-LAB-356,Lab Equipment,1608,25,101.3,13,2.56,50.6,10.4,43.0,0.861,0.278,1.89,0
AST-GEN-966,Generator,385,171,10.5,2,4.37,80.8,63.2,61.8,2.356,1.9,0.818,1
AST-LAB-483,Lab Equipment,1763,185,24.7,11,5.16,67.2,22.2,53.3,2.31,2.056,0.42,0
AST-WAT-865,Water Pump,713,195,33.8,8,6.75,75.3,36.2,46.4,3.385,2.167,1.422,1
AST-HVA-277,HVAC,1767,8,16.0,8,1.71,57.4,27.7,59.6,0.655,0.089,0.272,0
AST-IT -221,IT Server,2123,201,144.9,11,6.19,90.0,24.6,54.7,3.718,2.233,2.048,1
AST-LAB-263,Lab Equipment,87,151,0.0,0,3.44,53.5,16.2,63.8,1.225,1.678,0.0,0
AST-HVA-534,HVAC,2368,60,29.2,14,3.31,61.8,24.1,67.0,1.362,0.667,0.37,1
AST-WAT-541,Water Pump,1015,6,31.1,9,2.46,68.3,27.0,62.7,1.12,0.067,0.919,0
AST-GEN-733,Generator,2478,87,2.4,15,3.12,74.5,56.6,44.2,1.553,0.967,0.029,0
AST-LAB-862,Lab Equipment,2053,16,70.6,15,2.74,41.1,11.5,39.8,0.749,0.178,1.032,0
AST-HVA-829,HVAC,1381,185,52.3,5,4.9,73.8,31.5,46.7,2.412,2.056,1.136,1
AST-IT -652,IT Server,615,235,1.0,1,5.21,82.2,26.6,53.3,2.852,2.611,0.049,0
AST-ELE-820,Elevator,1745,113,14.5,10,3.37,60.1,31.9,40.0,1.35,1.256,0.249,0
AST-WAT-202,Water Pump,739,195,11.7,4,5.81,71.3,38.9,40.4,2.76,2.167,0.475,1
AST-WAT-334,Water Pump,2205,236,18.4,7,6.68,95.7,50.1,64.5,4.259,2.622,0.25,1
AST-HVA-415,HVAC,2086,89,48.2,17,3.01,61.4,23.3,46.8,1.232,0.989,0.693,0
AST-HVA-773,HVAC,1225,167,5.5,5,4.62,66.3,30.9,58.4,2.039,1.856,0.135,1
AST-GEN-478,Generator,1022,103,22.7,6,2.79,88.6,54.4,50.4,1.649,1.144,0.666,0
AST-HVA-979,HVAC,622,142,4.2,3,2.86,75.0,27.9,67.3,1.431,1.578,0.203,0
AST-ELE-343,Elevator,468,64,1.9,1,2.42,53.3,34.0,31.6,0.859,0.711,0.122,0
AST-LAB-470,Lab Equipment,1549,114,13.1,13,1.73,44.0,12.4,43.4,0.506,1.267,0.254,0
AST-GEN-720,Generator,291,29,6.9,1,2.13,67.2,43.9,57.1,0.954,0.322,0.711,0
AST-MED-704,Medical,129,192,3.9,2,3.91,55.1,16.5,20.0,1.439,2.133,0.907,0
AST-MED-298,Medical,378,134,11.0,2,2.61,43.1,10.8,42.4,0.75,1.489,0.873,0
AST-GEN-762,Generator,1255,64,26.4,5,1.88,67.7,47.3,41.3,0.85,0.711,0.631,0
AST-IT -481,IT Server,951,235,28.7,6,6.04,72.7,31.0,48.1,2.93,2.611,0.905,1
AST-HVA-802,HVAC,672,171,17.6,4,4.57,74.4,29.1,65.1,2.264,1.9,0.786,0
AST-LAB-595,Lab Equipment,516,174,13.8,2,4.26,62.7,16.8,59.3,1.778,1.933,0.802,0
AST-MED-116,Medical,1701,38,43.3,10,1.97,46.2,6.5,36.9,0.606,0.422,0.764,0
AST-HVA-789,HVAC,1945,155,45.9,12,4.67,86.9,26.2,65.0,2.706,1.722,0.708,1
AST-WAT-447,Water Pump,293,233,0.6,1,5.76,99.2,52.9,45.0,3.813,2.589,0.061,1
AST-WAT-265,Water Pump,2115,29,27.7,8,3.2,71.4,25.3,54.1,1.526,0.322,0.393,0
AST-GEN-801,Generator,371,191,2.1,2,5.1,88.2,56.9,41.0,2.995,2.122,0.17,1
AST-IT -600,IT Server,966,210,14.5,7,4.7,77.0,27.9,48.3,2.413,2.333,0.45,1
AST-GEN-200,Generator,2461,141,27.3,16,5.5,97.8,48.2,55.7,3.585,1.567,0.333,1
AST-IT -177,IT Server,1349,114,21.5,4,2.11,57.8,15.3,45.2,0.814,1.267,0.478,0
AST-LAB-545,Lab Equipment,2012,30,126.1,12,3.16,50.2,13.1,63.5,1.057,0.333,1.88,0
AST-MED-240,Medical,2343,132,60.2,18,3.58,63.3,10.1,58.8,1.51,1.467,0.771,0
AST-LAB-101,Lab Equipment,1840,165,17.5,12,4.5,62.8,20.4,53.2,1.886,1.833,0.285,1
AST-WAT-709,Water Pump,361,96,24.2,3,3.67,60.1,34.5,58.1,1.473,1.067,2.011,0
AST-HVA-360,HVAC,1152,82,20.2,11,2.31,55.4,24.9,50.4,0.855,0.911,0.526,0
AST-WAT-281,Water Pump,54,34,4.9,1,2.59,67.4,36.1,45.8,1.163,0.378,2.722,0
AST-LAB-860,Lab Equipment,2162,63,116.1,13,3.37,60.4,12.7,56.1,1.356,0.7,1.611,0
AST-IT -727,IT Server,170,228,68.5,3,5.84,76.4,26.3,68.4,2.976,2.533,12.088,1
AST-MED-753,Medical,1448,226,52.7,8,6.2,75.6,18.4,63.4,3.128,2.511,1.092,1
AST-IT -423,IT Server,2090,103,86.9,12,2.37,59.7,14.3,39.8,0.942,1.144,1.247,0
AST-LAB-148,Lab Equipment,1003,167,27.8,4,4.6,60.9,19.1,56.8,1.868,1.856,0.832,0
AST-MED-108,Medical,872,70,7.9,7,1.04,43.0,9.7,39.5,0.298,0.778,0.272,0
AST-ELE-570,Elevator,1455,77,21.3,8,1.94,47.3,28.7,52.0,0.613,0.856,0.439,0
AST-IT -828,IT Server,628,62,12.9,6,1.03,50.6,15.2,39.4,0.346,0.689,0.616,0
AST-IT -617,IT Server,424,12,0.0,0,1.17,44.6,13.3,55.0,0.349,0.133,0.0,0
AST-GEN-950,Generator,2280,171,72.1,11,6.8,107.7,47.4,33.0,4.88,1.9,0.949,1
AST-GEN-173,Generator,228,224,0.0,0,7.08,86.4,49.7,50.8,4.079,2.489,0.0,1
AST-HVA-349,HVAC,1031,72,7.6,8,2.85,59.0,23.0,49.3,1.119,0.8,0.221,0
AST-HVA-658,HVAC,1301,41,22.6,8,1.68,53.8,22.7,49.3,0.603,0.456,0.521,0
AST-HVA-340,HVAC,2223,169,30.8,6,4.64,79.5,32.2,50.1,2.458,1.878,0.416,1
AST-MED-915,Medical,996,45,31.9,6,1.34,47.2,6.0,46.1,0.42,0.5,0.961,0
AST-IT -857,IT Server,836,176,3.9,4,3.85,57.6,23.3,65.9,1.479,1.956,0.14,0
AST-WAT-788,Water Pump,1614,134,78.1,8,4.51,67.1,34.3,68.3,2.02,1.489,1.452,1
AST-WAT-752,Water Pump,1713,57,18.5,6,3.54,65.1,38.7,36.4,1.536,0.633,0.324,0
AST-HVA-343,HVAC,2231,145,89.1,13,5.48,69.3,26.4,63.4,2.533,1.611,1.198,1
AST-ELE-188,Elevator,1991,63,26.5,11,3.58,54.8,35.7,30.9,1.308,0.7,0.399,0
AST-IT -112,IT Server,1938,192,83.6,11,5.16,74.6,20.9,46.3,2.566,2.133,1.294,1
AST-ELE-413,Elevator,2021,110,31.0,11,3.3,69.1,24.8,55.4,1.52,1.222,0.46,0
AST-HVA-143,HVAC,124,91,11.7,2,2.87,47.3,27.6,48.2,0.905,1.011,2.831,0
AST-MED-815,Medical,438,200,39.3,5,4.85,64.7,17.8,52.8,2.092,2.222,2.692,1
AST-LAB-109,Lab Equipment,1900,30,15.4,8,2.19,54.1,11.2,49.2,0.791,0.333,0.243,0
AST-MED-674,Medical,1525,224,28.2,8,5.55,69.8,17.6,46.1,2.585,2.489,0.555,1
AST-WAT-769,Water Pump,2213,215,309.7,17,6.87,86.9,36.5,39.6,3.984,2.389,4.198,1
AST-HVA-284,HVAC,917,118,60.5,3,3.31,68.4,17.1,81.5,1.512,1.311,1.979,1
AST-MED-182,Medical,481,226,0.7,1,5.08,65.7,18.7,51.3,2.224,2.511,0.044,0
AST-WAT-182,Water Pump,1114,205,12.6,5,6.91,93.3,43.4,41.0,4.297,2.278,0.339,1
AST-MED-365,Medical,1518,108,83.0,7,2.76,54.7,10.9,85.0,1.007,1.2,1.64,0
AST-GEN-731,Generator,1649,89,122.2,10,3.33,76.6,41.8,55.9,1.698,0.989,2.223,1
AST-WAT-217,Water Pump,2487,48,92.4,19,4.72,81.7,24.8,51.5,2.575,0.533,1.115,1
AST-LAB-180,Lab Equipment,997,113,48.8,5,2.42,47.9,16.0,46.9,0.774,1.256,1.468,0
AST-ELE-930,Elevator,506,177,37.4,2,5.28,73.7,37.3,44.9,2.593,1.967,2.217,0
AST-IT -612,IT Server,1730,193,76.4,17,5.35,70.7,25.2,60.9,2.523,2.144,1.325,1
AST-LAB-346,Lab Equipment,2424,91,87.4,14,3.57,55.3,12.2,61.5,1.317,1.011,1.082,0
AST-GEN-859,Generator,1675,196,9.9,6,5.55,84.4,45.7,42.2,3.121,2.178,0.177,1
AST-WAT-551,Water Pump,2257,57,128.6,9,3.08,78.6,34.7,31.7,1.615,0.633,1.709,0
AST-MED-472,Medical,2055,54,33.3,13,1.9,43.6,8.8,22.4,0.552,0.6,0.486,0
AST-GEN-657,Generator,2179,123,344.1,14,5.74,90.4,44.4,30.3,3.455,1.367,4.737,1
AST-WAT-147,Water Pump,709,187,0.0,0,4.95,76.3,42.4,61.2,2.519,2.078,0.0,1
AST-ELE-771,Elevator,1212,171,0.8,7,5.51,78.2,39.1,31.9,2.871,1.9,0.02,1
AST-HVA-409,HVAC,1247,202,34.8,6,6.0,97.2,30.2,30.8,3.89,2.244,0.837,1
AST-LAB-280,Lab Equipment,2054,109,85.4,7,2.75,55.4,12.6,61.1,1.017,1.211,1.247,1
AST-GEN-100,Generator,1245,175,135.0,7,6.34,94.0,57.5,53.3,3.973,1.944,3.253,1
AST-WAT-568,Water Pump,1734,200,68.7,13,6.95,87.7,39.9,37.0,4.061,2.222,1.189,1
AST-MED-278,Medical,448,96,5.2,1,1.34,40.0,11.0,34.3,0.357,1.067,0.348,0
AST-IT -332,IT Server,491,154,3.6,2,2.97,67.7,23.0,44.5,1.34,1.711,0.22,0
AST-IT -854,IT Server,1756,54,43.9,12,1.83,54.8,16.9,52.9,0.667,0.6,0.75,0
AST-LAB-368,Lab Equipment,1992,7,33.1,14,1.81,44.9,11.1,42.6,0.543,0.078,0.498,0
AST-LAB-420,Lab Equipment,1574,138,12.1,9,3.35,55.5,15.7,40.4,1.238,1.533,0.231,0
AST-LAB-707,Lab Equipment,2121,232,560.2,14,6.5,78.2,25.8,57.6,3.388,2.578,7.924,1
AST-HVA-321,HVAC,1575,142,20.9,6,3.19,72.9,25.8,38.2,1.55,1.578,0.398,0
AST-GEN-103,Generator,145,72,11.3,4,3.51,74.3,43.9,35.0,1.738,0.8,2.338,0
AST-LAB-799,Lab Equipment,963,103,75.9,7,2.67,43.9,12.2,50.9,0.783,1.144,2.364,0
AST-ELE-963,Elevator,352,196,2.1,2,4.93,78.6,43.3,22.3,2.583,2.178,0.179,1
AST-GEN-864,Generator,623,200,4.0,1,5.01,88.2,53.2,32.4,2.946,2.222,0.193,0
AST-IT -216,IT Server,716,124,49.8,4,2.85,55.7,16.9,52.8,1.057,1.378,2.087,0
AST-LAB-437,Lab Equipment,2480,58,115.5,17,2.78,52.8,10.5,48.4,0.979,0.644,1.397,0
AST-HVA-370,HVAC,234,97,8.7,1,2.93,48.6,20.5,51.2,0.95,1.078,1.115,0
AST-ELE-248,Elevator,2401,25,93.0,14,4.11,70.9,31.8,52.4,1.943,0.278,1.162,1
AST-LAB-274,Lab Equipment,555,132,2.0,3,2.26,52.1,12.6,64.3,0.787,1.467,0.108,0
AST-LAB-227,Lab Equipment,2154,50,5.7,10,1.73,39.6,13.7,31.5,0.456,0.556,0.079,0
AST-IT -216,IT Server,1858,179,36.9,9,4.68,64.2,21.4,46.5,2.001,1.989,0.596,1
AST-LAB-767,Lab Equipment,248,218,2.2,1,5.0,75.1,22.4,61.4,2.504,2.422,0.266,0
AST-MED-793,Medical,1865,135,98.2,9,4.08,57.2,9.9,36.1,1.556,1.5,1.58,0
AST-WAT-956,Water Pump,2162,168,84.4,14,7.16,72.3,29.6,44.6,3.452,1.867,1.171,1
AST-IT -588,IT Server,1196,149,7.2,8,3.03,46.5,21.1,64.0,0.938,1.656,0.181,0
AST-IT -714,IT Server,262,81,1.6,1,0.96,45.4,14.0,63.1,0.29,0.9,0.183,0
AST-WAT-238,Water Pump,466,126,0.0,0,3.7,68.1,29.8,28.5,1.679,1.4,0.0,0
AST-MED-659,Medical,1706,203,10.3,5,5.16,59.8,17.0,47.8,2.058,2.256,0.181,1
AST-LAB-464,Lab Equipment,2146,189,91.7,8,5.87,78.3,22.4,62.3,3.066,2.1,1.282,1
AST-IT -647,IT Server,447,229,0.0,0,5.22,69.7,27.0,50.7,2.424,2.544,0.0,0
AST-LAB-178,Lab Equipment,2047,55,186.6,13,3.33,56.1,15.3,49.3,1.244,0.611,2.735,1
AST-ELE-974,Elevator,1313,105,98.0,8,3.61,67.0,23.6,44.5,1.613,1.167,2.239,0
AST-HVA-517,HVAC,849,213,19.2,7,6.29,94.8,30.2,55.5,3.974,2.367,0.678,1
AST-IT -572,IT Server,1531,214,64.5,5,5.86,86.6,26.7,37.3,3.381,2.378,1.264,1
AST-WAT-282,Water Pump,1727,27,35.6,13,4.36,57.2,26.7,54.1,1.664,0.3,0.618,0
AST-MED-723,Medical,1711,56,9.9,4,1.56,44.9,6.9,74.2,0.466,0.622,0.174,0
AST-IT -619,IT Server,320,23,0.7,2,0.61,53.5,15.3,48.9,0.217,0.256,0.066,0
AST-GEN-638,Generator,2446,166,74.3,16,6.07,96.5,53.7,50.4,3.906,1.844,0.911,1
AST-IT -154,IT Server,1635,136,0.2,7,2.88,54.5,19.2,55.7,1.046,1.511,0.004,0
AST-GEN-814,Generator,223,30,1.3,1,2.55,75.3,43.5,41.6,1.282,0.333,0.175,0
AST-ELE-943,Elevator,83,128,0.0,0,3.05,50.9,32.0,49.9,1.034,1.422,0.0,0
AST-LAB-456,Lab Equipment,802,204,2.7,5,5.67,68.8,23.3,49.2,2.599,2.267,0.101,0
AST-GEN-217,Generator,1623,57,56.1,9,2.65,76.1,45.1,62.4,1.346,0.633,1.037,0
AST-ELE-299,Elevator,1756,236,18.1,16,7.49,93.6,41.6,57.4,4.674,2.622,0.309,1
AST-WAT-347,Water Pump,344,121,10.1,1,4.15,67.0,33.0,40.6,1.852,1.344,0.881,0
AST-IT -437,IT Server,1126,149,25.8,10,2.91,61.3,20.5,49.1,1.189,1.656,0.687,1
AST-WAT-146,Water Pump,1301,177,20.3,3,6.47,69.1,41.3,61.2,2.978,1.967,0.468,1
AST-HVA-348,HVAC,1980,173,49.9,8,5.4,86.2,30.0,22.1,3.102,1.922,0.756,1
AST-MED-867,Medical,1241,96,77.0,11,2.64,49.3,7.7,42.0,0.867,1.067,1.861,0
AST-MED-615,Medical,951,88,34.7,3,2.08,42.7,7.9,62.6,0.593,0.978,1.095,0
AST-WAT-988,Water Pump,990,175,89.3,5,7.41,82.1,38.9,41.6,4.06,1.944,2.706,1
AST-IT -661,IT Server,536,40,16.1,2,1.17,46.1,16.7,44.8,0.36,0.444,0.901,0
AST-MED-850,Medical,922,155,21.2,4,3.27,60.4,11.3,52.8,1.316,1.722,0.69,0
AST-GEN-429,Generator,1430,28,28.7,8,1.66,81.2,39.7,71.4,0.898,0.311,0.602,0
AST-MED-171,Medical,2488,180,45.0,15,4.78,63.8,15.6,47.1,2.032,2.0,0.543,1
AST-MED-671,Medical,303,162,4.8,2,3.81,49.6,16.0,28.0,1.26,1.8,0.475,0
AST-WAT-360,Water Pump,2051,223,2.6,9,7.45,83.3,46.2,57.7,4.136,2.478,0.038,1
AST-GEN-208,Generator,776,181,5.7,2,5.02,81.0,53.7,43.9,2.713,2.011,0.22,1
AST-WAT-138,Water Pump,527,179,1.6,1,4.79,69.1,44.4,72.3,2.206,1.989,0.091,0
AST-GEN-685,Generator,2480,67,18.5,10,1.83,79.8,53.6,52.8,0.975,0.744,0.224,0
AST-HVA-944,HVAC,881,186,184.1,9,5.56,75.0,33.1,47.1,2.78,2.067,6.269,1
AST-MED-425,Medical,987,25,1.0,6,1.57,39.5,9.3,59.9,0.413,0.278,0.03,0
AST-GEN-894,Generator,245,155,5.3,2,4.72,76.3,49.9,47.8,2.399,1.722,0.649,1
AST-WAT-920,Water Pump,1956,154,11.7,12,6.4,96.0,30.9,63.1,4.093,1.711,0.179,1
AST-ELE-854,Elevator,1413,199,43.6,10,5.88,81.7,36.1,51.8,3.203,2.211,0.926,0
AST-HVA-766,HVAC,2434,110,47.3,11,3.4,73.2,24.2,66.1,1.659,1.222,0.583,0
AST-MED-471,Medical,2402,138,33.9,7,3.8,55.7,12.5,35.5,1.411,1.533,0.423,0
AST-ELE-384,Elevator,161,144,2.9,2,3.53,64.0,32.3,63.1,1.506,1.6,0.54,0
AST-IT -719,IT Server,750,180,10.8,4,4.09,61.9,24.5,37.1,1.689,2.0,0.432,1
AST-LAB-751,Lab Equipment,800,85,23.5,5,1.69,46.4,12.1,38.3,0.524,0.944,0.881,0
AST-WAT-195,Water Pump,1744,103,27.4,4,4.64,69.9,26.7,53.2,2.162,1.144,0.471,0
AST-HVA-998,HVAC,874,56,5.2,3,1.84,48.9,23.7,65.0,0.599,0.622,0.178,0
AST-LAB-296,Lab Equipment,1786,116,37.8,9,3.95,56.5,17.1,61.6,1.486,1.289,0.635,1
AST-ELE-239,Elevator,525,123,18.8,3,5.74,65.2,33.4,20.0,2.495,1.367,1.074,0
AST-ELE-400,Elevator,75,181,0.0,0,4.65,69.8,37.5,52.2,2.163,2.011,0.0,0
AST-MED-235,Medical,733,166,11.4,6,4.29,50.4,13.3,76.3,1.444,1.844,0.467,0
AST-WAT-376,Water Pump,415,177,27.0,1,3.99,84.3,42.1,38.1,2.245,1.967,1.952,0
AST-WAT-959,Water Pump,970,208,53.7,4,7.93,94.8,45.0,39.4,5.008,2.311,1.661,1
AST-LAB-789,Lab Equipment,1036,48,53.6,5,2.59,52.7,12.3,46.7,0.911,0.533,1.552,0
AST-LAB-420,Lab Equipment,1293,231,37.1,11,6.55,84.0,20.9,54.7,3.671,2.567,0.861,1
AST-IT -202,IT Server,1299,75,224.4,11,2.58,63.5,14.7,41.6,1.09,0.833,5.182,1
AST-MED-879,Medical,2294,224,490.3,14,6.79,80.7,16.3,47.6,3.655,2.489,6.412,1
AST-GEN-785,Generator,156,41,1.6,1,1.83,71.1,32.0,53.9,0.865,0.456,0.308,0
AST-GEN-927,Generator,1536,2,15.6,7,2.07,91.4,45.9,46.4,1.26,0.022,0.305,0
AST-MED-549,Medical,1714,90,29.7,9,1.83,39.2,10.0,69.4,0.48,1.0,0.52,0
AST-HVA-220,HVAC,2138,110,51.4,12,2.41,62.3,27.2,32.7,0.998,1.222,0.721,0
AST-MED-526,Medical,1152,3,34.7,7,1.78,45.4,9.1,57.5,0.538,0.033,0.904,0
AST-IT -391,IT Server,452,80,0.8,1,1.11,45.2,12.9,51.7,0.336,0.889,0.053,0
AST-GEN-735,Generator,2238,159,45.0,8,5.42,80.2,58.1,51.0,2.898,1.767,0.603,1
AST-GEN-578,Generator,189,82,0.0,0,1.23,73.7,54.5,54.6,0.604,0.911,0.0,0
AST-ELE-237,Elevator,1259,215,52.0,5,7.45,84.3,32.6,52.6,4.187,2.389,1.239,1
AST-HVA-800,HVAC,258,131,1.1,2,3.83,67.1,20.6,64.1,1.715,1.456,0.128,0
AST-GEN-494,Generator,341,171,0.1,4,4.07,74.0,54.6,63.5,2.006,1.9,0.009,0
AST-WAT-172,Water Pump,141,165,0.0,0,2.75,74.3,34.7,40.2,1.365,1.833,0.0,0
AST-LAB-427,Lab Equipment,1124,47,37.7,7,2.08,53.7,12.7,50.7,0.743,0.522,1.006,0
AST-IT -279,IT Server,174,163,0.0,0,2.64,62.6,22.1,42.5,1.103,1.811,0.0,0
AST-GEN-591,Generator,1595,183,5.1,11,5.42,103.7,40.9,28.8,3.747,2.033,0.096,1
AST-IT -779,IT Server,1764,154,1.5,12,2.98,69.4,21.1,60.4,1.379,1.711,0.026,0
AST-GEN-683,Generator,1451,60,54.5,11,2.75,78.5,43.0,62.9,1.44,0.667,1.127,0
AST-LAB-195,Lab Equipment,2359,65,21.2,14,1.48,47.4,11.8,63.3,0.468,0.722,0.27,0
AST-HVA-740,HVAC,2249,201,35.3,12,7.79,68.6,36.6,63.9,3.562,2.233,0.471,1
AST-IT -793,IT Server,96,214,2.1,1,4.67,69.2,27.2,33.9,2.154,2.378,0.656,0
AST-GEN-902,Generator,1281,33,0.8,4,2.83,81.0,58.7,47.9,1.526,0.367,0.019,0
AST-ELE-979,Elevator,639,76,14.8,3,2.84,52.2,21.2,46.3,0.989,0.844,0.695,1
AST-LAB-789,Lab Equipment,757,132,14.5,5,2.47,49.1,17.2,70.4,0.809,1.467,0.575,0
AST-MED-519,Medical,813,52,21.3,4,2.16,44.3,8.0,52.9,0.639,0.578,0.786,0
AST-ELE-629,Elevator,2236,155,5.0,17,3.96,78.0,32.6,36.7,2.06,1.722,0.067,1
AST-GEN-363,Generator,884,121,107.5,8,4.77,81.4,54.3,41.9,2.592,1.344,3.648,1
AST-ELE-639,Elevator,1591,112,25.6,12,3.49,65.9,28.5,70.3,1.532,1.244,0.483,0
AST-MED-849,Medical,182,130,10.3,2,2.16,46.6,12.2,46.4,0.671,1.444,1.698,0
AST-WAT-470,Water Pump,1209,45,13.6,6,3.75,63.5,33.6,58.4,1.587,0.5,0.337,0
AST-ELE-675,Elevator,753,99,52.4,5,3.54,60.4,25.4,48.5,1.425,1.1,2.088,0
AST-GEN-667,Generator,1380,88,2.5,6,1.63,68.3,43.1,42.4,0.741,0.978,0.054,0
AST-MED-309,Medical,1422,211,11.8,2,5.7,67.1,17.3,20.0,2.55,2.344,0.249,0
AST-IT -982,IT Server,1452,42,29.6,13,1.83,44.5,14.4,37.2,0.542,0.467,0.612,0
AST-WAT-672,Water Pump,2172,207,39.9,7,4.96,84.3,42.5,40.9,2.788,2.3,0.551,1
AST-MED-723,Medical,1144,226,86.6,5,7.04,72.9,21.4,60.5,3.42,2.511,2.271,1
AST-LAB-963,Lab Equipment,63,64,0.0,0,1.14,40.8,13.9,56.3,0.309,0.711,0.0,0
AST-WAT-719,Water Pump,1758,73,74.0,9,5.7,68.9,28.8,43.9,2.618,0.811,1.263,1
AST-MED-715,Medical,423,215,0.0,0,4.67,68.0,18.8,53.9,2.118,2.389,0.0,0
AST-LAB-436,Lab Equipment,213,67,0.0,0,1.25,33.2,15.5,33.7,0.276,0.744,0.0,0
AST-WAT-662,Water Pump,2172,52,67.0,10,3.81,69.4,26.0,51.8,1.761,0.578,0.925,1
AST-WAT-706,Water Pump,2441,88,86.8,15,4.29,73.7,28.7,62.5,2.108,0.978,1.067,1
AST-IT -620,IT Server,1895,55,72.3,8,1.99,61.9,15.1,49.2,0.82,0.611,1.145,0
AST-MED-857,Medical,1676,171,77.9,8,4.41,56.5,14.2,23.0,1.662,1.9,1.394,1
AST-LAB-540,Lab Equipment,1873,151,157.1,9,5.26,60.4,20.2,48.8,2.12,1.678,2.516,1
AST-IT -364,IT Server,1901,5,123.5,10,2.73,69.9,11.0,37.0,1.272,0.056,1.949,0
AST-HVA-568,HVAC,121,224,0.5,1,6.53,75.4,35.6,55.0,3.283,2.489,0.124,0
AST-WAT-543,Water Pump,2423,14,13.1,9,4.78,73.2,39.3,61.3,2.334,0.156,0.162,1
AST-MED-736,Medical,1833,233,72.5,10,6.55,74.9,19.3,40.1,3.271,2.589,1.187,1
AST-HVA-876,HVAC,910,205,39.6,8,5.05,68.1,31.9,55.4,2.293,2.278,1.305,1
AST-WAT-833,Water Pump,1865,27,29.1,5,3.3,58.5,29.4,64.0,1.285,0.3,0.468,0
AST-LAB-949,Lab Equipment,1498,108,7.8,6,1.82,51.7,13.9,32.4,0.626,1.2,0.156,0
AST-MED-100,Medical,1417,20,0.4,5,0.85,40.6,7.1,29.2,0.231,0.222,0.008,0
AST-IT -532,IT Server,111,176,0.0,0,3.84,62.8,22.2,56.3,1.608,1.956,0.0,0
AST-LAB-778,Lab Equipment,1228,67,41.2,4,1.95,46.9,11.6,46.3,0.611,0.744,1.007,0
AST-ELE-799,Elevator,770,53,24.3,6,2.19,61.9,21.6,25.0,0.903,0.589,0.947,0
AST-GEN-476,Generator,1811,148,126.0,14,6.22,96.6,42.6,63.5,4.007,1.644,2.087,1
AST-HVA-384,HVAC,1357,195,94.7,9,6.69,87.1,24.1,45.8,3.882,2.167,2.094,1
AST-ELE-443,Elevator,1705,105,27.3,10,3.58,58.3,28.2,54.7,1.392,1.167,0.48,0
AST-IT -909,IT Server,969,125,35.9,7,2.52,63.6,19.2,40.7,1.069,1.389,1.111,0
AST-HVA-238,HVAC,1112,231,45.4,7,6.54,83.7,37.0,70.5,3.648,2.567,1.225,1
AST-IT -545,IT Server,325,121,3.9,1,1.89,46.3,19.1,51.5,0.582,1.344,0.36,0
AST-IT -701,IT Server,717,231,18.5,3,5.71,71.2,25.0,27.8,2.707,2.567,0.774,1
AST-LAB-227,Lab Equipment,1261,9,46.6,4,2.13,48.5,9.8,26.6,0.687,0.1,1.109,0
AST-MED-157,Medical,1015,138,30.9,4,3.26,53.6,12.4,51.1,1.164,1.533,0.913,0
AST-ELE-602,Elevator,1782,191,29.0,3,6.13,66.9,40.9,54.2,2.736,2.122,0.488,1
AST-LAB-995,Lab Equipment,1262,132,15.8,6,2.85,52.6,15.8,28.4,1.001,1.467,0.376,0
AST-HVA-744,HVAC,1714,195,84.2,9,5.75,75.9,30.3,54.1,2.91,2.167,1.474,1
AST-IT -762,IT Server,1207,147,14.2,5,2.88,59.9,20.3,77.6,1.149,1.633,0.353,0
AST-ELE-516,Elevator,2320,223,43.3,10,7.24,90.6,39.3,20.0,4.376,2.478,0.56,1
AST-LAB-300,Lab Equipment,1353,132,71.6,8,4.22,59.5,15.4,39.8,1.674,1.467,1.588,1
AST-HVA-837,HVAC,376,6,1.0,1,2.13,52.8,29.4,36.1,0.749,0.067,0.08,0
AST-WAT-882,Water Pump,608,113,13.0,2,4.57,65.1,34.2,42.8,1.986,1.256,0.641,0
AST-LAB-715,Lab Equipment,1395,22,180.5,8,2.98,57.9,13.1,41.6,1.151,0.244,3.882,0
AST-IT -764,IT Server,883,1,5.7,1,1.24,42.2,12.8,56.6,0.348,0.011,0.194,0
AST-ELE-615,Elevator,1540,38,6.1,4,2.24,59.8,33.8,59.1,0.892,0.422,0.119,0
AST-ELE-601,Elevator,1912,90,20.1,6,2.91,47.6,27.3,37.2,0.923,1.0,0.315,0
AST-WAT-586,Water Pump,229,229,19.4,2,5.62,73.5,37.0,38.9,2.755,2.544,2.541,1
AST-MED-524,Medical,630,14,6.2,6,0.82,39.9,5.7,36.2,0.219,0.156,0.295,0
AST-ELE-532,Elevator,913,65,5.3,3,2.7,51.8,30.2,59.3,0.932,0.722,0.174,0
AST-MED-316,Medical,2467,67,97.5,26,2.73,52.9,8.3,66.3,0.961,0.744,1.186,0
AST-WAT-712,Water Pump,1576,192,384.5,12,7.76,91.8,34.3,52.1,4.748,2.133,7.319,1
AST-GEN-338,Generator,459,138,27.5,4,4.37,79.3,38.2,31.2,2.312,1.533,1.797,1
AST-GEN-300,Generator,940,95,16.2,6,4.58,68.9,53.0,22.9,2.105,1.056,0.517,0
AST-LAB-190,Lab Equipment,1982,183,6.8,12,5.23,70.9,17.0,44.0,2.471,2.033,0.103,0
AST-HVA-559,HVAC,930,215,10.7,6,6.21,85.6,32.3,20.0,3.543,2.389,0.345,1
AST-LAB-408,Lab Equipment,1176,222,3.4,7,5.34,71.4,25.0,57.0,2.545,2.467,0.087,1
AST-LAB-538,Lab Equipment,738,173,14.7,3,3.96,57.9,17.3,60.2,1.527,1.922,0.598,0
AST-GEN-497,Generator,1033,101,2.9,3,3.24,69.6,38.9,38.7,1.501,1.122,0.084,0
AST-MED-813,Medical,198,131,0.0,0,2.54,43.5,11.9,55.7,0.737,1.456,0.0,0
AST-IT -719,IT Server,2030,209,75.0,9,5.89,77.4,22.5,33.4,3.041,2.322,1.108,1
AST-WAT-607,Water Pump,1563,157,17.6,3,6.4,88.6,49.3,67.9,3.781,1.744,0.338,1
AST-MED-765,Medical,1010,74,24.3,7,2.16,34.9,5.4,58.4,0.502,0.822,0.722,0
AST-ELE-442,Elevator,596,151,12.8,1,3.68,61.2,31.3,49.9,1.501,1.678,0.644,0
AST-GEN-556,Generator,1912,202,22.6,8,7.1,109.1,62.9,48.7,5.167,2.244,0.355,1
AST-WAT-990,Water Pump,142,193,0.0,0,6.16,82.0,42.6,34.1,3.368,2.144,0.0,0
AST-LAB-498,Lab Equipment,1937,108,16.5,11,2.69,54.2,15.3,47.5,0.971,1.2,0.256,0
AST-MED-125,Medical,1116,224,15.5,1,5.29,60.7,20.2,51.0,2.141,2.489,0.417,1
AST-WAT-591,Water Pump,1755,120,64.8,11,4.56,85.7,27.6,38.3,2.607,1.333,1.108,1
AST-MED-711,Medical,1853,90,24.5,12,1.76,35.6,9.4,47.9,0.419,1.0,0.397,0
AST-HVA-177,HVAC,1328,194,24.6,10,5.73,79.6,30.5,78.0,3.043,2.156,0.556,1
AST-GEN-767,Generator,881,16,50.3,4,2.43,81.2,55.0,52.6,1.313,0.178,1.713,0
AST-HVA-907,HVAC,162,165,5.4,1,3.96,62.0,28.9,50.3,1.635,1.833,1.0,0
AST-IT -971,IT Server,1167,190,29.4,9,4.53,64.8,20.9,37.4,1.957,2.111,0.756,1
AST-LAB-481,Lab Equipment,1661,92,29.8,9,1.87,46.6,13.3,68.2,0.58,1.022,0.538,0
AST-GEN-347,Generator,1219,185,117.1,7,8.28,91.9,59.0,42.9,5.069,2.056,2.882,1
AST-GEN-637,Generator,1396,168,2.8,8,5.44,68.5,57.4,45.0,2.483,1.867,0.06,0
AST-MED-351,Medical,1430,47,45.5,8,1.85,50.2,9.2,54.0,0.62,0.522,0.955,0
AST-WAT-793,Water Pump,563,106,3.2,2,1.3,76.0,39.3,64.6,0.657,1.178,0.171,0
AST-HVA-746,HVAC,85,221,0.0,0,5.98,75.8,39.9,48.3,3.023,2.456,0.0,0
AST-MED-577,Medical,148,219,0.0,0,4.8,67.3,18.1,48.5,2.153,2.433,0.0,0
AST-ELE-180,Elevator,317,16,14.1,5,1.57,54.7,24.0,35.1,0.572,0.178,1.334,0
AST-WAT-415,Water Pump,2425,193,48.8,13,6.71,77.7,43.1,66.3,3.476,2.144,0.604,1
AST-WAT-531,Water Pump,348,21,0.8,2,2.24,67.2,32.7,44.9,1.005,0.233,0.069,0
AST-WAT-712,Water Pump,2085,146,41.3,13,6.82,87.3,25.8,52.2,3.971,1.622,0.594,1
AST-LAB-953,Lab Equipment,1317,21,2.7,2,1.79,47.6,8.9,69.0,0.568,0.233,0.062,0
AST-HVA-799,HVAC,1333,129,15.2,10,4.38,59.2,25.1,61.9,1.729,1.433,0.342,0
AST-LAB-906,Lab Equipment,1163,103,0.3,6,1.21,45.8,13.2,30.1,0.368,1.144,0.008,0
AST-MED-847,Medical,1285,121,5.5,5,3.1,45.8,11.6,57.0,0.947,1.344,0.128,0
AST-HVA-622,HVAC,1702,131,104.0,5,4.13,65.7,22.5,49.1,1.809,1.456,1.833,1
AST-HVA-387,HVAC,1920,188,51.5,14,6.01,81.9,31.4,72.9,3.28,2.089,0.805,1
AST-LAB-787,Lab Equipment,1600,141,67.8,10,3.4,65.8,17.0,46.4,1.49,1.567,1.271,0
AST-ELE-728,Elevator,94,190,0.0,0,4.43,62.6,38.8,44.4,1.85,2.111,0.0,0
AST-GEN-477,Generator,1685,88,69.7,7,2.94,77.3,38.4,81.5,1.518,0.978,1.241,0
AST-IT -483,IT Server,98,135,0.0,0,2.37,51.4,20.9,53.6,0.812,1.5,0.0,0
AST-HVA-382,HVAC,702,180,59.0,6,5.86,75.6,31.5,61.5,2.955,2.0,2.521,1
AST-GEN-103,Generator,769,148,27.7,4,5.22,71.2,48.0,50.1,2.475,1.644,1.081,0
AST-LAB-532,Lab Equipment,1200,219,3.4,7,6.07,82.7,19.7,59.9,3.349,2.433,0.085,1
AST-MED-958,Medical,2000,175,3.9,4,4.57,52.1,15.3,32.7,1.587,1.944,0.058,0
AST-IT -532,IT Server,745,235,1.8,3,5.29,82.4,25.8,39.9,2.902,2.611,0.072,1
AST-MED-156,Medical,1482,18,168.9,7,3.07,52.6,6.2,29.0,1.075,0.2,3.419,1
AST-HVA-644,HVAC,1621,97,21.0,8,2.91,65.1,20.2,63.3,1.262,1.078,0.389,1
AST-LAB-414,Lab Equipment,1877,223,74.8,9,6.08,75.3,24.6,68.9,3.056,2.478,1.196,1
AST-IT -704,IT Server,399,65,30.0,4,1.48,43.8,12.9,44.6,0.431,0.722,2.256,0
AST-ELE-612,Elevator,1420,43,14.8,7,3.3,60.1,24.1,34.3,1.321,0.478,0.313,0
AST-MED-985,Medical,1268,212,55.1,8,5.7,65.5,17.7,48.8,2.486,2.356,1.304,1
AST-GEN-435,Generator,1105,73,43.1,7,3.11,87.4,45.9,25.8,1.811,0.811,1.17,1
AST-ELE-994,Elevator,711,235,10.9,2,6.57,79.3,43.8,45.6,3.473,2.611,0.46,1
AST-WAT-616,Water Pump,1999,166,18.5,11,6.03,77.1,44.6,56.6,3.099,1.844,0.278,1
AST-MED-184,Medical,2230,235,26.0,6,6.55,76.8,20.0,44.1,3.353,2.611,0.35,1
AST-ELE-872,Elevator,1694,106,3.0,6,3.11,68.7,35.2,20.0,1.425,1.178,0.053,0
AST-WAT-985,Water Pump,2065,123,6.4,10,3.92,71.4,34.7,57.9,1.868,1.367,0.093,0
AST-GEN-192,Generator,863,236,3.7,3,5.8,91.0,56.3,56.8,3.515,2.622,0.129,1
AST-IT -790,IT Server,799,3,32.0,5,1.33,56.6,16.7,41.0,0.503,0.033,1.202,0
AST-IT -482,IT Server,831,69,21.4,4,1.39,42.3,14.5,63.5,0.393,0.767,0.773,0
AST-LAB-890,Lab Equipment,1333,137,26.5,5,2.6,59.5,15.4,54.2,1.032,1.522,0.596,0
AST-MED-315,Medical,2189,199,3.8,16,5.11,66.5,15.4,59.2,2.268,2.211,0.052,1
AST-ELE-271,Elevator,517,126,4.6,2,3.77,61.4,29.6,56.7,1.545,1.4,0.267,0
AST-MED-451,Medical,267,208,9.9,1,4.92,60.8,16.6,51.8,1.997,2.311,1.112,0
AST-MED-822,Medical,341,235,1.3,1,5.72,67.5,20.1,64.3,2.576,2.611,0.114,1
AST-IT -484,IT Server,1382,93,47.9,7,1.6,46.1,15.5,35.1,0.493,1.033,1.04,0
AST-WAT-986,Water Pump,483,97,8.1,2,2.23,57.8,41.2,59.8,0.86,1.078,0.503,0
AST-WAT-735,Water Pump,758,56,0.2,4,3.12,64.1,29.9,71.6,1.335,0.622,0.008,0
AST-WAT-199,Water Pump,2436,57,9.4,14,4.17,60.0,39.3,54.4,1.669,0.633,0.116,0
AST-WAT-685,Water Pump,405,141,0.6,4,4.15,64.6,37.0,61.3,1.79,1.567,0.044,0
AST-WAT-142,Water Pump,257,51,6.7,1,1.89,68.2,30.6,49.2,0.86,0.567,0.782,0
AST-HVA-938,HVAC,1087,222,3.8,9,5.9,85.2,39.3,36.9,3.351,2.467,0.105,1
AST-MED-230,Medical,738,80,6.6,2,1.41,41.6,7.3,54.8,0.391,0.889,0.268,0
AST-HVA-805,HVAC,1545,148,10.9,11,4.35,70.5,18.7,43.1,2.044,1.644,0.212,0
AST-WAT-347,Water Pump,243,216,4.0,4,6.72,92.2,39.5,45.0,4.133,2.4,0.494,1
AST-HVA-277,HVAC,289,132,2.6,3,2.93,56.9,24.1,42.1,1.111,1.467,0.27,0
AST-LAB-297,Lab Equipment,1239,24,2.2,6,1.19,47.2,15.6,47.8,0.374,0.267,0.053,0
AST-MED-841,Medical,1674,23,19.8,8,1.64,42.0,8.1,57.5,0.459,0.256,0.355,0
AST-HVA-440,HVAC,1489,93,39.1,9,3.62,62.4,23.3,50.2,1.506,1.033,0.788,0
AST-HVA-164,HVAC,1343,58,23.0,3,1.96,54.0,21.6,61.7,0.707,0.644,0.514,0
AST-HVA-927,HVAC,1288,76,135.3,10,3.25,56.0,23.5,28.6,1.213,0.844,3.151,1
AST-LAB-645,Lab Equipment,390,172,11.2,3,4.6,61.3,18.8,48.4,1.883,1.911,0.862,0
AST-HVA-731,HVAC,1698,93,35.0,10,3.13,66.5,28.0,57.7,1.388,1.033,0.618,0
AST-MED-779,Medical,1311,82,68.3,8,2.1,45.2,8.0,59.5,0.632,0.911,1.563,0
AST-ELE-959,Elevator,1800,61,21.1,5,2.65,61.8,29.4,54.8,1.093,0.678,0.352,0
AST-MED-433,Medical,1273,31,7.5,7,1.27,36.7,8.0,42.6,0.309,0.344,0.177,0
AST-ELE-288,Elevator,2477,152,113.5,22,6.33,88.8,31.7,44.8,3.751,1.689,1.375,1
AST-LAB-728,Lab Equipment,2479,69,59.7,15,2.22,44.1,12.4,53.5,0.652,0.767,0.722,0
AST-HVA-526,HVAC,1286,176,2.1,9,5.46,60.6,28.8,57.6,2.206,1.956,0.049,1
AST-IT -851,IT Server,451,6,27.5,2,1.1,50.1,14.8,27.3,0.366,0.067,1.829,0
AST-HVA-811,HVAC,1596,165,131.1,12,5.03,86.1,28.3,47.9,2.89,1.833,2.464,1
AST-IT -195,IT Server,100,16,0.0,0,0.97,42.4,11.5,43.3,0.273,0.178,0.0,0
AST-WAT-970,Water Pump,2186,163,50.9,12,7.12,86.9,35.5,57.2,4.124,1.811,0.699,1
AST-ELE-356,Elevator,578,205,1.8,2,5.56,83.2,39.6,61.3,3.082,2.278,0.093,0
AST-LAB-648,Lab Equipment,609,107,31.3,4,2.17,48.1,10.0,50.2,0.696,1.189,1.542,0
AST-GEN-255,Generator,372,163,3.2,2,4.5,65.7,49.9,52.4,1.974,1.811,0.258,0
AST-MED-753,Medical,1677,44,33.3,14,1.64,46.6,11.3,68.1,0.51,0.489,0.596,0
AST-LAB-955,Lab Equipment,2358,200,27.0,19,5.36,66.4,22.9,39.9,2.374,2.222,0.344,1
AST-GEN-131,Generator,2197,50,77.6,13,4.26,77.9,41.5,56.9,2.214,0.556,1.06,0
AST-LAB-686,Lab Equipment,383,191,8.2,1,5.03,56.7,18.9,43.6,1.898,2.122,0.642,1
AST-MED-682,Medical,973,36,21.4,2,1.44,44.2,9.4,46.5,0.425,0.4,0.66,0
AST-ELE-748,Elevator,1470,127,78.5,7,3.66,61.8,33.3,56.2,1.51,1.411,1.602,1
AST-GEN-664,Generator,1897,13,61.4,9,3.66,92.8,46.7,53.0,2.265,0.144,0.971,0
AST-GEN-249,Generator,154,12,1.8,1,2.44,66.3,49.8,45.7,1.081,0.133,0.351,0
AST-ELE-574,Elevator,1124,144,31.2,7,4.72,67.4,36.0,50.3,2.123,1.6,0.833,1
AST-LAB-852,Lab Equipment,557,66,17.7,4,1.46,51.4,10.9,56.9,0.499,0.733,0.953,0
AST-IT -574,IT Server,530,38,0.6,1,1.21,35.9,15.6,51.4,0.289,0.422,0.034,0
AST-HVA-402,HVAC,1400,48,69.1,7,2.61,53.5,21.4,61.0,0.933,0.533,1.481,0
AST-WAT-145,Water Pump,1386,174,75.4,10,6.32,65.9,39.8,20.0,2.776,1.933,1.632,0
AST-WAT-757,Water Pump,124,181,0.0,0,3.93,80.7,40.0,39.3,2.116,2.011,0.0,0
AST-ELE-628,Elevator,1666,5,57.7,12,4.51,71.9,19.8,63.6,2.16,0.056,1.039,0
AST-HVA-394,HVAC,2292,8,36.9,9,3.0,49.5,18.4,51.3,0.99,0.089,0.483,0
AST-WAT-286,Water Pump,1103,4,147.6,9,1.93,55.3,24.1,53.2,0.712,0.044,4.015,0
AST-MED-967,Medical,1260,227,60.1,7,6.61,78.8,19.7,61.9,3.471,2.522,1.431,1
AST-LAB-923,Lab Equipment,1664,178,53.3,6,5.08,60.0,18.4,44.2,2.033,1.978,0.961,0
AST-MED-142,Medical,2403,6,128.3,10,3.63,47.7,8.4,55.6,1.155,0.067,1.602,0
AST-HVA-749,HVAC,2088,187,104.6,15,5.93,84.8,26.9,45.6,3.355,2.078,1.503,1
AST-MED-546,Medical,1636,177,54.2,7,5.08,67.3,15.1,41.8,2.281,1.967,0.994,1
AST-HVA-196,HVAC,1623,85,1.8,3,2.38,51.7,22.9,47.2,0.821,0.944,0.033,0
AST-MED-541,Medical,581,57,26.7,2,1.17,39.9,7.2,64.1,0.31,0.633,1.379,0
AST-LAB-643,Lab Equipment,2113,238,7.7,12,6.07,80.2,22.0,53.7,3.244,2.644,0.109,1
AST-ELE-490,Elevator,1453,109,56.0,9,4.42,70.0,29.2,57.5,2.062,1.211,1.156,0
AST-IT -738,IT Server,1003,19,42.4,5,1.62,41.4,14.0,60.7,0.447,0.211,1.268,0
AST-ELE-153,Elevator,1736,166,17.0,10,4.55,70.5,33.7,60.5,2.14,1.844,0.294,1
AST-GEN-963,Generator,2453,6,50.8,11,2.66,81.4,49.3,53.4,1.444,0.067,0.621,0
AST-HVA-918,HVAC,822,143,1.1,3,3.62,63.6,20.6,49.5,1.535,1.589,0.04,0
AST-MED-593,Medical,2443,71,96.1,11,2.47,44.9,6.2,61.7,0.739,0.789,1.18,0
AST-LAB-181,Lab Equipment,2395,158,82.1,15,4.15,72.0,17.3,36.1,1.993,1.756,1.028,1
AST-IT -117,IT Server,879,85,26.8,6,1.2,42.6,15.5,43.5,0.34,0.944,0.915,0
AST-ELE-847,Elevator,1080,220,4.7,7,6.07,96.4,46.3,48.1,3.902,2.444,0.131,0
AST-IT -916,IT Server,1351,187,17.7,7,4.52,64.9,21.0,34.1,1.956,2.078,0.393,1
AST-GEN-835,Generator,2362,75,114.4,12,4.33,74.5,52.7,44.8,2.153,0.833,1.453,1
AST-IT -828,IT Server,529,67,14.1,3,1.03,41.6,13.1,41.2,0.285,0.744,0.8,0
AST-IT -848,IT Server,225,93,4.6,1,1.45,48.2,14.3,54.6,0.465,1.033,0.613,0
AST-LAB-231,Lab Equipment,2327,62,73.8,7,2.28,52.9,9.6,41.2,0.803,0.689,0.951,0
AST-HVA-853,HVAC,1704,122,153.8,14,4.41,76.9,26.8,35.6,2.259,1.356,2.708,1
AST-HVA-939,HVAC,2341,85,16.4,8,3.26,61.9,24.6,51.1,1.344,0.944,0.21,0
AST-GEN-773,Generator,1643,127,254.0,11,4.14,83.9,55.4,53.0,2.319,1.411,4.638,1
AST-IT -361,IT Server,2121,195,72.9,17,5.44,84.4,25.2,52.6,3.06,2.167,1.031,1
AST-WAT-741,Water Pump,2195,192,49.7,10,5.41,75.8,39.5,77.4,2.736,2.133,0.679,1
AST-WAT-918,Water Pump,1388,98,112.2,6,3.95,66.7,37.7,39.1,1.758,1.089,2.425,0
AST-GEN-707,Generator,713,95,4.6,2,2.94,72.4,47.3,26.4,1.417,1.056,0.194,0
AST-ELE-647,Elevator,790,224,1.9,8,7.1,87.6,39.4,62.6,4.145,2.489,0.072,1
AST-IT -268,IT Server,2227,231,111.1,11,7.16,76.1,22.9,51.0,3.635,2.567,1.497,1
AST-WAT-213,Water Pump,2188,56,139.3,15,3.89,70.8,33.6,52.7,1.834,0.622,1.91,1
AST-MED-314,Medical,200,112,0.0,0,1.82,44.0,10.9,44.4,0.534,1.244,0.0,0
AST-IT -451,IT Server,1779,138,17.4,9,3.46,61.5,18.5,57.9,1.42,1.533,0.293,0
AST-ELE-951,Elevator,1760,125,19.7,10,3.64,60.4,31.0,58.6,1.466,1.389,0.336,0
AST-ELE-607,Elevator,2087,5,64.1,11,4.33,62.4,32.2,50.5,1.801,0.056,0.921,0
AST-LAB-385,Lab Equipment,1356,206,8.3,3,5.24,65.2,21.6,30.5,2.279,2.289,0.184,0
AST-LAB-375,Lab Equipment,1179,148,11.9,6,3.41,53.7,18.1,48.8,1.22,1.644,0.303,0
AST-IT -586,IT Server,1401,38,18.4,5,1.74,53.7,17.4,65.3,0.622,0.422,0.394,0
AST-MED-751,Medical,851,21,3.3,3,1.04,38.5,7.6,39.0,0.267,0.233,0.116,0
AST-MED-452,Medical,1380,154,3.1,5,3.66,57.1,14.9,54.8,1.394,1.711,0.067,0
AST-IT -816,IT Server,2031,71,115.6,14,2.48,55.2,14.1,39.0,0.91,0.789,1.708,0
AST-LAB-383,Lab Equipment,386,176,15.0,3,3.76,65.1,18.5,50.8,1.634,1.956,1.166,1
AST-ELE-398,Elevator,2186,99,122.2,23,6.25,79.6,34.3,34.7,3.316,1.1,1.677,1
AST-GEN-538,Generator,1847,83,73.3,10,1.85,57.4,45.3,57.5,0.707,0.922,1.191,0
AST-WAT-866,Water Pump,512,203,35.7,5,8.06,80.9,33.6,40.7,4.347,2.256,2.092,1
AST-LAB-534,Lab Equipment,1083,86,6.7,4,2.34,45.9,14.9,62.8,0.717,0.956,0.186,0
AST-IT -516,IT Server,1486,202,3.9,12,4.96,69.4,22.8,59.8,2.295,2.244,0.079,1
AST-WAT-466,Water Pump,1815,80,12.9,8,3.39,62.6,27.3,53.6,1.414,0.889,0.213,0
AST-IT -512,IT Server,1834,136,32.7,13,3.18,50.8,20.5,54.5,1.076,1.511,0.535,0
AST-GEN-839,Generator,62,234,0.0,0,6.5,116.5,64.8,69.3,5.047,2.6,0.0,1
AST-IT -311,IT Server,1467,189,49.4,13,4.97,73.7,21.5,55.8,2.441,2.1,1.01,1
AST-GEN-162,Generator,481,102,1.0,3,2.57,58.4,45.7,51.6,1.001,1.133,0.062,0
AST-WAT-138,Water Pump,381,195,13.1,3,6.75,86.1,42.0,46.2,3.872,2.167,1.031,1
AST-IT -586,IT Server,665,45,20.9,7,1.45,44.4,18.5,47.1,0.429,0.5,0.943,0
AST-GEN-229,Generator,2177,72,1.3,13,1.5,68.9,43.9,53.9,0.689,0.8,0.018,0
AST-WAT-862,Water Pump,910,79,7.0,6,2.59,55.8,44.2,65.6,0.962,0.878,0.231,0
AST-IT -271,IT Server,1994,98,178.8,17,3.05,67.7,17.0,72.0,1.377,1.089,2.69,1
AST-HVA-681,HVAC,2159,197,11.6,10,6.36,65.5,36.6,59.8,2.78,2.189,0.161,1
AST-ELE-810,Elevator,231,22,0.3,2,2.88,56.9,31.3,38.2,1.092,0.244,0.039,0
AST-WAT-618,Water Pump,167,71,18.9,2,2.91,52.8,32.0,57.3,1.027,0.789,3.395,1
AST-GEN-301,Generator,1258,142,28.0,10,4.48,88.5,60.5,49.3,2.645,1.578,0.668,1
AST-WAT-974,Water Pump,1396,223,92.2,8,6.92,85.6,40.9,54.5,3.948,2.478,1.981,1
AST-ELE-347,Elevator,1564,204,27.1,8,4.56,77.8,33.0,59.3,2.364,2.267,0.52,0
AST-LAB-509,Lab Equipment,2020,27,43.1,7,2.01,53.4,11.3,33.7,0.714,0.3,0.64,0
AST-MED-367,Medical,1146,107,142.2,6,3.06,51.8,9.0,38.3,1.054,1.189,3.723,0
AST-MED-350,Medical,2429,40,69.4,14,2.45,51.0,6.8,61.0,0.832,0.444,0.857,0
AST-HVA-729,HVAC,1821,125,2.9,13,2.51,60.7,27.1,68.5,1.016,1.389,0.048,0
AST-ELE-944,Elevator,1680,163,8.5,6,5.11,79.9,32.0,47.9,2.725,1.811,0.152,0
AST-LAB-239,Lab Equipment,226,162,0.0,0,3.71,53.9,17.2,54.1,1.332,1.8,0.0,0
AST-GEN-504,Generator,1254,160,110.3,11,5.44,98.9,42.1,47.2,3.588,1.778,2.639,1
AST-HVA-713,HVAC,657,182,70.4,4,5.25,73.3,32.5,43.9,2.566,2.022,3.215,1
AST-MED-518,Medical,1850,190,59.5,13,5.35,65.3,17.2,47.3,2.33,2.111,0.965,1
AST-ELE-257,Elevator,2083,94,136.7,14,3.82,72.6,27.6,55.3,1.848,1.044,1.969,1
AST-GEN-187,Generator,1493,83,51.1,10,3.07,84.7,42.7,50.5,1.735,0.922,1.027,0
AST-WAT-903,Water Pump,920,143,63.8,6,3.54,69.5,26.7,85.0,1.642,1.589,2.08,1
AST-HVA-789,HVAC,2066,117,19.6,13,2.75,70.3,26.0,48.5,1.29,1.3,0.285,0
AST-MED-662,Medical,598,23,4.9,2,0.72,42.7,8.0,57.2,0.205,0.256,0.246,0
AST-LAB-286,Lab Equipment,1737,67,70.2,14,2.1,51.6,9.3,33.9,0.724,0.744,1.212,0
AST-IT -479,IT Server,1658,123,22.1,7,2.68,56.2,18.4,56.2,1.003,1.367,0.4,0
AST-MED-395,Medical,1649,1,59.2,7,1.86,44.0,7.8,65.4,0.546,0.011,1.077,0
AST-IT -895,IT Server,121,213,0.0,0,4.87,62.3,21.0,78.3,2.023,2.367,0.0,0
AST-MED-184,Medical,2334,179,126.7,12,5.81,69.3,17.0,56.8,2.682,1.989,1.629,1
AST-HVA-721,HVAC,2097,17,86.3,14,2.88,56.0,20.4,40.9,1.076,0.189,1.235,0
AST-MED-479,Medical,310,40,18.8,2,0.88,40.2,8.4,60.7,0.236,0.444,1.819,0
AST-ELE-383,Elevator,1254,25,11.7,1,3.82,43.0,29.5,52.0,1.096,0.278,0.28,0
AST-IT -899,IT Server,706,87,0.8,1,1.0,48.8,19.2,50.1,0.326,0.967,0.034,0
AST-HVA-539,HVAC,1158,159,15.4,7,4.55,77.4,25.5,73.2,2.349,1.767,0.399,0
AST-IT -877,IT Server,1031,133,56.4,4,2.76,55.1,20.2,54.8,1.014,1.478,1.641,0
AST-MED-778,Medical,2366,122,21.8,10,2.94,44.2,11.1,59.4,0.865,1.356,0.276,0
AST-LAB-544,Lab Equipment,1465,98,16.7,5,3.0,39.8,10.4,47.1,0.797,1.089,0.342,0
AST-IT -137,IT Server,2001,5,39.0,5,1.96,56.7,16.1,58.5,0.741,0.056,0.585,0
AST-MED-842,Medical,1108,167,24.0,6,4.48,55.2,15.2,41.6,1.65,1.856,0.65,0
AST-GEN-753,Generator,1283,57,32.5,9,3.39,82.1,33.5,49.6,1.854,0.633,0.76,0
AST-LAB-649,Lab Equipment,1958,169,31.3,13,4.72,72.1,19.6,38.5,2.269,1.878,0.48,1
AST-MED-980,Medical,1711,205,27.7,15,5.37,64.0,16.7,38.4,2.291,2.278,0.486,1
AST-GEN-843,Generator,40,213,0.0,0,5.24,92.8,56.9,54.2,3.241,2.367,0.0,1
AST-WAT-727,Water Pump,250,125,30.7,1,2.07,79.9,32.2,43.0,1.101,1.389,3.684,0
AST-ELE-346,Elevator,1252,222,3.2,10,6.88,89.2,46.6,37.0,4.092,2.467,0.077,1
AST-GEN-468,Generator,2461,119,120.8,15,4.65,81.2,54.4,78.0,2.515,1.322,1.473,1
AST-HVA-779,HVAC,225,29,45.6,2,2.6,58.1,20.1,57.4,1.006,0.322,6.08,0
AST-MED-758,Medical,1063,119,2.8,6,2.59,50.4,10.5,52.4,0.87,1.322,0.079,0
AST-GEN-884,Generator,1208,158,32.5,5,5.6,82.6,51.9,25.7,3.084,1.756,0.807,0
AST-GEN-779,Generator,323,210,14.7,3,5.71,98.1,56.5,38.1,3.737,2.333,1.365,1
AST-MED-810,Medical,2227,124,44.5,13,3.19,57.7,10.0,37.5,1.228,1.378,0.599,1
AST-MED-474,Medical,1948,129,436.6,21,3.89,65.3,11.5,80.8,1.694,1.433,6.724,1
AST-MED-206,Medical,944,88,3.5,5,1.16,38.7,8.8,35.7,0.298,0.978,0.111,0
AST-ELE-749,Elevator,2028,80,37.4,10,3.68,71.1,23.9,65.2,1.743,0.889,0.553,1
AST-IT -436,IT Server,1562,120,4.4,6,2.42,47.5,20.3,63.9,0.766,1.333,0.085,0
AST-ELE-421,Elevator,651,61,6.2,1,2.57,46.6,31.8,61.6,0.799,0.678,0.286,0
AST-IT -475,IT Server,1557,90,29.6,9,1.52,55.2,13.3,63.0,0.56,1.0,0.57,0
AST-WAT-893,Water Pump,2414,202,30.5,17,8.08,70.7,38.8,45.7,3.806,2.244,0.379,1
AST-MED-597,Medical,2478,78,237.9,15,2.7,51.7,6.7,42.3,0.931,0.867,2.88,1
AST-MED-613,Medical,430,168,19.4,2,4.02,55.3,13.3,55.8,1.482,1.867,1.353,0
AST-HVA-259,HVAC,2204,198,51.6,21,6.33,82.2,34.6,65.2,3.471,2.2,0.702,1
AST-ELE-755,Elevator,511,199,78.7,6,6.16,81.8,36.3,50.6,3.361,2.211,4.62,1
AST-GEN-344,Generator,904,190,71.6,7,4.39,80.1,45.7,42.9,2.343,2.111,2.376,1
AST-WAT-753,Water Pump,1266,114,7.3,2,3.57,72.9,33.9,56.5,1.733,1.267,0.173,1
AST-HVA-576,HVAC,446,65,28.3,3,1.96,43.2,22.4,79.9,0.566,0.722,1.904,0
AST-IT -555,IT Server,423,66,0.0,0,1.06,33.6,16.7,65.8,0.237,0.733,0.0,0
AST-LAB-785,Lab Equipment,2446,126,10.7,8,3.05,52.3,15.4,55.2,1.064,1.4,0.131,0
AST-WAT-940,Water Pump,1035,75,0.4,2,3.07,56.4,31.5,49.0,1.153,0.833,0.012,0
AST-MED-830,Medical,1338,147,58.5,12,4.12,56.8,12.4,36.1,1.563,1.633,1.312,0
AST-HVA-630,HVAC,917,128,3.0,3,2.39,75.1,27.0,40.8,1.197,1.422,0.098,0
AST-MED-831,Medical,1678,10,156.0,8,3.32,41.0,7.1,59.8,0.907,0.111,2.789,1
AST-HVA-295,HVAC,1620,26,11.7,9,1.54,63.6,26.0,46.0,0.655,0.289,0.217,0
AST-LAB-456,Lab Equipment,157,169,3.8,1,3.74,64.4,17.9,56.3,1.604,1.878,0.726,0
AST-WAT-207,Water Pump,1825,192,53.7,10,8.09,99.7,28.2,68.7,5.382,2.133,0.883,1
AST-LAB-571,Lab Equipment,2376,203,64.9,19,5.8,68.7,22.8,35.9,2.656,2.256,0.819,1
AST-IT -134,IT Server,2032,140,320.7,13,4.37,64.8,17.6,30.2,1.89,1.556,4.735,1
AST-IT -282,IT Server,2196,81,59.3,14,2.28,59.5,14.7,52.2,0.905,0.9,0.81,0
AST-HVA-507,HVAC,669,29,0.0,0,2.47,45.1,17.6,54.8,0.743,0.322,0.0,0
AST-MED-692,Medical,998,171,0.0,2,3.37,60.3,14.7,44.9,1.354,1.9,0.0,0
AST-WAT-699,Water Pump,1767,114,77.5,12,5.23,78.3,34.8,57.6,2.729,1.267,1.316,1
AST-GEN-461,Generator,840,203,22.8,3,6.49,92.3,44.3,48.9,3.993,2.256,0.814,1
AST-GEN-476,Generator,1488,181,50.2,9,6.01,94.0,47.7,64.4,3.768,2.011,1.012,1
AST-LAB-146,Lab Equipment,2033,15,184.5,13,2.8,57.4,12.2,40.3,1.07,0.167,2.723,1
AST-GEN-646,Generator,2235,55,105.5,11,3.34,78.5,50.8,36.1,1.749,0.611,1.416,1
AST-HVA-318,HVAC,974,206,55.1,3,6.43,79.8,29.9,62.5,3.423,2.289,1.697,1
AST-HVA-871,HVAC,824,157,52.4,7,4.43,67.4,32.2,50.0,1.991,1.744,1.908,1
AST-MED-294,Medical,223,155,1.5,1,3.17,53.8,12.4,55.0,1.136,1.722,0.202,0
AST-WAT-417,Water Pump,705,127,13.0,5,2.52,60.9,28.4,51.4,1.024,1.411,0.553,0
AST-IT -332,IT Server,1800,104,21.0,14,1.96,58.8,15.0,27.1,0.767,1.156,0.35,0
AST-GEN-421,Generator,1995,183,32.4,9,5.11,85.3,42.8,50.1,2.907,2.033,0.487,1
AST-IT -523,IT Server,1838,197,75.0,8,5.43,89.1,22.9,42.3,3.224,2.189,1.224,1
AST-HVA-811,HVAC,1127,134,131.9,6,4.35,78.6,31.6,73.3,2.278,1.489,3.511,0
AST-GEN-820,Generator,75,171,0.0,0,4.15,75.1,52.3,58.0,2.078,1.9,0.0,1
AST-LAB-789,Lab Equipment,965,206,55.7,5,5.83,72.6,21.9,48.1,2.825,2.289,1.732,1
AST-ELE-547,Elevator,1524,144,142.5,7,6.44,87.2,30.8,48.5,3.743,1.6,2.805,1
AST-LAB-944,Lab Equipment,133,132,0.0,0,2.93,47.0,15.0,45.6,0.919,1.467,0.0,0
AST-WAT-450,Water Pump,773,172,38.0,5,5.14,72.3,36.3,62.3,2.477,1.911,1.475,1
AST-ELE-582,Elevator,2451,68,42.3,19,3.14,64.6,30.6,67.9,1.352,0.756,0.518,0
AST-WAT-169,Water Pump,609,227,14.8,2,5.89,88.1,46.7,57.3,3.461,2.522,0.729,1
AST-WAT-635,Water Pump,1628,110,12.5,12,3.12,69.2,26.5,49.9,1.438,1.222,0.23,0
AST-HVA-190,HVAC,547,173,16.5,4,5.03,72.0,21.9,52.6,2.416,1.922,0.905,1
AST-GEN-915,Generator,710,20,32.8,4,2.77,56.1,47.6,45.2,1.035,0.222,1.386,0
AST-ELE-270,Elevator,1350,222,17.0,6,7.1,90.8,38.5,63.7,4.296,2.467,0.378,1
AST-LAB-184,Lab Equipment,473,150,14.0,1,3.33,57.1,16.3,54.3,1.267,1.667,0.888,0
AST-ELE-659,Elevator,2354,207,60.3,14,6.33,86.4,48.9,52.9,3.647,2.3,0.768,1
AST-WAT-441,Water Pump,1283,101,67.2,5,2.98,71.1,31.6,60.4,1.412,1.122,1.571,0
AST-WAT-426,Water Pump,1879,68,12.4,9,3.03,69.1,26.5,45.5,1.395,0.756,0.198,0
AST-MED-486,Medical,1554,180,50.2,9,4.64,64.8,15.4,20.0,2.007,2.0,0.969,1
AST-MED-802,Medical,1328,72,16.1,12,2.02,39.6,7.7,59.4,0.534,0.8,0.364,0
AST-HVA-212,HVAC,2163,25,36.4,12,2.18,60.7,24.9,66.1,0.882,0.278,0.505,0
AST-ELE-645,Elevator,1433,22,436.9,13,4.25,60.1,25.3,34.9,1.703,0.244,9.147,1
AST-LAB-292,Lab Equipment,2123,5,61.0,11,2.73,52.6,11.6,44.7,0.956,0.056,0.862,0
AST-GEN-159,Generator,874,142,3.2,1,4.37,61.7,48.1,39.5,1.798,1.578,0.11,0
AST-ELE-652,Elevator,440,177,0.9,4,4.94,79.3,35.3,67.0,2.61,1.967,0.061,0
AST-LAB-957,Lab Equipment,1786,132,23.7,12,3.67,60.3,16.2,40.7,1.477,1.467,0.398,0
AST-HVA-649,HVAC,1174,221,4.2,3,5.67,75.3,28.3,53.3,2.847,2.456,0.107,1
AST-HVA-366,HVAC,1594,172,89.8,9,5.92,71.6,32.9,48.9,2.825,1.911,1.69,1
AST-HVA-176,HVAC,1099,170,3.6,5,5.28,77.5,29.7,52.8,2.728,1.889,0.098,1
AST-GEN-348,Generator,1355,69,2.8,5,3.19,73.8,55.5,40.5,1.567,0.767,0.062,0
AST-HVA-213,HVAC,786,114,5.6,3,2.81,52.0,20.2,39.3,0.972,1.267,0.214,0
AST-GEN-498,Generator,76,51,2.6,1,1.45,60.5,40.9,74.5,0.586,0.567,1.026,1
AST-LAB-999,Lab Equipment,1647,236,101.0,14,7.72,83.9,23.5,66.5,4.316,2.622,1.84,1
AST-LAB-147,Lab Equipment,2377,3,173.0,10,2.77,54.9,10.8,52.1,1.015,0.033,2.183,0
AST-ELE-780,Elevator,2009,112,52.2,12,3.16,81.0,28.0,63.4,1.706,1.244,0.779,1
AST-IT -342,IT Server,1934,97,139.1,7,2.82,63.6,15.3,30.5,1.195,1.078,2.158,1
AST-IT -482,IT Server,40,124,21.7,2,2.03,55.3,17.5,52.1,0.747,1.378,16.275,0
AST-LAB-805,Lab Equipment,299,163,8.7,3,3.46,40.9,19.4,56.9,0.942,1.811,0.873,0
AST-HVA-610,HVAC,633,11,15.2,6,2.16,44.3,23.0,35.6,0.64,0.122,0.72,0
AST-IT -965,IT Server,2144,102,69.1,11,2.24,48.0,14.9,52.0,0.716,1.133,0.967,0
AST-ELE-406,Elevator,451,129,0.4,2,3.14,55.8,37.0,53.7,1.167,1.433,0.027,0
AST-IT -327,IT Server,213,58,4.2,2,0.79,51.3,18.8,68.2,0.269,0.644,0.592,0
AST-ELE-265,Elevator,1615,217,61.3,5,6.08,90.1,31.6,65.5,3.652,2.411,1.139,1
AST-MED-914,Medical,1670,66,5.6,7,1.91,37.5,9.4,58.9,0.478,0.733,0.101,0
AST-LAB-405,Lab Equipment,477,151,53.3,4,3.51,56.7,17.1,29.7,1.326,1.678,3.352,0
AST-LAB-137,Lab Equipment,1352,184,165.5,10,5.86,71.4,22.0,40.5,2.788,2.044,3.672,1
AST-WAT-336,Water Pump,113,100,5.1,2,4.16,66.9,38.5,51.6,1.854,1.111,1.354,0
AST-MED-915,Medical,2361,9,26.8,6,1.8,45.8,8.6,43.7,0.549,0.1,0.341,0
AST-ELE-826,Elevator,2022,166,75.6,12,6.5,85.1,39.4,74.1,3.684,1.844,1.122,1
AST-MED-233,Medical,1407,209,18.9,4,5.36,74.3,18.8,51.4,2.655,2.322,0.403,1
AST-HVA-822,HVAC,2471,116,46.7,19,3.6,60.8,26.2,67.0,1.457,1.289,0.567,0
AST-HVA-665,HVAC,313,189,1.0,1,4.18,82.8,25.9,30.7,2.31,2.1,0.096,0
AST-IT -687,IT Server,438,49,5.1,2,1.04,48.2,15.3,41.5,0.335,0.544,0.349,0
AST-IT -245,IT Server,2403,101,75.9,12,2.62,51.7,17.4,62.3,0.904,1.122,0.948,0
AST-HVA-573,HVAC,1165,45,21.2,5,2.36,52.8,20.2,47.0,0.832,0.5,0.546,0
AST-MED-352,Medical,304,154,5.6,2,3.14,48.5,14.2,53.4,1.015,1.711,0.553,0
AST-LAB-846,Lab Equipment,597,200,0.6,2,4.76,60.0,22.3,35.7,1.907,2.222,0.03,0
AST-GEN-511,Generator,44,36,0.0,0,2.29,70.0,42.0,43.4,1.07,0.4,0.0,0
AST-LAB-685,Lab Equipment,132,141,0.0,0,3.59,56.0,16.6,41.6,1.34,1.567,0.0,0
AST-LAB-475,Lab Equipment,1161,132,9.8,3,2.66,54.2,15.2,57.6,0.96,1.467,0.253,1
AST-WAT-963,Water Pump,979,51,2.0,3,3.17,59.9,36.8,60.9,1.264,0.567,0.061,0
AST-MED-658,Medical,975,194,14.4,7,4.63,63.9,15.3,36.6,1.974,2.156,0.443,0
AST-MED-296,Medical,368,2,0.0,0,0.95,44.0,8.4,56.9,0.279,0.022,0.0,0
AST-LAB-345,Lab Equipment,1366,218,76.4,9,5.75,85.9,20.6,43.1,3.296,2.422,1.678,1
AST-MED-446,Medical,1069,97,43.4,10,1.82,44.9,8.7,33.3,0.544,1.078,1.218,0
AST-WAT-806,Water Pump,1443,32,23.0,6,4.94,65.0,27.9,62.6,2.142,0.356,0.478,1
AST-GEN-852,Generator,363,78,1.1,1,2.49,68.0,43.9,46.9,1.13,0.867,0.091,0
AST-WAT-883,Water Pump,392,39,0.5,1,2.61,49.5,25.5,55.5,0.863,0.433,0.038,0
AST-GEN-293,Generator,385,147,5.5,1,3.29,80.2,58.9,52.7,1.759,1.633,0.429,0
AST-IT -750,IT Server,2417,181,235.6,18,5.64,81.6,25.0,44.6,3.069,2.011,2.924,1
AST-IT -112,IT Server,933,87,13.0,6,0.94,45.5,15.8,71.5,0.286,0.967,0.418,0
AST-WAT-717,Water Pump,1888,26,50.2,9,4.45,70.5,32.0,45.8,2.091,0.289,0.798,0
AST-LAB-183,Lab Equipment,2020,180,143.8,17,5.42,65.1,19.4,57.8,2.352,2.0,2.136,1
AST-HVA-453,HVAC,1712,129,20.9,8,3.85,65.0,30.0,24.2,1.667,1.433,0.366,0
AST-HVA-686,HVAC,1272,19,20.8,6,2.8,55.2,24.8,61.8,1.032,0.211,0.491,0
AST-ELE-491,Elevator,49,85,0.0,0,2.35,67.0,32.8,51.1,1.05,0.944,0.0,0
AST-LAB-359,Lab Equipment,2245,208,175.8,16,6.66,72.3,21.0,46.0,3.209,2.311,2.349,1
AST-ELE-746,Elevator,2304,152,124.5,18,6.29,66.9,38.5,40.5,2.804,1.689,1.621,1
AST-GEN-558,Generator,1607,144,188.9,14,6.84,91.4,42.1,31.3,4.166,1.6,3.526,1
AST-WAT-670,Water Pump,1887,196,7.3,3,6.23,93.8,41.0,34.6,3.892,2.178,0.116,1
AST-LAB-575,Lab Equipment,1814,220,18.1,5,6.07,75.6,23.0,40.7,3.062,2.444,0.299,1
AST-LAB-386,Lab Equipment,949,80,2.7,4,1.89,33.1,16.5,35.4,0.417,0.889,0.085,0
AST-ELE-963,Elevator,2434,205,57.1,8,7.17,85.1,38.2,48.6,4.07,2.278,0.704,1
AST-ELE-750,Elevator,985,216,11.9,7,6.72,87.3,34.6,35.6,3.916,2.4,0.362,1
AST-WAT-583,Water Pump,998,12,4.0,4,2.12,56.4,30.6,34.9,0.797,0.133,0.12,0
AST-GEN-370,Generator,2406,203,121.2,10,6.4,88.0,47.1,23.9,3.758,2.256,1.511,1
AST-WAT-839,Water Pump,1878,86,201.6,17,4.65,60.5,29.5,48.1,1.876,0.956,3.22,1
AST-LAB-370,Lab Equipment,1423,30,273.0,8,3.0,52.3,11.5,44.0,1.046,0.333,5.755,1
AST-MED-655,Medical,1180,230,10.5,9,5.78,72.6,19.7,69.4,2.799,2.556,0.267,1
AST-HVA-700,HVAC,1273,180,125.6,12,6.4,70.6,29.6,59.0,3.012,2.0,2.96,1
AST-LAB-842,Lab Equipment,919,216,0.2,3,5.13,67.3,24.8,70.4,2.304,2.4,0.007,1
AST-HVA-452,HVAC,1615,6,62.4,4,2.91,51.7,19.9,41.6,1.003,0.067,1.159,0
AST-WAT-396,Water Pump,694,124,12.1,2,2.84,76.1,27.2,53.3,1.441,1.378,0.523,1
AST-IT -898,IT Server,2420,229,0.1,8,5.58,82.7,26.1,48.9,3.073,2.544,0.001,1
AST-WAT-693,Water Pump,1254,206,35.9,4,6.66,92.3,43.5,39.1,4.1,2.289,0.859,1
AST-WAT-220,Water Pump,460,28,0.0,0,1.06,57.5,37.3,26.4,0.407,0.311,0.0,0
AST-IT -584,IT Server,1636,79,29.3,13,1.53,49.1,16.6,52.8,0.501,0.878,0.537,0
AST-MED-396,Medical,1468,108,24.4,10,1.88,50.3,11.0,61.2,0.631,1.2,0.499,0
AST-GEN-624,Generator,2345,203,100.2,14,7.86,111.4,57.6,29.9,5.837,2.256,1.282,1
AST-GEN-496,Generator,2391,54,10.6,20,3.8,73.6,52.5,46.6,1.865,0.6,0.133,0
AST-MED-374,Medical,131,195,8.2,2,4.5,51.7,16.8,54.1,1.551,2.167,1.878,0
AST-HVA-723,HVAC,2108,67,57.5,8,3.04,78.1,18.9,55.9,1.58,0.744,0.818,0
AST-LAB-641,Lab Equipment,1458,190,24.2,7,5.2,59.1,18.9,41.6,2.052,2.111,0.498,1
AST-WAT-544,Water Pump,1582,186,18.5,10,7.48,86.0,35.1,56.6,4.29,2.067,0.351,1
AST-IT -286,IT Server,1700,18,91.6,14,2.44,58.8,16.3,47.9,0.956,0.2,1.616,0
AST-GEN-519,Generator,2274,122,131.5,18,5.26,78.2,40.8,31.0,2.743,1.356,1.735,1
AST-WAT-982,Water Pump,1843,227,14.4,9,5.21,91.2,37.3,58.5,3.168,2.522,0.234,1
AST-LAB-549,Lab Equipment,2471,96,99.2,14,3.22,55.3,14.0,42.7,1.186,1.067,1.204,0
AST-WAT-769,Water Pump,870,146,2.4,5,4.08,72.4,40.3,52.1,1.968,1.622,0.083,0
AST-WAT-516,Water Pump,621,97,44.4,3,2.7,57.5,34.4,59.2,1.035,1.078,2.145,0
AST-LAB-703,Lab Equipment,782,226,40.7,2,6.48,67.3,20.7,63.2,2.908,2.511,1.561,1
AST-WAT-554,Water Pump,315,172,0.0,0,5.51,75.7,37.2,55.6,2.781,1.911,0.0,0
AST-HVA-548,HVAC,1006,92,21.6,12,2.67,61.2,21.8,55.4,1.091,1.022,0.644,0
AST-IT -711,IT Server,1748,45,36.7,11,2.04,32.7,15.8,34.2,0.444,0.5,0.63,0
AST-WAT-133,Water Pump,1696,139,19.5,6,5.43,72.8,40.6,47.6,2.634,1.544,0.345,0
AST-ELE-271,Elevator,1207,52,8.7,5,1.92,55.8,28.1,55.0,0.713,0.578,0.216,0
AST-GEN-800,Generator,1020,14,7.3,7,2.87,70.4,48.2,20.0,1.345,0.156,0.215,0
AST-GEN-731,Generator,2444,238,57.5,17,6.96,98.6,68.6,47.7,4.576,2.644,0.706,1
AST-MED-488,Medical,122,202,2.3,1,4.44,63.4,18.2,59.7,1.878,2.244,0.566,0
AST-ELE-128,Elevator,1577,145,141.9,9,4.69,81.1,28.9,36.4,2.537,1.611,2.699,0
AST-MED-824,Medical,958,175,24.8,7,4.2,55.8,14.0,42.1,1.563,1.944,0.777,0
AST-LAB-726,Lab Equipment,1438,168,55.8,5,4.95,74.8,21.3,52.2,2.47,1.867,1.164,1
AST-MED-548,Medical,2232,226,4.9,10,6.06,70.3,19.8,47.9,2.84,2.511,0.066,1
AST-WAT-243,Water Pump,2482,79,104.4,16,3.39,68.4,33.3,52.4,1.547,0.878,1.262,1
AST-IT -451,IT Server,1023,124,43.0,6,2.54,57.8,19.0,62.0,0.977,1.378,1.261,0
AST-HVA-133,HVAC,1596,221,202.2,10,6.75,93.7,36.2,51.7,4.217,2.456,3.801,1
AST-MED-643,Medical,2306,87,26.4,13,1.92,43.3,9.4,34.8,0.556,0.967,0.343,0
AST-LAB-898,Lab Equipment,1425,63,6.5,11,1.72,47.7,14.8,58.5,0.549,0.7,0.137,0
AST-IT -746,IT Server,2161,201,79.8,14,5.53,79.3,24.6,76.6,2.921,2.233,1.108,1
AST-GEN-470,Generator,1463,80,67.9,10,2.92,73.8,55.0,50.4,1.435,0.889,1.392,0
AST-IT -921,IT Server,56,83,0.0,0,0.71,35.3,15.8,39.2,0.168,0.922,0.0,0
AST-LAB-520,Lab Equipment,1269,34,93.3,10,2.52,54.2,14.1,43.4,0.911,0.378,2.206,0
AST-WAT-130,Water Pump,1994,143,134.5,12,5.83,92.3,32.8,20.3,3.586,1.589,2.024,1
AST-LAB-663,Lab Equipment,2201,164,133.6,10,5.66,67.5,16.5,45.8,2.548,1.822,1.821,1
AST-IT -506,IT Server,142,174,0.0,0,3.44,62.2,22.6,75.9,1.427,1.933,0.0,0
AST-GEN-839,Generator,2447,34,22.2,16,2.79,70.8,28.1,51.1,1.315,0.378,0.272,0
AST-GEN-176,Generator,1998,9,22.9,6,3.03,74.7,40.7,24.9,1.51,0.1,0.344,0
AST-HVA-736,HVAC,1365,144,87.2,8,4.75,76.6,27.1,66.1,2.425,1.6,1.916,1
AST-LAB-313,Lab Equipment,2454,199,59.5,17,5.89,76.7,20.1,53.5,3.013,2.211,0.727,1
AST-GEN-652,Generator,1963,145,41.8,8,4.37,92.2,52.0,53.0,2.685,1.611,0.639,1
AST-LAB-263,Lab Equipment,2157,128,149.5,15,4.35,68.1,14.6,65.5,1.972,1.422,2.079,1
AST-WAT-816,Water Pump,342,65,12.9,1,2.24,54.5,28.5,45.9,0.815,0.722,1.132,0
AST-WAT-417,Water Pump,2354,93,6.1,18,3.75,58.9,35.1,46.2,1.475,1.033,0.078,0
AST-GEN-690,Generator,493,122,4.4,3,4.28,78.3,60.0,33.0,2.234,1.356,0.268,0
AST-IT -501,IT Server,1298,77,210.1,8,2.72,70.3,13.5,44.5,1.274,0.856,4.856,1
AST-HVA-340,HVAC,827,195,14.3,3,4.57,84.2,32.1,41.3,2.565,2.167,0.519,1
AST-IT -618,IT Server,57,121,0.0,0,1.53,53.0,21.3,66.9,0.542,1.344,0.0,1
AST-MED-180,Medical,199,46,0.0,0,1.33,39.5,7.8,72.3,0.35,0.511,0.0,0
AST-MED-446,Medical,354,39,10.1,4,1.56,40.2,9.2,55.0,0.418,0.433,0.856,0
AST-GEN-797,Generator,682,188,10.2,3,3.73,99.9,66.3,38.9,2.486,2.089,0.449,0
AST-WAT-103,Water Pump,366,186,6.7,1,5.2,75.9,41.9,49.6,2.63,2.067,0.549,0
AST-MED-404,Medical,1531,70,60.2,9,2.47,46.2,7.7,25.4,0.76,0.778,1.18,0
AST-MED-642,Medical,2070,159,69.4,14,4.2,57.0,12.3,59.1,1.598,1.767,1.006,1
AST-WAT-812,Water Pump,309,15,2.8,1,3.25,64.9,29.4,35.0,1.407,0.167,0.272,0
AST-MED-515,Medical,1730,34,1.1,6,1.61,38.4,6.8,56.4,0.413,0.378,0.019,0
AST-MED-765,Medical,103,200,0.0,0,4.54,58.1,18.2,47.4,1.758,2.222,0.0,1
AST-GEN-515,Generator,2369,115,134.9,19,5.57,98.8,53.5,44.0,3.673,1.278,1.708,1
AST-GEN-945,Generator,238,59,0.1,2,1.88,75.1,28.4,40.3,0.942,0.656,0.013,0
AST-LAB-156,Lab Equipment,2001,137,15.5,13,3.38,57.9,11.8,34.1,1.302,1.522,0.232,0
AST-MED-399,Medical,2253,239,143.5,16,7.43,77.6,20.1,62.5,3.844,2.656,1.911,1
AST-GEN-306,Generator,84,147,8.6,2,3.37,79.0,51.0,38.0,1.775,1.633,3.071,0
AST-IT -605,IT Server,610,231,31.4,6,5.61,72.3,23.4,54.3,2.703,2.567,1.544,1
AST-IT -321,IT Server,1659,137,104.3,9,3.8,65.9,17.8,67.7,1.671,1.522,1.886,0
AST-HVA-536,HVAC,230,204,5.4,1,5.89,85.0,34.2,38.0,3.339,2.267,0.704,1
AST-MED-443,Medical,1854,153,51.6,10,3.91,58.5,11.6,42.7,1.525,1.7,0.835,1
AST-GEN-510,Generator,2018,20,0.9,11,2.94,70.3,45.2,30.1,1.381,0.222,0.013,0
AST-ELE-644,Elevator,1431,129,233.4,10,4.3,83.3,26.1,43.7,2.389,1.433,4.893,1
AST-IT -749,IT Server,1915,2,0.2,8,1.6,45.8,12.7,75.5,0.49,0.022,0.003,0
AST-HVA-839,HVAC,467,145,8.5,1,3.41,69.6,24.5,46.3,1.582,1.611,0.546,0
AST-IT -967,IT Server,2009,172,33.5,10,3.97,56.7,20.2,64.5,1.501,1.911,0.5,1
AST-IT -232,IT Server,1465,19,3.9,7,1.25,56.3,14.2,55.5,0.469,0.211,0.08,0
AST-HVA-222,HVAC,2333,40,35.4,10,2.22,52.1,25.0,52.2,0.77,0.444,0.455,0
AST-ELE-461,Elevator,547,61,125.3,5,2.52,58.9,20.7,50.9,0.99,0.678,6.872,0
AST-GEN-678,Generator,1873,216,80.2,15,7.35,105.0,51.4,46.9,5.145,2.4,1.285,1
AST-MED-689,Medical,839,194,28.8,4,4.06,67.9,19.6,62.0,1.837,2.156,1.03,0
AST-MED-617,Medical,691,152,19.3,6,3.53,59.2,11.9,60.1,1.392,1.689,0.838,0
AST-MED-648,Medical,1553,235,42.9,9,6.3,76.6,21.7,61.4,3.22,2.611,0.829,1
AST-HVA-179,HVAC,1788,216,10.0,13,6.59,89.1,30.5,62.1,3.918,2.4,0.168,1
AST-IT -761,IT Server,1847,22,30.8,15,1.78,51.0,16.1,44.9,0.607,0.244,0.5,0
AST-GEN-119,Generator,1941,86,6.5,9,2.22,75.2,37.5,46.1,1.115,0.956,0.1,0
AST-LAB-409,Lab Equipment,483,203,5.1,3,5.23,69.6,21.4,36.9,2.425,2.256,0.317,0
AST-GEN-406,Generator,2329,208,57.1,11,6.88,90.1,50.1,51.2,4.136,2.311,0.736,1
AST-GEN-696,Generator,1717,41,315.1,13,5.6,85.6,56.5,27.4,3.195,0.456,5.506,1
AST-MED-715,Medical,356,133,0.0,0,2.52,50.6,12.0,56.2,0.85,1.478,0.0,0
AST-GEN-809,Generator,317,46,3.3,2,2.43,64.0,45.2,26.4,1.036,0.511,0.312,0
AST-IT -910,IT Server,1954,187,235.7,19,5.65,73.3,21.4,46.6,2.759,2.078,3.619,1
AST-WAT-761,Water Pump,1808,182,77.6,13,4.96,79.4,46.4,50.4,2.624,2.022,1.288,1
AST-LAB-275,Lab Equipment,1086,77,17.2,10,1.63,48.5,12.8,46.6,0.527,0.856,0.475,0
AST-MED-302,Medical,1433,221,23.2,7,5.51,64.1,21.2,53.8,2.353,2.456,0.486,1
AST-LAB-631,Lab Equipment,2059,43,70.6,13,3.59,52.6,13.5,47.0,1.258,0.478,1.029,0
AST-WAT-485,Water Pump,1512,122,145.4,13,5.29,80.3,37.7,52.3,2.832,1.356,2.885,1
AST-LAB-870,Lab Equipment,1289,58,38.9,11,2.51,48.5,12.5,60.0,0.811,0.644,0.905,0
AST-WAT-792,Water Pump,206,214,0.0,0,6.68,91.9,44.9,69.2,4.09,2.378,0.0,1
AST-IT -148,IT Server,957,70,47.6,6,1.38,46.1,18.0,55.9,0.425,0.778,1.492,0
AST-ELE-119,Elevator,1245,33,25.6,4,2.95,75.7,30.1,41.7,1.488,0.367,0.617,0
AST-IT -984,IT Server,1745,13,60.5,8,1.93,49.5,15.9,48.3,0.639,0.144,1.04,0
AST-ELE-151,Elevator,2354,74,46.6,19,2.37,59.2,34.6,45.1,0.934,0.822,0.594,1
AST-HVA-529,HVAC,1481,124,166.0,10,4.95,87.2,27.4,36.9,2.875,1.378,3.363,1
AST-LAB-230,Lab Equipment,1209,226,23.1,8,5.94,69.8,21.4,50.6,2.765,2.511,0.573,1
AST-LAB-811,Lab Equipment,596,33,14.5,2,1.45,44.1,11.8,47.5,0.427,0.367,0.73,0
AST-IT -257,IT Server,165,57,0.4,1,1.05,50.5,18.7,38.5,0.355,0.633,0.073,0
AST-IT -336,IT Server,247,153,12.7,1,2.63,59.7,23.2,33.5,1.049,1.7,1.543,0
AST-ELE-374,Elevator,270,234,0.0,0,6.77,95.0,40.0,41.2,4.29,2.6,0.0,1
AST-MED-251,Medical,1941,62,0.7,11,1.98,41.2,7.4,34.0,0.544,0.689,0.011,0
AST-ELE-216,Elevator,1914,48,71.0,15,3.1,60.1,28.8,36.6,1.242,0.533,1.113,0
AST-LAB-418,Lab Equipment,299,67,47.3,1,1.99,44.5,14.3,48.9,0.589,0.744,4.746,0
AST-WAT-436,Water Pump,1754,147,91.7,11,4.86,82.4,31.0,51.2,2.672,1.633,1.568,0
AST-HVA-999,HVAC,77,163,0.0,0,3.77,57.9,30.7,38.7,1.455,1.811,0.0,0
AST-MED-228,Medical,942,56,8.4,7,1.22,40.3,9.3,39.3,0.329,0.622,0.268,0
AST-IT -640,IT Server,1147,115,150.2,8,3.11,45.4,17.3,57.4,0.939,1.278,3.929,0
AST-GEN-261,Generator,2386,138,36.6,14,4.82,93.8,41.8,64.8,3.016,1.533,0.46,1
AST-WAT-912,Water Pump,1353,158,9.0,9,5.93,75.0,36.1,67.1,2.966,1.756,0.2,1
AST-LAB-810,Lab Equipment,2001,202,128.5,8,6.63,75.4,20.1,53.9,3.329,2.244,1.927,1
AST-HVA-461,HVAC,1050,221,2.1,4,6.69,85.5,32.9,63.3,3.81,2.456,0.06,1
AST-WAT-272,Water Pump,710,111,50.3,3,4.36,76.9,33.0,56.8,2.236,1.233,2.125,0
AST-GEN-859,Generator,1263,120,138.7,13,5.15,83.4,47.2,59.7,2.862,1.333,3.295,1
AST-GEN-512,Generator,1358,3,103.4,9,5.1,82.8,47.7,44.8,2.814,0.033,2.284,1
AST-GEN-246,Generator,2335,5,54.6,12,3.01,80.2,37.6,43.3,1.608,0.056,0.701,0
AST-ELE-751,Elevator,257,111,9.1,1,2.62,64.6,25.8,50.1,1.126,1.233,1.062,0
AST-LAB-516,Lab Equipment,306,222,11.0,1,5.84,76.1,21.7,61.6,2.965,2.467,1.078,0
AST-MED-408,Medical,626,116,4.8,2,2.22,49.6,10.7,49.1,0.736,1.289,0.23,0
AST-GEN-962,Generator,1360,82,16.7,7,3.19,68.5,41.6,57.7,1.455,0.911,0.368,0
AST-HVA-831,HVAC,1193,46,15.2,5,2.12,52.9,22.4,66.1,0.748,0.511,0.382,0
AST-HVA-510,HVAC,2048,154,23.5,12,4.73,75.4,23.0,50.1,2.378,1.711,0.344,1
AST-ELE-867,Elevator,280,189,0.1,2,5.49,85.1,23.2,52.6,3.114,2.1,0.011,1
AST-MED-930,Medical,1126,147,66.2,7,3.93,55.6,12.5,67.0,1.457,1.633,1.764,1
AST-GEN-413,Generator,976,176,1.2,7,4.96,93.2,51.8,57.8,3.083,1.956,0.037,1
AST-IT -119,IT Server,1165,82,11.9,9,1.11,46.5,14.5,56.0,0.345,0.911,0.306,0
AST-ELE-896,Elevator,2446,222,154.0,12,8.02,89.6,41.4,41.6,4.793,2.467,1.889,1
AST-ELE-455,Elevator,744,132,7.7,4,3.91,55.4,23.9,51.4,1.443,1.467,0.31,0
AST-ELE-327,Elevator,1399,117,43.1,6,4.63,73.0,24.5,48.7,2.254,1.3,0.924,1
AST-WAT-917,Water Pump,2122,26,31.7,11,2.94,71.9,24.7,57.0,1.408,0.289,0.448,0
AST-GEN-120,Generator,2001,60,1.5,7,2.94,74.1,51.0,58.8,1.453,0.667,0.022,0
AST-GEN-744,Generator,882,13,39.1,6,3.65,65.9,44.8,58.3,1.607,0.144,1.33,0
AST-GEN-533,Generator,1300,26,52.4,6,3.29,77.9,51.9,63.8,1.709,0.289,1.209,0
AST-GEN-400,Generator,1978,239,189.5,11,8.22,108.0,57.0,61.2,5.921,2.656,2.874,1
AST-ELE-683,Elevator,2236,96,35.8,11,3.96,59.8,29.6,50.1,1.578,1.067,0.48,1
AST-WAT-569,Water Pump,674,15,6.8,5,4.0,66.1,32.7,76.7,1.765,0.167,0.303,0
AST-MED-145,Medical,1357,235,14.1,6,6.25,68.4,19.2,49.7,2.846,2.611,0.312,1
AST-HVA-228,HVAC,1048,211,10.8,6,5.0,81.8,36.2,34.7,2.729,2.344,0.309,1
AST-HVA-938,HVAC,146,125,0.0,0,2.01,79.5,20.6,41.6,1.068,1.389,0.0,0
AST-MED-465,Medical,1358,137,0.0,8,2.9,43.4,10.7,51.0,0.838,1.522,0.0,0
AST-HVA-923,HVAC,2437,69,325.8,19,3.72,69.2,23.2,56.9,1.717,0.767,4.011,1
AST-ELE-153,Elevator,1149,39,10.8,4,3.0,65.3,25.5,49.1,1.307,0.433,0.282,0
AST-ELE-937,Elevator,1255,88,28.3,5,3.46,69.7,26.8,54.9,1.611,0.978,0.676,0
AST-HVA-180,HVAC,2461,159,39.2,16,5.84,79.2,32.7,57.7,3.087,1.767,0.478,1
AST-WAT-481,Water Pump,388,34,3.2,3,2.52,63.0,35.8,35.8,1.058,0.378,0.247,0
AST-IT -920,IT Server,175,125,76.3,3,2.6,63.3,16.6,42.0,1.096,1.389,13.08,0
AST-HVA-700,HVAC,403,217,4.5,2,5.41,75.9,26.9,54.2,2.741,2.411,0.335,1
AST-ELE-453,Elevator,117,90,0.0,0,3.36,57.2,27.1,58.0,1.282,1.0,0.0,0
AST-GEN-846,Generator,1300,157,51.1,9,5.53,80.8,47.3,52.7,2.98,1.744,1.179,0
AST-WAT-170,Water Pump,1956,29,113.8,7,5.05,66.3,33.4,41.2,2.231,0.322,1.745,1
AST-LAB-978,Lab Equipment,1316,92,23.5,10,2.19,39.0,13.7,44.9,0.568,1.022,0.536,0
AST-HVA-501,HVAC,1800,205,47.8,10,6.08,89.8,27.9,51.9,3.636,2.278,0.797,1
AST-IT -746,IT Server,568,72,32.5,2,1.44,54.7,15.3,38.5,0.524,0.8,1.717,0
AST-HVA-960,HVAC,1793,31,200.6,14,3.32,65.9,18.2,44.1,1.459,0.344,3.356,1
AST-GEN-965,Generator,334,172,3.5,2,4.16,79.1,52.8,64.4,2.192,1.911,0.314,0
AST-IT -772,IT Server,1523,229,22.6,9,5.8,70.0,27.8,42.8,2.708,2.544,0.445,0
AST-LAB-343,Lab Equipment,1324,34,41.9,5,2.06,50.2,12.5,58.3,0.69,0.378,0.949,1
AST-WAT-100,Water Pump,1906,112,171.9,12,5.05,67.8,35.0,54.2,2.28,1.244,2.706,1
AST-MED-142,Medical,1214,40,184.8,6,3.03,45.5,8.0,36.9,0.918,0.444,4.567,1
AST-IT -675,IT Server,1608,129,3.0,7,2.41,57.9,15.1,49.5,0.929,1.433,0.056,0
AST-ELE-767,Elevator,1750,153,34.0,5,4.51,88.8,31.8,46.7,2.673,1.7,0.583,1
AST-HVA-413,HVAC,807,176,0.0,4,4.25,71.3,28.6,55.4,2.021,1.956,0.0,1
AST-LAB-124,Lab Equipment,2099,11,215.3,21,2.79,53.7,10.5,20.0,0.999,0.122,3.077,0
AST-IT -138,IT Server,477,12,0.0,0,1.29,50.1,16.1,38.0,0.431,0.133,0.0,0
AST-MED-883,Medical,1740,188,3.3,6,4.29,61.5,16.0,58.2,1.757,2.089,0.057,1
AST-HVA-850,HVAC,916,154,8.7,4,5.34,64.9,29.7,46.3,2.309,1.711,0.285,1
AST-WAT-625,Water Pump,2178,129,3.0,6,4.9,67.5,33.1,43.2,2.203,1.433,0.041,0
AST-IT -708,IT Server,878,10,6.6,2,1.22,49.7,15.7,65.6,0.404,0.111,0.226,0
AST-LAB-772,Lab Equipment,499,99,0.0,0,1.75,48.0,16.4,54.0,0.561,1.1,0.0,0
AST-IT -635,IT Server,496,105,2.1,3,1.77,58.4,18.0,38.6,0.687,1.167,0.127,0
AST-LAB-824,Lab Equipment,2224,188,3.8,10,4.24,68.4,21.1,56.3,1.933,2.089,0.051,1
AST-IT -936,IT Server,1476,239,14.7,6,6.03,78.7,28.4,56.1,3.164,2.656,0.299,1
AST-IT -146,IT Server,1465,161,297.3,10,4.34,71.2,19.2,45.8,2.058,1.789,6.088,1
AST-IT -490,IT Server,1398,103,46.3,9,2.02,52.1,16.6,66.5,0.701,1.144,0.994,0
AST-IT -876,IT Server,686,98,44.4,6,2.03,45.1,17.1,63.4,0.611,1.089,1.942,0
AST-IT -135,IT Server,79,123,0.0,0,1.86,61.0,16.6,44.3,0.756,1.367,0.0,0
AST-ELE-599,Elevator,671,211,1.8,5,6.46,91.9,41.5,37.9,3.959,2.344,0.08,1
AST-ELE-667,Elevator,489,173,0.0,0,3.99,74.4,37.9,50.0,1.98,1.922,0.0,0
AST-WAT-397,Water Pump,1862,40,42.4,14,4.41,64.9,36.8,44.6,1.908,0.444,0.683,0
AST-LAB-315,Lab Equipment,1470,108,256.7,12,3.86,50.2,13.7,58.2,1.292,1.2,5.239,1
AST-LAB-628,Lab Equipment,944,187,5.4,3,4.41,62.0,19.4,50.6,1.824,2.078,0.172,0
AST-WAT-129,Water Pump,2215,57,17.3,9,3.1,58.2,34.2,36.7,1.202,0.633,0.234,0
AST-LAB-718,Lab Equipment,1846,227,4.1,9,6.52,71.7,21.4,47.7,3.12,2.522,0.067,1
AST-IT -698,IT Server,2363,96,54.4,13,2.66,47.9,16.0,51.9,0.848,1.067,0.691,0
AST-MED-454,Medical,1193,156,11.9,9,3.73,51.8,14.5,23.8,1.288,1.733,0.299,0
AST-LAB-572,Lab Equipment,355,67,9.1,1,1.7,45.6,11.5,63.0,0.517,0.744,0.769,0
AST-MED-677,Medical,174,112,0.3,1,1.52,45.3,8.4,47.9,0.458,1.244,0.052,0
AST-IT -840,IT Server,1741,116,67.2,11,2.87,63.0,15.6,54.9,1.208,1.289,1.158,0
AST-WAT-674,Water Pump,1412,196,61.7,11,5.0,80.2,46.1,51.4,2.675,2.178,1.311,1
AST-HVA-186,HVAC,1770,78,32.2,9,2.68,58.1,21.0,42.6,1.037,0.867,0.546,0
AST-HVA-459,HVAC,1526,211,180.4,16,7.26,92.6,29.7,55.2,4.477,2.344,3.547,1
AST-MED-354,Medical,396,129,22.5,2,3.03,45.0,11.6,68.3,0.91,1.433,1.705,0
AST-ELE-771,Elevator,1827,54,34.8,13,3.23,68.6,30.0,43.1,1.478,0.6,0.571,0
AST-GEN-116,Generator,162,35,11.1,1,3.06,51.3,53.6,39.3,1.048,0.389,2.056,0
AST-WAT-454,Water Pump,1785,85,148.4,9,6.12,68.4,34.1,36.3,2.791,0.944,2.494,1
AST-GEN-345,Generator,1953,181,180.8,11,6.16,110.0,37.6,57.7,4.514,2.011,2.777,1
AST-WAT-347,Water Pump,105,174,0.0,0,6.43,64.6,49.0,44.5,2.771,1.933,0.0,1
AST-LAB-607,Lab Equipment,2312,124,0.8,10,3.12,53.8,12.3,45.4,1.12,1.378,0.01,0
AST-WAT-264,Water Pump,1732,28,0.4,8,2.5,61.5,36.6,74.7,1.026,0.311,0.007,0
AST-IT -592,IT Server,659,4,24.9,4,1.1,56.0,16.4,35.9,0.411,0.044,1.134,0
AST-GEN-368,Generator,265,36,7.7,3,1.87,75.6,30.5,52.2,0.945,0.4,0.872,0
AST-WAT-397,Water Pump,1410,83,64.8,12,3.33,54.1,32.7,69.7,1.201,0.922,1.379,1
AST-HVA-450,HVAC,1241,152,1.1,2,4.34,57.3,31.4,59.5,1.659,1.689,0.027,0
AST-IT -862,IT Server,179,171,4.5,3,3.35,61.1,20.2,40.3,1.362,1.9,0.754,0
AST-IT -963,IT Server,885,146,26.6,4,3.05,61.3,20.9,52.7,1.246,1.622,0.902,0
AST-LAB-746,Lab Equipment,1906,61,23.6,14,2.04,46.6,11.9,42.6,0.636,0.678,0.371,0
AST-LAB-238,Lab Equipment,1299,97,58.8,8,2.44,44.1,11.7,57.2,0.717,1.078,1.358,0
AST-GEN-113,Generator,858,205,55.1,4,5.66,91.1,60.1,49.7,3.439,2.278,1.927,1
AST-MED-354,Medical,2185,57,3.6,20,1.51,38.3,7.5,53.6,0.385,0.633,0.049,0
AST-HVA-128,HVAC,152,149,0.0,0,3.61,56.4,27.2,47.7,1.357,1.656,0.0,0
AST-GEN-420,Generator,674,158,1.3,4,5.47,99.4,49.0,41.2,3.625,1.756,0.058,1
AST-GEN-118,Generator,2044,178,21.9,9,5.29,100.4,56.5,63.5,3.539,1.978,0.321,0
AST-MED-208,Medical,1822,146,45.1,8,3.08,58.8,12.4,57.9,1.207,1.622,0.743,0
AST-ELE-522,Elevator,1316,70,3.1,7,2.13,50.5,28.8,56.3,0.717,0.778,0.071,0
AST-LAB-256,Lab Equipment,2127,159,55.5,11,4.13,62.9,18.1,57.9,1.732,1.767,0.783,1
AST-GEN-467,Generator,438,134,9.7,3,1.95,82.8,47.5,63.3,1.075,1.489,0.664,0
AST-LAB-260,Lab Equipment,625,87,52.7,2,2.03,57.8,10.2,63.7,0.783,0.967,2.53,0
AST-WAT-435,Water Pump,1685,15,73.3,15,4.82,69.4,37.9,30.0,2.229,0.167,1.305,1
AST-GEN-355,Generator,183,34,18.6,2,2.1,67.5,38.0,67.6,0.944,0.378,3.049,0
AST-MED-139,Medical,1554,98,91.6,8,2.48,53.4,8.8,23.2,0.884,1.089,1.768,0
AST-LAB-973,Lab Equipment,448,48,0.9,2,0.95,40.9,10.0,35.2,0.258,0.533,0.06,0
AST-ELE-477,Elevator,2154,145,98.1,15,6.25,78.7,35.4,29.7,3.279,1.611,1.366,1
AST-WAT-368,Water Pump,448,237,16.4,3,5.11,91.1,39.6,44.9,3.101,2.633,1.098,1
AST-ELE-269,Elevator,2106,226,137.9,13,9.42,88.5,42.5,41.6,5.556,2.511,1.964,1
AST-MED-171,Medical,1720,104,30.9,7,2.28,48.1,8.3,50.5,0.731,1.156,0.539,0
AST-ELE-655,Elevator,500,218,14.2,2,7.43,84.0,34.8,28.2,4.156,2.422,0.852,1
AST-IT -230,IT Server,2028,135,4.1,17,3.28,57.7,19.3,45.5,1.26,1.5,0.061,0
AST-WAT-382,Water Pump,2020,163,57.8,14,5.54,73.0,33.6,61.9,2.694,1.811,0.858,1
AST-IT -670,IT Server,1593,205,152.0,12,5.59,87.9,23.2,43.0,3.276,2.278,2.863,1
AST-HVA-434,HVAC,605,122,4.4,3,3.47,67.4,19.9,64.4,1.558,1.356,0.218,0
AST-MED-949,Medical,2289,208,19.3,10,5.57,67.4,18.3,73.2,2.503,2.311,0.253,1
AST-WAT-388,Water Pump,1270,78,44.0,10,2.88,67.0,29.2,52.1,1.285,0.867,1.039,0
AST-GEN-263,Generator,1093,178,54.3,5,6.0,85.1,45.5,40.0,3.408,1.978,1.49,1
AST-MED-649,Medical,2259,215,71.8,14,6.11,76.1,19.6,58.5,3.101,2.389,0.954,1
AST-ELE-172,Elevator,1030,223,15.8,4,5.95,89.3,38.5,44.1,3.539,2.478,0.46,1
AST-LAB-178,Lab Equipment,1259,94,65.4,10,3.1,52.4,12.2,52.3,1.083,1.044,1.558,1
AST-HVA-957,HVAC,480,234,9.1,5,6.23,76.7,29.4,35.1,3.187,2.6,0.569,1
AST-ELE-256,Elevator,1587,174,33.9,8,5.43,92.1,37.1,47.1,3.336,1.933,0.641,1
AST-IT -931,IT Server,528,236,2.5,4,5.18,74.9,28.0,41.9,2.587,2.622,0.142,1
AST-HVA-718,HVAC,1048,172,4.5,3,5.24,68.3,30.2,45.1,2.385,1.911,0.129,0
AST-HVA-492,HVAC,379,7,22.1,3,2.19,52.6,20.8,42.2,0.768,0.078,1.749,0
AST-WAT-906,Water Pump,408,224,19.8,3,7.38,83.1,40.3,55.4,4.087,2.489,1.456,1
AST-WAT-862,Water Pump,538,213,109.9,6,7.0,86.6,36.4,51.8,4.039,2.367,6.128,1
AST-IT -923,IT Server,542,188,0.0,0,4.3,69.6,20.9,74.9,1.997,2.089,0.0,0
AST-LAB-773,Lab Equipment,2484,37,6.8,13,2.28,51.5,11.3,43.0,0.783,0.411,0.082,0
AST-ELE-597,Elevator,1706,144,85.6,18,5.88,78.9,27.1,57.3,3.093,1.6,1.505,1
AST-WAT-316,Water Pump,1215,17,84.0,9,5.17,57.5,30.8,23.0,1.982,0.189,2.074,0
AST-GEN-368,Generator,351,72,4.0,3,1.77,62.2,52.9,41.9,0.733,0.8,0.342,0
AST-WAT-171,Water Pump,2142,27,65.3,18,3.47,63.3,25.7,52.3,1.464,0.3,0.915,1
AST-WAT-975,Water Pump,2333,163,359.6,13,6.12,85.4,28.2,46.0,3.483,1.811,4.624,1
AST-HVA-450,HVAC,381,179,8.3,2,5.14,66.5,25.7,47.8,2.28,1.989,0.654,0
AST-GEN-422,Generator,504,114,7.4,1,2.82,82.7,45.5,35.8,1.552,1.267,0.44,0
AST-ELE-102,Elevator,1298,80,43.6,10,2.97,70.7,21.1,34.3,1.401,0.889,1.008,0
AST-IT -469,IT Server,1726,1,67.1,10,2.27,57.7,13.2,54.2,0.873,0.011,1.166,0
AST-MED-911,Medical,225,207,0.0,0,4.8,60.0,17.8,56.1,1.917,2.3,0.0,0
AST-LAB-564,Lab Equipment,439,76,9.1,1,1.25,43.9,13.9,40.2,0.366,0.844,0.622,0
AST-IT -569,IT Server,2186,55,141.3,10,2.6,53.6,13.1,44.1,0.928,0.611,1.939,1
AST-GEN-207,Generator,1105,208,29.3,5,7.28,79.1,61.0,63.5,3.842,2.311,0.795,1
AST-WAT-499,Water Pump,1143,81,3.8,6,2.86,54.7,31.0,50.4,1.042,0.9,0.1,0
AST-WAT-256,Water Pump,1904,84,8.9,12,3.89,59.3,26.6,63.0,1.537,0.933,0.14,0
AST-LAB-714,Lab Equipment,1130,203,26.5,5,5.85,68.7,20.1,61.3,2.677,2.256,0.704,1
AST-ELE-374,Elevator,141,57,1.9,1,1.68,54.3,29.2,38.3,0.609,0.633,0.404,0
AST-LAB-371,Lab Equipment,1087,159,2.2,2,3.57,59.3,15.2,43.6,1.411,1.767,0.061,0
AST-IT -637,IT Server,1872,1,268.7,11,2.98,60.9,17.2,58.9,1.208,0.011,4.306,1
AST-GEN-352,Generator,466,182,3.0,3,3.6,94.5,51.7,58.3,2.265,2.022,0.193,1
AST-ELE-729,Elevator,1213,23,22.2,7,2.06,60.5,30.5,45.7,0.833,0.256,0.549,0
AST-ELE-514,Elevator,1260,19,155.1,10,2.28,72.1,18.3,38.1,1.094,0.211,3.693,1
AST-LAB-117,Lab Equipment,948,43,1.3,3,2.08,46.1,17.3,65.3,0.639,0.478,0.041,0
AST-WAT-561,Water Pump,1466,60,93.0,5,4.94,70.0,38.6,40.3,2.308,0.667,1.903,0
AST-ELE-761,Elevator,2309,12,35.8,14,3.59,51.2,25.3,44.3,1.225,0.133,0.465,0
AST-LAB-347,Lab Equipment,388,176,0.0,0,4.79,62.5,18.3,41.6,1.997,1.956,0.0,0
AST-HVA-127,HVAC,2216,155,40.0,7,5.27,70.1,27.9,51.5,2.463,1.722,0.542,1
AST-MED-402,Medical,1697,202,4.5,8,4.66,62.0,16.4,53.0,1.927,2.244,0.08,1
AST-MED-331,Medical,1652,10,25.4,12,1.99,39.5,7.7,48.5,0.523,0.111,0.461,0
AST-MED-121,Medical,281,72,1.9,1,1.32,37.0,7.1,52.8,0.326,0.8,0.203,0
AST-IT -509,IT Server,1930,154,24.3,9,3.84,54.1,24.9,49.9,1.383,1.711,0.378,0
AST-IT -487,IT Server,2421,209,325.4,20,6.16,77.0,28.0,44.5,3.165,2.322,4.032,1
AST-MED-620,Medical,1063,133,8.2,5,2.65,52.3,10.9,80.2,0.925,1.478,0.231,0
AST-HVA-765,HVAC,1039,104,70.8,6,3.3,68.3,26.0,68.6,1.501,1.156,2.044,0
AST-HVA-154,HVAC,1897,205,43.1,14,6.14,83.2,34.3,45.3,3.405,2.278,0.682,1
AST-WAT-173,Water Pump,1850,125,26.7,12,3.65,70.9,30.5,59.5,1.726,1.389,0.433,0
AST-WAT-982,Water Pump,938,168,87.1,5,5.16,81.2,37.5,48.0,2.796,1.867,2.786,1
AST-IT -417,IT Server,2469,51,153.7,10,2.78,50.4,17.0,64.0,0.936,0.567,1.868,0
AST-WAT-137,Water Pump,1849,136,32.2,11,3.83,72.1,30.1,60.8,1.84,1.511,0.522,1
AST-HVA-552,HVAC,466,147,7.7,1,4.16,59.8,25.9,58.3,1.66,1.633,0.496,0
AST-LAB-952,Lab Equipment,243,10,4.4,2,0.92,40.5,13.4,70.8,0.248,0.111,0.543,0
AST-HVA-274,HVAC,410,69,18.4,6,1.74,47.5,17.0,69.8,0.552,0.767,1.346,0
AST-HVA-929,HVAC,1490,86,28.1,10,2.06,60.6,26.5,64.2,0.833,0.956,0.566,0
AST-LAB-558,Lab Equipment,1174,59,40.9,7,2.13,48.9,9.5,34.5,0.695,0.656,1.045,0
AST-ELE-777,Elevator,2155,78,27.0,10,3.18,53.2,27.9,63.2,1.129,0.867,0.376,0
AST-ELE-516,Elevator,1432,96,146.1,12,4.49,66.5,16.7,63.4,1.992,1.067,3.061,0
AST-GEN-681,Generator,476,123,0.1,1,4.08,75.7,54.9,53.0,2.062,1.367,0.006,0
AST-HVA-938,HVAC,894,187,8.4,5,4.56,83.1,31.8,46.1,2.526,2.078,0.282,1
AST-GEN-101,Generator,256,80,0.0,0,2.37,72.0,40.3,50.9,1.137,0.889,0.0,0
AST-WAT-699,Water Pump,2420,47,117.4,13,3.9,74.8,37.5,50.8,1.944,0.522,1.455,1
AST-LAB-456,Lab Equipment,908,185,79.1,7,5.0,68.3,19.7,32.5,2.279,2.056,2.613,1
AST-HVA-857,HVAC,1986,166,2.0,2,4.96,71.1,29.1,40.7,2.352,1.844,0.03,0
AST-GEN-206,Generator,1891,56,2.1,10,3.35,62.9,45.4,56.3,1.406,0.622,0.033,0
AST-WAT-410,Water Pump,1781,178,2.1,5,5.01,83.2,39.3,41.0,2.778,1.978,0.035,0
AST-MED-618,Medical,2058,184,38.7,4,5.21,63.8,16.2,67.0,2.218,2.044,0.564,1
AST-GEN-911,Generator,2324,211,21.6,16,7.09,99.7,52.5,55.4,4.712,2.344,0.279,1
AST-IT -485,IT Server,1379,170,11.3,8,3.62,73.3,23.4,37.4,1.77,1.889,0.246,1
AST-IT -257,IT Server,1992,169,47.8,10,4.33,70.1,23.6,33.9,2.024,1.878,0.72,0
AST-IT -564,IT Server,408,67,6.6,1,0.88,47.6,14.5,63.7,0.28,0.744,0.485,0
AST-GEN-380,Generator,2391,52,60.0,7,4.21,80.5,39.7,64.1,2.261,0.578,0.753,0
AST-WAT-593,Water Pump,1629,113,5.9,7,2.91,63.8,25.7,46.2,1.24,1.256,0.109,0
AST-LAB-106,Lab Equipment,1526,94,132.6,8,2.81,48.8,15.4,53.1,0.916,1.044,2.607,0
AST-HVA-589,HVAC,967,212,15.6,5,5.61,86.5,28.9,66.3,3.236,2.356,0.484,1
AST-IT -228,IT Server,515,226,4.9,5,5.47,66.8,24.7,36.7,2.437,2.511,0.285,0
AST-LAB-239,Lab Equipment,1418,7,0.2,13,1.51,34.3,8.1,59.9,0.346,0.078,0.004,0
AST-WAT-701,Water Pump,2312,157,82.8,8,6.8,69.3,43.1,60.7,3.143,1.744,1.074,1
AST-MED-868,Medical,1107,101,99.6,8,2.8,55.7,9.1,35.4,1.038,1.122,2.699,0
AST-GEN-939,Generator,2457,137,161.1,16,4.98,91.8,47.3,45.4,3.047,1.522,1.967,1
AST-LAB-115,Lab Equipment,446,76,0.0,0,1.3,36.9,12.5,48.2,0.32,0.844,0.0,0
AST-ELE-761,Elevator,1372,93,43.1,9,2.4,67.3,31.1,20.0,1.078,1.033,0.942,0
AST-WAT-994,Water Pump,975,154,16.7,2,4.18,61.1,38.0,50.6,1.704,1.711,0.514,0
AST-MED-777,Medical,571,122,0.6,2,1.91,42.7,11.9,44.1,0.542,1.356,0.032,0
AST-HVA-841,HVAC,2245,102,103.5,16,3.04,55.8,19.6,68.7,1.132,1.133,1.383,0
AST-ELE-697,Elevator,648,93,39.5,3,2.49,52.8,32.1,49.6,0.874,1.033,1.829,0
AST-IT -953,IT Server,254,85,0.9,1,0.74,56.8,14.1,58.9,0.279,0.944,0.106,0
AST-GEN-498,Generator,249,2,7.5,2,2.08,78.5,41.2,54.7,1.089,0.022,0.904,0
AST-HVA-902,HVAC,485,171,6.5,1,4.47,69.4,28.0,62.1,2.065,1.9,0.402,0
AST-HVA-185,HVAC,1368,109,28.3,5,2.14,70.7,19.9,48.8,1.01,1.211,0.621,0
AST-HVA-966,HVAC,2427,118,60.0,10,4.43,59.0,23.0,63.9,1.741,1.311,0.742,1
AST-MED-906,Medical,1063,198,20.9,7,4.47,68.0,18.9,47.8,2.026,2.2,0.59,0
AST-ELE-626,Elevator,365,36,23.9,2,1.46,57.2,28.0,39.6,0.556,0.4,1.964,0
AST-WAT-336,Water Pump,34,13,0.0,0,3.13,70.9,34.4,60.4,1.48,0.144,0.0,0
AST-IT -624,IT Server,603,168,8.3,1,3.64,65.2,20.1,42.0,1.58,1.867,0.413,0
AST-IT -974,IT Server,1270,171,31.6,5,3.93,63.0,21.9,46.6,1.651,1.9,0.746,0
AST-WAT-686,Water Pump,239,196,0.3,1,7.02,79.3,36.5,57.3,3.712,2.178,0.038,1
AST-ELE-939,Elevator,2326,219,3.9,13,6.37,76.4,46.9,50.2,3.245,2.433,0.05,1
AST-GEN-301,Generator,923,19,33.3,3,3.59,69.6,52.7,40.6,1.665,0.211,1.082,0
AST-ELE-368,Elevator,2197,32,79.8,6,3.0,62.6,29.4,46.7,1.25,0.356,1.09,0
AST-LAB-743,Lab Equipment,1033,161,21.3,9,3.8,57.7,18.6,25.4,1.462,1.789,0.619,0
AST-WAT-471,Water Pump,1328,186,13.2,8,3.81,99.1,28.0,43.5,2.516,2.067,0.298,1
AST-IT -241,IT Server,547,19,53.4,4,1.29,43.8,11.1,53.8,0.376,0.211,2.929,0
AST-IT -660,IT Server,587,225,6.3,1,5.24,77.1,30.1,56.6,2.694,2.5,0.322,1
AST-LAB-318,Lab Equipment,364,135,0.3,3,2.53,50.7,16.5,58.7,0.855,1.5,0.025,0
AST-LAB-941,Lab Equipment,1207,32,46.2,5,1.82,52.0,12.3,34.6,0.632,0.356,1.148,0
AST-HVA-753,HVAC,944,213,3.6,7,5.82,79.4,31.7,59.6,3.082,2.367,0.114,1
AST-GEN-523,Generator,1102,196,46.8,6,6.84,89.4,47.8,53.6,4.077,2.178,1.274,1
AST-ELE-546,Elevator,1007,109,6.9,5,3.31,76.9,22.7,53.8,1.699,1.211,0.206,0
AST-MED-740,Medical,2450,17,46.6,14,1.95,48.4,10.2,51.3,0.63,0.189,0.571,0
AST-LAB-544,Lab Equipment,1151,4,7.1,5,2.08,43.1,14.4,56.1,0.597,0.044,0.185,0
AST-GEN-330,Generator,2395,171,23.6,8,5.91,98.2,38.8,48.9,3.868,1.9,0.296,1
AST-IT -851,IT Server,964,169,32.9,4,4.2,56.9,23.6,50.6,1.592,1.878,1.024,1
AST-MED-243,Medical,2215,39,4.0,10,1.63,46.9,6.0,20.0,0.508,0.433,0.054,0
AST-ELE-924,Elevator,1677,207,7.6,12,6.72,92.6,42.3,33.1,4.148,2.3,0.136,1
AST-HVA-279,HVAC,1588,228,2.9,7,6.6,78.2,37.1,47.8,3.44,2.533,0.055,1
AST-LAB-697,Lab Equipment,1095,155,9.4,4,3.6,58.5,18.5,64.6,1.406,1.722,0.258,0
AST-IT -428,IT Server,707,240,22.0,2,5.49,67.4,26.4,56.6,2.466,2.667,0.934,1
AST-GEN-729,Generator,1727,195,94.5,12,5.39,103.1,55.7,52.3,3.707,2.167,1.642,1
AST-MED-800,Medical,2160,72,131.8,14,2.77,42.0,8.3,59.2,0.775,0.8,1.831,0
AST-GEN-920,Generator,1788,197,24.7,6,7.1,100.1,49.3,29.1,4.738,2.189,0.414,1
AST-IT -545,IT Server,2107,29,15.9,12,1.41,45.8,19.8,44.3,0.432,0.322,0.226,0
AST-HVA-176,HVAC,1296,201,66.6,7,6.31,71.3,30.7,39.8,2.998,2.233,1.542,0
AST-GEN-147,Generator,1775,66,168.0,10,2.93,82.6,32.7,35.2,1.611,0.733,2.839,1
AST-ELE-632,Elevator,130,83,3.4,1,1.47,64.9,22.2,35.3,0.635,0.922,0.785,0
AST-LAB-187,Lab Equipment,1397,82,7.5,6,1.39,56.5,15.6,64.0,0.525,0.911,0.161,0
AST-IT -791,IT Server,258,198,0.0,0,4.29,69.4,27.0,51.6,1.986,2.2,0.0,0
AST-LAB-815,Lab Equipment,713,200,139.4,4,6.74,65.6,19.6,47.6,2.945,2.222,5.865,1
AST-LAB-724,Lab Equipment,243,44,28.2,3,1.42,50.0,12.5,47.3,0.472,0.489,3.481,0
AST-IT -200,IT Server,652,5,5.1,4,1.05,48.3,21.9,62.2,0.338,0.056,0.235,0
AST-MED-499,Medical,994,120,60.0,8,3.11,47.9,8.5,64.3,0.993,1.333,1.811,0
AST-LAB-282,Lab Equipment,1655,102,55.7,6,2.44,49.3,11.9,41.3,0.803,1.133,1.01,0
AST-GEN-249,Generator,809,83,83.2,6,3.38,77.6,49.1,63.2,1.747,0.922,3.085,0
AST-HVA-648,HVAC,57,45,2.4,1,3.05,48.7,15.9,35.5,0.99,0.5,1.263,0
AST-MED-773,Medical,2444,146,6.3,14,3.59,52.3,13.6,68.3,1.251,1.622,0.077,0
AST-LAB-888,Lab Equipment,961,185,52.0,6,4.53,61.9,20.0,71.3,1.868,2.056,1.623,1
AST-WAT-684,Water Pump,831,155,63.1,5,4.51,70.3,39.1,65.5,2.113,1.722,2.278,0
AST-LAB-973,Lab Equipment,2401,81,82.5,16,3.13,54.4,10.1,65.7,1.134,0.9,1.031,0
AST-HVA-677,HVAC,628,66,63.6,4,3.01,62.6,27.5,50.4,1.255,0.733,3.038,0
AST-MED-798,Medical,379,19,16.8,2,0.82,41.9,9.7,60.6,0.229,0.211,1.33,0
AST-ELE-321,Elevator,1633,237,12.8,8,8.93,98.0,49.4,43.7,5.832,2.633,0.235,1
AST-GEN-827,Generator,2191,109,13.5,12,3.44,65.1,40.5,58.4,1.492,1.211,0.185,0
AST-MED-502,Medical,1926,221,161.5,6,6.77,73.7,19.6,50.2,3.326,2.456,2.516,1
AST-HVA-264,HVAC,1524,143,37.5,9,4.14,59.9,26.8,47.4,1.653,1.589,0.738,0
AST-WAT-264,Water Pump,870,54,6.2,3,3.01,58.2,32.6,36.0,1.168,0.6,0.214,0
AST-HVA-656,HVAC,205,93,0.0,0,2.26,48.4,20.9,51.5,0.728,1.033,0.0,0
AST-GEN-132,Generator,2111,180,37.3,9,4.72,100.2,60.3,24.6,3.152,2.0,0.53,1
AST-GEN-743,Generator,1065,164,48.5,7,5.52,86.2,53.9,26.7,3.176,1.822,1.366,1
AST-IT -577,IT Server,944,233,30.6,5,6.06,80.4,24.7,61.9,3.247,2.589,0.972,1
AST-GEN-918,Generator,483,11,5.1,2,3.87,63.1,38.5,42.5,1.628,0.122,0.317,0
AST-ELE-833,Elevator,2166,135,15.3,9,4.59,65.9,23.9,53.6,2.016,1.5,0.212,1
AST-GEN-751,Generator,1837,59,56.1,7,4.54,87.9,34.3,26.0,2.662,0.656,0.916,0
AST-MED-880,Medical,1220,140,6.5,10,3.01,50.4,10.6,48.1,1.01,1.556,0.16,0
AST-GEN-102,Generator,1963,35,91.3,8,4.55,80.8,42.4,56.0,2.451,0.389,1.395,1
AST-IT -559,IT Server,122,141,4.9,1,2.62,62.9,21.5,36.3,1.096,1.567,1.205,0
AST-IT -581,IT Server,1067,213,7.3,5,4.93,69.8,26.2,69.0,2.295,2.367,0.205,0
AST-LAB-798,Lab Equipment,686,126,15.8,2,3.15,57.4,16.1,69.7,1.207,1.4,0.691,0
AST-LAB-880,Lab Equipment,887,162,154.3,8,5.82,61.4,17.8,44.8,2.381,1.8,5.219,1
AST-HVA-260,HVAC,1370,91,16.3,4,2.3,64.0,23.0,41.3,0.981,1.011,0.357,0
AST-ELE-826,Elevator,109,5,2.4,1,2.45,54.8,18.2,59.4,0.895,0.056,0.661,0
AST-HVA-133,HVAC,2132,30,28.8,14,3.16,50.8,26.7,56.8,1.07,0.333,0.405,0
AST-ELE-650,Elevator,1078,182,21.6,4,4.8,72.8,32.7,24.4,2.327,2.022,0.601,1
AST-LAB-998,Lab Equipment,738,54,5.1,5,1.37,38.6,15.0,22.4,0.354,0.6,0.207,0
AST-HVA-314,HVAC,1743,3,32.9,6,2.73,56.7,27.6,43.1,1.032,0.033,0.566,0
AST-GEN-232,Generator,1015,83,13.8,6,4.19,65.3,45.1,47.9,1.823,0.922,0.408,1
AST-ELE-769,Elevator,2196,60,13.6,6,3.21,60.2,33.3,39.0,1.288,0.667,0.186,1
AST-GEN-785,Generator,1142,175,88.4,6,6.08,82.2,57.6,60.9,3.333,1.944,2.322,1
AST-WAT-755,Water Pump,1154,51,41.0,5,2.28,57.6,35.0,69.8,0.877,0.567,1.066,0
AST-MED-926,Medical,868,148,0.0,0,3.33,54.8,13.0,34.7,1.216,1.644,0.0,0
AST-LAB-885,Lab Equipment,2377,37,149.3,14,2.9,57.9,11.9,43.5,1.12,0.411,1.884,0
AST-IT -130,IT Server,488,224,0.5,1,5.2,71.9,26.0,65.4,2.492,2.489,0.031,1
AST-LAB-326,Lab Equipment,537,109,36.3,4,1.98,49.8,17.0,45.3,0.658,1.211,2.028,0
AST-WAT-536,Water Pump,1609,215,44.9,10,7.06,81.9,46.1,51.1,3.853,2.389,0.837,1
AST-ELE-792,Elevator,1281,3,5.8,9,2.06,56.7,25.9,54.7,0.78,0.033,0.136,0
AST-WAT-101,Water Pump,1071,96,1.9,9,3.17,72.6,26.1,67.5,1.533,1.067,0.053,0
AST-MED-165,Medical,107,100,0.0,0,1.18,39.2,8.9,71.7,0.308,1.111,0.0,0
AST-LAB-370,Lab Equipment,2406,119,59.5,12,3.75,58.1,14.6,52.1,1.45,1.322,0.742,1
AST-ELE-659,Elevator,1207,75,126.0,6,4.12,69.8,21.9,61.6,1.918,0.833,3.132,0
AST-MED-665,Medical,142,26,16.1,1,1.17,39.7,7.6,51.5,0.31,0.289,3.401,0
AST-ELE-197,Elevator,2036,105,371.8,18,4.28,68.2,31.9,35.1,1.946,1.167,5.478,1
AST-IT -522,IT Server,726,133,2.0,3,2.51,59.8,17.6,53.8,1.002,1.478,0.083,1
AST-GEN-402,Generator,422,31,0.0,0,2.44,98.9,42.9,40.6,1.611,0.344,0.0,0
AST-MED-937,Medical,104,168,0.0,0,3.63,58.3,14.6,45.0,1.409,1.867,0.0,0
AST-WAT-517,Water Pump,2377,181,19.8,7,5.9,68.7,45.0,45.2,2.702,2.011,0.25,1
AST-ELE-836,Elevator,829,32,0.6,3,3.08,54.0,23.3,20.0,1.108,0.356,0.022,0
AST-GEN-825,Generator,1387,96,14.6,7,3.92,75.8,45.7,56.7,1.984,1.067,0.316,1
AST-GEN-813,Generator,696,35,64.5,3,3.78,63.4,48.0,41.4,1.599,0.389,2.78,0
AST-IT -149,IT Server,1358,129,56.1,11,3.26,61.9,18.8,59.3,1.344,1.433,1.239,0
AST-GEN-566,Generator,1852,163,162.4,13,5.57,104.1,47.2,51.5,3.864,1.811,2.631,1
AST-MED-377,Medical,264,180,0.0,0,4.01,53.4,14.6,46.7,1.428,2.0,0.0,0
AST-MED-608,Medical,1687,45,116.0,11,2.6,40.4,6.3,70.7,0.7,0.5,2.063,0
AST-ELE-991,Elevator,842,153,41.6,2,5.17,75.6,34.7,45.3,2.603,1.7,1.482,1
AST-WAT-209,Water Pump,386,30,17.4,1,1.02,43.1,30.2,57.9,0.294,0.333,1.352,0
AST-WAT-262,Water Pump,1359,82,20.7,6,2.97,56.9,29.2,40.7,1.126,0.911,0.457,0
AST-LAB-954,Lab Equipment,773,119,1.5,1,2.15,55.3,13.5,43.6,0.792,1.322,0.058,0
AST-IT -665,IT Server,2234,46,224.1,18,3.26,59.4,15.9,46.9,1.292,0.511,3.009,1
AST-GEN-184,Generator,1853,71,53.7,11,2.83,68.2,40.6,53.3,1.287,0.789,0.869,0
AST-HVA-343,HVAC,111,66,6.6,1,2.75,59.5,15.4,36.5,1.09,0.733,1.784,0
AST-MED-921,Medical,2215,229,159.3,12,6.86,80.7,19.8,34.1,3.693,2.544,2.158,1
AST-HVA-823,HVAC,2458,121,43.4,13,3.58,61.3,22.1,49.9,1.464,1.344,0.53,1
AST-IT -542,IT Server,306,205,1.2,1,4.37,62.3,33.4,29.5,1.817,2.278,0.118,0
AST-WAT-416,Water Pump,567,46,23.7,3,3.02,51.1,32.8,51.3,1.026,0.511,1.254,0
AST-GEN-476,Generator,1375,178,3.4,8,6.39,78.6,40.8,60.0,3.351,1.978,0.074,1
AST-ELE-848,Elevator,1522,153,4.5,5,4.07,74.8,32.2,30.3,2.033,1.7,0.089,0
AST-HVA-433,HVAC,1474,145,78.4,16,4.18,62.6,28.3,65.8,1.746,1.611,1.596,1
AST-MED-555,Medical,2061,154,76.7,12,4.49,62.0,13.9,42.3,1.858,1.711,1.116,1
AST-WAT-190,Water Pump,468,175,2.4,1,5.65,83.6,40.4,69.2,3.147,1.944,0.154,1
AST-LAB-706,Lab Equipment,2275,58,53.4,11,3.21,51.1,12.6,34.6,1.094,0.644,0.704,1
AST-MED-876,Medical,1387,120,18.9,6,2.78,36.5,10.9,23.0,0.677,1.333,0.409,0
AST-GEN-552,Generator,1054,84,23.1,5,1.42,77.9,40.5,49.7,0.738,0.933,0.657,0
AST-ELE-206,Elevator,389,100,17.4,2,2.39,58.6,27.8,25.0,0.935,1.111,1.342,1
AST-IT -969,IT Server,1490,136,0.6,8,2.65,51.4,13.0,62.4,0.908,1.511,0.012,0
AST-HVA-917,HVAC,476,225,10.5,2,6.23,89.3,34.9,62.1,3.71,2.5,0.662,1
AST-GEN-285,Generator,506,199,12.3,2,5.23,90.5,52.2,33.2,3.154,2.211,0.729,1
AST-LAB-826,Lab Equipment,2166,153,1.7,8,3.83,53.7,17.5,39.7,1.37,1.7,0.024,0
AST-HVA-107,HVAC,2135,51,6.0,8,2.86,62.3,27.8,55.6,1.19,0.567,0.084,0
AST-LAB-797,Lab Equipment,318,34,10.2,3,1.23,41.0,13.7,35.1,0.337,0.378,0.962,0
AST-ELE-691,Elevator,2144,151,2.3,12,4.34,75.0,29.6,40.9,2.169,1.678,0.032,0
AST-GEN-107,Generator,2060,72,30.4,9,3.61,66.9,48.1,42.1,1.608,0.8,0.443,0
AST-HVA-858,HVAC,508,192,18.4,2,4.55,92.3,29.1,43.3,2.799,2.133,1.087,1
AST-WAT-685,Water Pump,1992,148,62.9,14,5.32,67.3,33.1,34.7,2.387,1.644,0.947,0
AST-WAT-708,Water Pump,548,120,15.5,1,4.42,53.7,31.5,35.3,1.583,1.333,0.849,0
AST-MED-812,Medical,1643,240,202.8,9,7.92,80.7,21.9,30.4,4.262,2.667,3.703,1
AST-WAT-976,Water Pump,932,55,8.1,7,1.56,57.1,34.3,54.4,0.595,0.611,0.261,0
AST-LAB-866,Lab Equipment,2245,226,100.1,9,7.7,89.1,26.5,37.9,4.571,2.511,1.338,1
AST-MED-948,Medical,626,132,44.0,4,2.96,51.5,10.3,47.6,1.016,1.467,2.109,0
AST-ELE-674,Elevator,2127,102,42.7,10,3.25,58.6,29.0,78.2,1.27,1.133,0.602,0
AST-HVA-659,HVAC,1087,199,17.1,5,5.3,75.5,33.5,48.1,2.667,2.211,0.472,1
AST-IT -578,IT Server,1651,179,29.3,12,4.4,67.5,21.5,61.3,1.979,1.989,0.532,1
AST-ELE-682,Elevator,65,166,0.0,0,6.39,65.5,36.9,48.5,2.789,1.844,0.0,1
AST-GEN-608,Generator,2435,73,158.7,13,4.02,87.0,30.8,48.8,2.335,0.811,1.955,1
AST-IT -970,IT Server,1247,201,3.1,6,4.54,79.3,21.7,60.0,2.4,2.233,0.075,1
AST-LAB-800,Lab Equipment,1064,223,5.6,5,5.88,75.6,20.7,50.3,2.964,2.478,0.158,1
AST-MED-212,Medical,207,116,1.2,1,2.17,38.8,9.6,52.6,0.562,1.289,0.174,0
AST-WAT-274,Water Pump,1775,35,38.7,9,3.59,56.1,27.4,30.6,1.342,0.389,0.654,0
AST-WAT-451,Water Pump,1196,168,30.5,6,7.64,76.6,39.9,35.4,3.905,1.867,0.765,1
AST-WAT-562,Water Pump,1482,146,25.4,5,5.87,72.4,37.9,49.5,2.831,1.622,0.514,1
AST-LAB-131,Lab Equipment,1091,64,25.0,12,1.78,41.1,11.7,36.6,0.488,0.711,0.687,0
AST-ELE-627,Elevator,887,236,18.9,6,6.78,88.4,40.4,65.3,3.995,2.622,0.639,1
AST-MED-741,Medical,2355,190,140.8,12,6.28,67.1,16.5,62.7,2.807,2.111,1.794,1
AST-WAT-720,Water Pump,2374,110,116.7,15,4.25,90.4,27.2,59.2,2.56,1.222,1.475,1
AST-WAT-421,Water Pump,1875,130,42.4,12,5.27,68.2,31.0,49.8,2.396,1.444,0.678,0
AST-ELE-608,Elevator,1381,107,37.7,7,3.3,68.8,24.6,52.3,1.514,1.189,0.819,0
AST-WAT-665,Water Pump,325,97,34.9,5,4.01,64.0,36.4,35.2,1.713,1.078,3.222,0
AST-MED-943,Medical,923,79,4.7,4,1.22,39.4,6.4,41.6,0.321,0.878,0.153,0
AST-LAB-961,Lab Equipment,892,15,1.7,5,1.53,44.7,12.6,44.6,0.457,0.167,0.057,0
AST-ELE-786,Elevator,430,207,4.3,1,4.18,73.3,39.0,45.4,2.04,2.3,0.3,0
AST-LAB-576,Lab Equipment,1618,25,9.5,8,1.5,49.8,13.7,32.8,0.497,0.278,0.176,0
AST-ELE-752,Elevator,821,81,48.3,7,1.38,68.4,26.1,66.0,0.631,0.9,1.765,0
AST-ELE-741,Elevator,40,126,0.0,0,1.49,67.5,28.9,42.2,0.671,1.4,0.0,0
AST-GEN-497,Generator,2421,41,65.5,8,4.12,79.7,50.2,43.2,2.19,0.456,0.812,1
AST-GEN-832,Generator,2082,83,0.0,8,3.96,75.6,44.2,65.7,1.996,0.922,0.0,0
AST-GEN-293,Generator,1704,149,6.1,5,4.14,77.1,43.3,47.0,2.126,1.656,0.107,0
AST-MED-233,Medical,2300,86,213.0,24,2.73,51.8,8.3,38.4,0.944,0.956,2.778,1
AST-HVA-845,HVAC,797,58,40.5,5,2.06,54.2,21.2,45.6,0.744,0.644,1.524,0
AST-GEN-941,Generator,1638,81,13.1,4,3.11,84.1,41.1,62.0,1.743,0.9,0.24,0
AST-LAB-343,Lab Equipment,1314,178,184.6,10,6.12,72.0,18.5,50.5,2.937,1.978,4.215,1
AST-MED-928,Medical,516,73,0.9,5,1.4,42.3,9.6,44.7,0.396,0.811,0.052,0
AST-GEN-368,Generator,2463,177,15.1,6,5.93,87.4,55.1,67.0,3.458,1.967,0.184,1
AST-GEN-231,Generator,1036,69,55.3,9,2.08,82.8,38.8,49.5,1.146,0.767,1.601,0
AST-HVA-399,HVAC,1766,203,79.0,10,5.82,87.7,27.4,72.4,3.402,2.256,1.342,1
AST-HVA-699,HVAC,1025,182,31.6,7,3.78,75.7,31.0,69.0,1.91,2.022,0.925,1
AST-MED-452,Medical,1879,11,109.3,12,3.19,54.3,8.7,44.7,1.154,0.122,1.745,0
AST-GEN-137,Generator,197,106,0.0,0,2.68,81.0,50.3,40.7,1.447,1.178,0.0,0
AST-MED-175,Medical,826,108,51.9,7,2.66,37.4,11.2,60.0,0.664,1.2,1.885,0
AST-MED-911,Medical,1506,145,8.5,7,2.77,56.6,11.1,59.9,1.043,1.611,0.169,0
AST-LAB-918,Lab Equipment,1634,29,5.2,10,2.1,45.2,10.3,59.3,0.633,0.322,0.095,0
AST-HVA-664,HVAC,2338,64,15.7,12,2.33,54.3,20.8,51.0,0.844,0.711,0.201,0
AST-IT -195,IT Server,634,123,101.3,7,3.18,59.3,16.8,44.9,1.26,1.367,4.793,0
AST-WAT-904,Water Pump,88,216,0.0,0,5.59,84.9,39.8,60.5,3.165,2.4,0.0,1
AST-HVA-548,HVAC,1689,27,18.1,5,1.45,54.1,25.7,41.3,0.524,0.3,0.321,0
AST-GEN-990,Generator,642,233,20.3,4,6.33,91.3,45.5,48.4,3.856,2.589,0.949,0
AST-ELE-342,Elevator,138,94,0.0,0,2.74,60.2,29.8,43.2,1.099,1.044,0.0,0
AST-MED-529,Medical,2313,178,111.4,20,6.01,69.9,14.9,35.1,2.799,1.978,1.445,1
AST-ELE-104,Elevator,1081,95,47.8,7,2.48,57.2,32.4,24.8,0.946,1.056,1.327,0
AST-WAT-448,Water Pump,2408,86,37.5,8,3.21,61.9,21.5,49.5,1.326,0.956,0.467,1
AST-LAB-317,Lab Equipment,1393,110,139.7,11,2.9,57.4,12.8,54.0,1.111,1.222,3.009,1
AST-LAB-598,Lab Equipment,2237,156,2.9,10,3.59,62.1,17.1,41.7,1.486,1.733,0.039,0
AST-MED-912,Medical,916,60,26.9,7,1.89,41.8,5.7,55.9,0.527,0.667,0.881,0
AST-LAB-519,Lab Equipment,815,148,12.6,5,3.58,58.0,15.9,64.6,1.384,1.644,0.464,0
AST-HVA-369,HVAC,1713,10,66.7,10,3.34,49.9,25.7,53.7,1.11,0.111,1.168,1
AST-GEN-810,Generator,1030,103,12.4,6,3.7,71.9,49.6,56.4,1.776,1.144,0.361,0
AST-ELE-776,Elevator,612,109,44.6,2,2.81,58.7,26.7,64.8,1.098,1.211,2.186,0
AST-IT -117,IT Server,782,176,16.1,4,4.08,64.2,26.9,39.8,1.748,1.956,0.618,1
AST-HVA-677,HVAC,1849,96,23.6,13,2.6,62.2,24.3,47.1,1.078,1.067,0.383,0
AST-ELE-123,Elevator,1670,27,0.7,8,2.62,59.6,35.5,60.6,1.04,0.3,0.013,0
AST-IT -138,IT Server,1798,165,26.9,8,3.7,66.1,23.8,49.2,1.629,1.833,0.449,0
AST-LAB-124,Lab Equipment,304,88,0.3,2,1.4,42.5,13.9,60.2,0.397,0.978,0.03,0
AST-GEN-139,Generator,258,54,7.5,1,2.28,75.9,50.3,60.9,1.153,0.6,0.872,0
AST-GEN-358,Generator,1297,157,7.0,8,4.26,98.0,50.5,48.3,2.786,1.744,0.162,1
AST-LAB-713,Lab Equipment,1978,229,0.2,14,6.06,73.8,26.9,59.0,2.979,2.544,0.003,1
AST-HVA-491,HVAC,776,187,25.6,9,4.92,69.9,27.0,44.6,2.295,2.078,0.99,1
AST-ELE-298,Elevator,1003,194,14.8,1,5.35,77.2,36.9,33.0,2.75,2.156,0.443,1
AST-GEN-702,Generator,327,190,10.0,1,4.08,90.2,60.5,51.9,2.457,2.111,0.917,0
AST-IT -486,IT Server,630,29,0.0,0,0.94,40.0,16.6,47.2,0.251,0.322,0.0,1
AST-MED-329,Medical,131,123,0.0,0,2.2,45.3,10.8,38.4,0.663,1.367,0.0,0
AST-GEN-527,Generator,202,222,5.6,4,6.51,99.9,65.9,40.0,4.335,2.467,0.832,1
AST-IT -228,IT Server,625,131,46.2,3,2.92,65.0,19.8,70.2,1.264,1.456,2.218,0
AST-LAB-555,Lab Equipment,1175,47,4.2,8,1.24,44.2,10.2,44.0,0.364,0.522,0.107,0
AST-HVA-423,HVAC,1201,159,123.4,5,5.76,100.1,26.9,31.0,3.846,1.767,3.082,1
AST-LAB-852,Lab Equipment,2247,138,3.7,13,3.0,48.5,15.2,42.9,0.969,1.533,0.049,0
AST-WAT-270,Water Pump,2272,239,101.3,17,7.09,106.2,40.9,43.7,5.022,2.656,1.338,1
AST-LAB-298,Lab Equipment,647,41,2.7,4,1.66,44.7,10.5,29.6,0.495,0.456,0.125,0
AST-IT -950,IT Server,135,21,0.0,0,0.58,37.2,12.2,60.5,0.144,0.233,0.0,0
AST-GEN-531,Generator,2393,142,29.0,20,3.16,89.0,59.3,34.6,1.878,1.578,0.364,1
AST-MED-364,Medical,1733,181,30.2,9,4.71,60.8,13.4,52.2,1.911,2.011,0.523,1
AST-IT -693,IT Server,1357,36,1.3,6,1.34,65.1,15.3,44.7,0.582,0.4,0.029,0
AST-MED-602,Medical,1702,4,263.1,13,2.91,48.3,7.0,75.8,0.935,0.044,4.637,0
AST-LAB-938,Lab Equipment,109,166,0.0,0,3.83,55.6,20.2,60.7,1.42,1.844,0.0,0
AST-WAT-371,Water Pump,1832,40,17.9,17,2.58,56.4,41.2,45.0,0.969,0.444,0.293,0
AST-MED-936,Medical,1433,46,121.5,8,2.82,49.6,8.3,51.2,0.932,0.511,2.544,0
AST-GEN-563,Generator,2283,120,75.0,6,4.7,81.0,58.5,80.0,2.539,1.333,0.986,1
AST-LAB-606,Lab Equipment,2272,232,58.8,14,7.22,75.3,21.5,33.7,3.624,2.578,0.776,1
AST-HVA-552,HVAC,44,208,0.4,1,6.25,84.0,36.0,48.0,3.501,2.311,0.273,1
AST-IT -379,IT Server,1736,82,29.6,4,1.83,51.0,18.7,43.1,0.622,0.911,0.512,0
AST-LAB-894,Lab Equipment,246,112,0.0,0,2.34,57.3,13.7,55.2,0.895,1.244,0.0,0
AST-IT -626,IT Server,2078,156,41.7,4,4.01,68.0,21.8,36.7,1.817,1.733,0.602,1
AST-GEN-658,Generator,1284,40,5.6,6,2.81,70.0,36.1,42.8,1.311,0.444,0.131,0
AST-HVA-914,HVAC,2482,35,15.8,10,1.48,60.8,14.8,49.8,0.6,0.389,0.191,0
AST-GEN-510,Generator,321,182,2.4,1,5.3,97.1,49.1,42.1,3.433,2.022,0.224,1
AST-LAB-363,Lab Equipment,519,113,0.0,0,1.74,50.3,13.4,42.1,0.584,1.256,0.0,0
AST-MED-300,Medical,2048,20,29.1,12,1.98,48.4,7.4,49.4,0.639,0.222,0.426,0
AST-LAB-134,Lab Equipment,1400,100,17.2,5,1.64,41.3,12.1,31.0,0.451,1.111,0.369,0
AST-LAB-655,Lab Equipment,2140,3,17.9,12,1.78,52.5,14.1,27.8,0.624,0.033,0.251,0
AST-HVA-806,HVAC,1674,97,178.2,8,3.66,67.4,20.6,44.5,1.643,1.078,3.194,1
AST-LAB-990,Lab Equipment,2394,215,49.1,15,6.13,67.6,27.6,63.1,2.764,2.389,0.615,1
AST-HVA-247,HVAC,1939,150,38.3,10,5.01,56.8,27.6,62.3,1.897,1.667,0.593,0
AST-HVA-278,HVAC,1105,35,19.4,9,2.74,57.4,20.1,78.0,1.048,0.389,0.527,0
AST-MED-343,Medical,1558,173,11.8,5,3.83,58.3,15.5,49.0,1.489,1.922,0.227,0
AST-HVA-958,HVAC,1663,203,22.3,7,5.69,76.9,33.1,40.6,2.92,2.256,0.402,1
AST-IT -718,IT Server,380,158,0.0,0,2.93,62.2,18.6,56.2,1.213,1.756,0.0,0
AST-MED-669,Medical,110,134,5.3,1,2.12,43.7,13.6,47.3,0.617,1.489,1.445,0
AST-ELE-221,Elevator,1960,1,27.5,7,2.63,60.8,27.2,37.7,1.064,0.011,0.421,0
AST-WAT-841,Water Pump,1669,125,9.8,4,4.13,69.5,34.9,51.2,1.913,1.389,0.176,0
AST-HVA-475,HVAC,728,11,0.7,6,3.24,56.9,28.2,67.5,1.23,0.122,0.029,0
AST-ELE-205,Elevator,254,121,2.0,2,3.49,61.3,25.0,66.0,1.428,1.344,0.236,0
AST-HVA-391,HVAC,956,58,11.8,4,2.03,59.1,21.4,43.3,0.798,0.644,0.37,0
AST-IT -692,IT Server,1557,188,39.6,8,4.74,77.3,23.6,51.8,2.445,2.089,0.763,1
AST-LAB-563,Lab Equipment,651,166,16.1,3,4.21,64.5,17.2,50.0,1.809,1.844,0.742,0
AST-LAB-185,Lab Equipment,249,84,1.8,1,1.19,52.3,10.6,68.3,0.415,0.933,0.217,0
AST-HVA-135,HVAC,2367,237,73.5,18,7.66,84.1,36.8,40.7,4.295,2.633,0.932,1
AST-ELE-580,Elevator,238,209,4.1,1,5.74,75.9,35.5,45.1,2.905,2.322,0.517,1
AST-IT -854,IT Server,1513,8,3.8,10,1.54,52.4,12.6,53.6,0.537,0.089,0.075,0
AST-HVA-481,HVAC,226,39,12.8,1,1.95,54.8,28.9,56.9,0.711,0.433,1.699,0
AST-MED-678,Medical,1969,42,57.4,11,2.05,44.2,5.2,51.2,0.605,0.467,0.875,0
AST-ELE-335,Elevator,749,9,28.0,2,2.26,56.6,27.5,41.3,0.853,0.1,1.121,0
AST-ELE-276,Elevator,1957,94,15.4,14,2.16,63.4,26.5,43.0,0.912,1.044,0.236,0
AST-WAT-717,Water Pump,1968,69,82.2,10,3.26,77.6,28.9,60.8,1.685,0.767,1.253,0
AST-ELE-809,Elevator,1397,164,17.2,9,3.21,68.7,36.3,60.7,1.47,1.822,0.369,0
AST-IT -532,IT Server,1346,153,51.4,13,3.71,69.3,20.6,36.1,1.712,1.7,1.146,0
AST-LAB-866,Lab Equipment,1296,66,58.2,6,2.5,52.8,11.4,31.8,0.879,0.733,1.347,0
AST-GEN-454,Generator,649,99,19.6,6,3.11,77.0,53.3,62.0,1.593,1.1,0.906,0
AST-ELE-730,Elevator,1086,172,23.6,3,4.26,68.1,40.7,64.1,1.935,1.911,0.652,0
AST-HVA-388,HVAC,371,104,1.2,3,3.0,67.2,23.5,33.7,1.344,1.156,0.097,0
AST-MED-897,Medical,895,113,46.6,5,3.03,49.2,10.2,58.1,0.994,1.256,1.562,0
AST-WAT-905,Water Pump,1530,24,2.3,2,2.05,54.3,27.6,55.2,0.742,0.267,0.045,0
AST-GEN-344,Generator,1908,240,18.2,10,7.21,84.5,61.2,54.7,4.067,2.667,0.286,1
AST-IT -885,IT Server,971,223,206.0,8,6.2,91.7,27.9,63.6,3.791,2.478,6.365,1
AST-LAB-915,Lab Equipment,1649,190,111.6,7,5.6,75.6,20.4,71.5,2.825,2.111,2.03,1
AST-WAT-803,Water Pump,1862,98,213.9,13,2.75,76.9,34.3,39.3,1.409,1.089,3.446,1
AST-ELE-792,Elevator,1573,197,98.2,7,7.73,83.2,34.6,49.3,4.29,2.189,1.873,1
AST-WAT-642,Water Pump,1341,88,7.5,4,2.27,70.0,28.8,47.7,1.06,0.978,0.168,0
AST-HVA-927,HVAC,1905,78,37.2,11,3.04,61.0,22.9,69.4,1.233,0.867,0.586,0
AST-HVA-919,HVAC,1517,134,2.9,13,3.62,58.3,23.4,33.7,1.407,1.489,0.057,0
AST-ELE-500,Elevator,2144,131,203.4,12,5.74,73.4,29.9,51.9,2.808,1.456,2.846,1
AST-MED-702,Medical,172,132,36.8,5,3.09,60.4,12.8,39.1,1.247,1.467,6.419,0
AST-WAT-916,Water Pump,1412,129,26.3,6,5.95,68.9,38.2,44.3,2.731,1.433,0.559,1
AST-MED-852,Medical,214,173,0.8,1,3.78,55.1,13.8,56.9,1.389,1.922,0.112,0
AST-MED-371,Medical,1384,7,125.7,12,3.15,49.8,9.3,54.1,1.044,0.078,2.725,0
AST-IT -671,IT Server,1818,54,54.4,13,2.15,44.5,15.7,45.7,0.638,0.6,0.898,0
AST-MED-883,Medical,1027,82,102.6,9,3.1,46.7,6.5,60.9,0.965,0.911,2.997,0
AST-LAB-854,Lab Equipment,2451,28,2.4,9,1.16,41.6,11.5,51.4,0.322,0.311,0.029,0
AST-HVA-192,HVAC,262,234,4.0,1,5.68,84.2,39.6,35.1,3.187,2.6,0.458,1
AST-MED-919,Medical,320,137,23.3,3,2.99,47.5,12.6,49.1,0.947,1.522,2.184,0
AST-ELE-534,Elevator,2125,157,29.2,13,4.13,68.8,30.7,63.9,1.893,1.744,0.412,0
AST-ELE-429,Elevator,2473,57,37.5,10,3.12,66.9,32.9,52.4,1.391,0.633,0.455,0
AST-HVA-348,HVAC,1492,212,131.6,7,7.88,82.8,29.3,50.1,4.351,2.356,2.646,1
AST-HVA-612,HVAC,888,14,95.1,7,2.99,50.6,19.3,51.6,1.01,0.156,3.213,0
AST-LAB-840,Lab Equipment,843,167,10.8,5,4.42,71.5,18.1,46.9,2.108,1.856,0.384,1
AST-WAT-644,Water Pump,64,225,2.5,1,6.5,85.5,42.4,31.3,3.703,2.5,1.172,1
AST-GEN-251,Generator,1744,68,13.7,11,3.36,74.6,39.7,45.8,1.67,0.756,0.236,0
AST-IT -607,IT Server,579,3,18.7,3,1.38,51.2,18.1,29.4,0.47,0.033,0.969,0
AST-MED-403,Medical,2269,212,2.0,9,5.67,56.6,15.6,49.2,2.136,2.356,0.026,1
AST-IT -629,IT Server,2013,236,97.9,8,6.85,88.0,29.9,55.5,4.021,2.622,1.459,1
AST-WAT-204,Water Pump,607,17,21.9,2,3.35,64.8,26.9,53.8,1.449,0.189,1.082,0
AST-WAT-388,Water Pump,1957,175,24.5,16,5.71,59.5,40.1,46.0,2.264,1.944,0.376,1
AST-ELE-652,Elevator,1177,115,28.0,7,2.73,62.8,33.1,37.4,1.142,1.278,0.714,0
AST-HVA-401,HVAC,744,150,18.8,4,3.45,50.4,26.5,52.2,1.16,1.667,0.758,0
AST-LAB-206,Lab Equipment,2003,185,191.5,16,5.95,75.3,18.9,27.9,2.983,2.056,2.868,1
AST-MED-798,Medical,1973,204,25.7,11,5.01,59.1,17.3,30.1,1.972,2.267,0.391,0
AST-HVA-368,HVAC,1790,21,4.7,9,1.64,52.6,25.1,60.8,0.576,0.233,0.079,0
AST-LAB-444,Lab Equipment,2222,13,8.5,8,2.19,42.2,12.7,37.7,0.618,0.144,0.115,0
AST-MED-919,Medical,620,160,36.0,3,3.8,56.8,15.2,55.9,1.44,1.778,1.742,0
AST-GEN-533,Generator,1856,222,181.0,11,8.54,106.3,53.5,64.3,6.053,2.467,2.926,1
AST-LAB-734,Lab Equipment,2092,133,30.1,8,3.45,55.4,13.9,67.6,1.276,1.478,0.432,0
AST-LAB-703,Lab Equipment,2249,135,25.9,6,3.31,54.8,14.1,54.4,1.208,1.5,0.345,0
AST-LAB-438,Lab Equipment,1230,72,88.3,5,2.46,47.9,14.4,52.4,0.784,0.8,2.154,0
AST-MED-562,Medical,1237,18,30.5,7,1.34,43.2,7.7,63.8,0.386,0.2,0.74,0
AST-HVA-218,HVAC,587,185,6.4,4,5.11,66.1,32.7,40.5,2.254,2.056,0.327,0
AST-ELE-318,Elevator,1733,228,99.0,11,7.77,103.4,38.5,66.3,5.355,2.533,1.714,1
AST-ELE-436,Elevator,2496,112,91.7,13,3.12,80.7,36.2,54.9,1.677,1.244,1.102,1
AST-LAB-440,Lab Equipment,292,179,0.9,1,4.18,62.8,17.9,47.9,1.748,1.989,0.092,0
AST-MED-485,Medical,1050,133,10.0,7,3.23,45.8,10.7,40.0,0.986,1.478,0.286,0
AST-HVA-256,HVAC,1171,216,24.0,3,5.99,69.4,27.5,43.4,2.772,2.4,0.615,0
AST-MED-906,Medical,1236,123,6.8,6,2.24,46.7,12.0,46.6,0.698,1.367,0.165,0
AST-LAB-836,Lab Equipment,1461,105,23.5,9,2.85,56.0,13.4,76.9,1.063,1.167,0.483,0
AST-HVA-468,HVAC,1707,142,145.7,11,4.91,69.9,23.1,35.6,2.291,1.578,2.561,1
AST-GEN-822,Generator,571,180,16.1,2,5.75,84.1,47.4,46.0,3.22,2.0,0.846,0
AST-WAT-163,Water Pump,1936,8,2.6,11,2.36,65.3,33.5,32.9,1.029,0.089,0.04,0
AST-MED-728,Medical,1063,133,11.2,4,2.92,47.4,9.4,47.1,0.923,1.478,0.316,0
AST-MED-337,Medical,448,97,3.3,2,1.5,43.2,10.2,39.3,0.433,1.078,0.221,0
AST-ELE-233,Elevator,1871,163,110.2,10,6.1,67.6,40.9,47.2,2.751,1.811,1.767,1
AST-GEN-354,Generator,246,55,0.8,1,4.6,74.8,40.1,36.1,2.294,0.611,0.098,0
AST-ELE-280,Elevator,2045,18,86.4,9,2.63,59.7,29.6,55.1,1.046,0.2,1.267,0
AST-ELE-764,Elevator,693,73,6.0,5,1.92,55.9,31.0,65.4,0.714,0.811,0.26,0
AST-WAT-995,Water Pump,1472,108,7.0,8,4.36,59.5,33.6,52.4,1.729,1.2,0.143,0
AST-HVA-918,HVAC,460,34,9.2,1,3.59,55.6,22.6,54.6,1.332,0.378,0.6,0
AST-GEN-656,Generator,88,126,0.0,0,2.7,70.7,51.8,45.5,1.272,1.4,0.0,0
AST-GEN-670,Generator,2029,139,13.4,14,3.45,87.5,49.0,31.0,2.015,1.544,0.198,0
AST-HVA-504,HVAC,1734,20,5.5,8,1.7,64.3,22.5,41.3,0.728,0.222,0.095,0
AST-MED-455,Medical,2121,85,165.1,14,2.9,47.1,6.1,40.8,0.909,0.944,2.335,0
AST-LAB-337,Lab Equipment,1478,111,124.6,9,3.87,44.2,15.3,47.4,1.139,1.233,2.529,0
AST-WAT-403,Water Pump,357,134,15.7,1,4.09,64.7,31.9,50.5,1.762,1.489,1.319,0
AST-GEN-743,Generator,2286,175,34.9,12,6.5,90.2,50.7,32.9,3.907,1.944,0.458,1
AST-MED-242,Medical,341,44,11.7,1,1.22,40.2,8.5,68.3,0.327,0.489,1.029,0
AST-IT -821,IT Server,2243,98,45.5,16,2.04,54.4,13.8,47.7,0.739,1.089,0.609,0
AST-HVA-423,HVAC,1146,100,70.0,9,2.81,61.0,27.6,51.8,1.144,1.111,1.832,0
AST-ELE-720,Elevator,2184,195,15.8,4,5.74,83.5,35.3,37.7,3.191,2.167,0.217,1
AST-IT -613,IT Server,670,178,0.0,0,3.88,63.9,26.8,41.9,1.654,1.978,0.0,0
AST-MED-559,Medical,177,85,2.3,1,1.55,38.1,9.0,49.7,0.393,0.944,0.39,0
AST-GEN-181,Generator,932,215,17.9,8,6.77,119.5,58.7,52.1,5.39,2.389,0.576,1
AST-WAT-731,Water Pump,2243,143,159.7,15,6.42,84.4,40.9,60.0,3.611,1.589,2.136,1
AST-LAB-193,Lab Equipment,716,54,18.7,1,1.43,42.3,12.9,41.6,0.402,0.6,0.784,0
AST-HVA-312,HVAC,1801,98,9.0,5,1.96,61.9,23.0,50.5,0.81,1.089,0.15,0
AST-MED-229,Medical,1842,238,149.4,17,6.9,83.7,19.6,38.4,3.849,2.644,2.433,1
AST-LAB-658,Lab Equipment,1624,35,140.3,11,2.85,58.8,13.9,41.7,1.119,0.389,2.592,0
AST-IT -819,IT Server,1414,48,39.3,6,1.51,66.1,14.6,29.4,0.664,0.533,0.834,0
AST-IT -573,IT Server,1581,8,39.6,5,1.71,52.5,12.6,46.5,0.6,0.089,0.751,0
AST-GEN-106,Generator,2101,234,1.4,7,8.07,91.1,70.7,57.3,4.907,2.6,0.02,1
AST-IT -331,IT Server,1130,113,46.3,3,2.57,54.8,19.1,48.7,0.939,1.256,1.229,0
AST-ELE-107,Elevator,1695,47,41.0,10,2.43,60.1,29.3,48.6,0.973,0.522,0.726,0
AST-GEN-943,Generator,938,69,1.3,3,2.69,73.5,57.4,77.4,1.316,0.767,0.042,0
AST-MED-932,Medical,1538,123,10.6,4,2.78,48.0,11.6,48.9,0.891,1.367,0.207,0
AST-LAB-277,Lab Equipment,820,167,11.4,4,4.1,62.0,17.4,57.7,1.696,1.856,0.417,1
AST-WAT-971,Water Pump,1885,128,44.2,7,5.11,66.2,39.3,46.7,2.255,1.422,0.703,0
AST-WAT-137,Water Pump,259,66,1.3,1,1.13,55.4,28.2,32.1,0.417,0.733,0.151,0
AST-MED-643,Medical,1490,181,34.3,7,4.39,64.3,16.4,47.9,1.879,2.011,0.691,0
AST-GEN-162,Generator,545,199,2.2,2,4.78,81.8,51.4,41.7,2.607,2.211,0.121,1
AST-ELE-751,Elevator,548,44,3.1,1,1.79,56.3,25.6,52.8,0.67,0.489,0.17,0
AST-WAT-929,Water Pump,1865,237,3.3,4,8.36,88.3,49.6,61.7,4.921,2.633,0.053,1
AST-MED-826,Medical,698,202,0.6,2,4.51,64.8,16.6,60.4,1.947,2.244,0.026,0
AST-WAT-844,Water Pump,654,85,8.3,5,1.99,52.4,33.3,68.0,0.694,0.944,0.381,0
AST-MED-520,Medical,2164,155,93.2,10,4.43,63.0,12.5,38.3,1.861,1.722,1.292,1
AST-ELE-800,Elevator,943,149,40.8,3,4.67,71.8,35.7,54.1,2.238,1.656,1.298,0
AST-LAB-764,Lab Equipment,188,76,29.4,2,1.4,45.1,12.7,52.1,0.422,0.844,4.691,0
AST-LAB-588,Lab Equipment,2315,138,51.9,10,3.11,66.9,18.9,64.3,1.389,1.533,0.673,0
AST-HVA-468,HVAC,2421,108,118.0,16,5.52,74.5,22.9,29.3,2.745,1.2,1.462,1
AST-WAT-392,Water Pump,1667,223,80.3,11,7.95,102.4,42.8,54.4,5.429,2.478,1.445,1
AST-GEN-640,Generator,1631,216,31.0,11,7.58,105.0,51.8,48.9,5.306,2.4,0.57,1
AST-WAT-451,Water Pump,1586,156,70.0,15,6.34,77.7,29.4,58.3,3.285,1.733,1.324,1
AST-MED-627,Medical,1113,192,71.3,6,5.37,67.2,13.4,51.3,2.407,2.133,1.922,1
AST-LAB-864,Lab Equipment,964,54,38.7,3,2.38,42.8,13.0,66.7,0.678,0.6,1.204,0
AST-GEN-738,Generator,318,177,2.4,1,6.06,102.3,62.0,45.3,4.131,1.967,0.226,1
AST-IT -716,IT Server,1382,91,419.7,15,2.6,53.7,15.0,50.4,0.929,1.011,9.111,1
AST-ELE-548,Elevator,148,3,0.0,0,1.53,60.3,29.0,71.0,0.615,0.033,0.0,0
AST-LAB-265,Lab Equipment,1009,174,34.8,4,3.95,66.2,15.8,57.8,1.743,1.933,1.035,0
AST-MED-696,Medical,2458,174,57.6,14,4.8,66.1,14.7,63.8,2.116,1.933,0.703,0
AST-GEN-531,Generator,1154,9,37.2,4,3.94,79.1,48.2,38.1,2.077,0.1,0.967,0
AST-HVA-751,HVAC,2303,153,68.8,12,6.46,83.0,27.5,82.2,3.576,1.7,0.896,1
AST-HVA-187,HVAC,557,184,16.3,2,5.15,68.2,30.1,40.5,2.344,2.044,0.878,1
AST-WAT-350,Water Pump,2388,131,27.8,16,5.25,78.7,31.2,49.7,2.753,1.456,0.349,1
AST-HVA-347,HVAC,2096,128,0.9,13,3.03,66.3,26.9,61.7,1.341,1.422,0.013,1
AST-WAT-484,Water Pump,618,140,9.8,1,4.63,59.3,43.8,66.0,1.832,1.556,0.476,0
AST-MED-534,Medical,2281,160,50.9,11,3.69,62.8,14.7,44.1,1.547,1.778,0.669,1
AST-IT -893,IT Server,340,10,8.5,1,0.8,52.4,14.5,36.1,0.281,0.111,0.75,0
AST-HVA-219,HVAC,1529,210,72.9,5,7.47,72.2,28.3,48.6,3.599,2.333,1.43,1
AST-LAB-386,Lab Equipment,839,84,2.0,6,1.25,48.6,12.7,49.9,0.407,0.933,0.072,0
AST-HVA-232,HVAC,1872,126,14.4,14,3.85,64.2,23.1,56.9,1.649,1.4,0.231,1
AST-WAT-571,Water Pump,320,82,33.1,4,2.21,68.4,35.3,36.6,1.007,0.911,3.103,0
AST-MED-722,Medical,1797,169,11.5,6,4.39,58.8,14.7,40.9,1.724,1.878,0.192,0
AST-LAB-813,Lab Equipment,2411,171,1.8,9,4.56,66.8,17.7,51.3,2.031,1.9,0.022,0
AST-MED-606,Medical,1425,146,7.5,8,3.46,55.6,14.4,54.7,1.282,1.622,0.158,0
AST-IT -479,IT Server,1536,7,24.5,8,1.56,57.5,14.4,70.3,0.596,0.078,0.479,0
AST-MED-764,Medical,1013,177,82.6,7,4.91,64.5,15.0,52.2,2.112,1.967,2.446,1
AST-GEN-676,Generator,369,114,1.0,1,2.96,86.4,45.7,40.2,1.706,1.267,0.081,0
AST-IT -473,IT Server,1202,230,21.5,8,5.6,73.1,24.7,51.3,2.731,2.556,0.537,1
AST-GEN-739,Generator,1443,42,9.5,5,2.96,67.3,37.2,55.9,1.328,0.467,0.198,0
AST-GEN-856,Generator,1533,37,33.2,7,2.58,79.8,50.2,33.7,1.374,0.411,0.65,0
AST-HVA-564,HVAC,2199,166,95.4,21,5.16,73.9,29.1,46.3,2.544,1.844,1.302,0
AST-GEN-893,Generator,334,101,10.9,3,3.12,61.7,44.0,59.8,1.283,1.122,0.979,0
AST-HVA-994,HVAC,304,157,0.0,0,3.88,67.0,27.6,45.2,1.733,1.744,0.0,0
AST-GEN-194,Generator,1256,214,36.8,7,5.08,97.0,41.6,55.9,3.284,2.378,0.879,1
AST-LAB-402,Lab Equipment,1241,82,21.5,4,2.63,44.9,12.1,48.5,0.786,0.911,0.52,0
AST-WAT-309,Water Pump,195,203,0.0,0,6.59,77.1,39.0,60.6,3.389,2.256,0.0,0
AST-GEN-584,Generator,1609,196,20.0,13,4.83,96.8,55.2,45.2,3.119,2.178,0.373,1
AST-MED-574,Medical,859,7,2.0,2,1.75,36.3,6.8,59.8,0.425,0.078,0.07,0
AST-WAT-660,Water Pump,609,77,17.1,5,1.15,63.6,32.5,52.6,0.488,0.856,0.842,0
AST-GEN-942,Generator,1514,175,134.8,14,6.59,96.8,60.1,60.0,4.251,1.944,2.671,1
AST-GEN-840,Generator,405,202,0.0,0,4.27,84.3,50.0,58.3,2.4,2.244,0.0,1
AST-MED-999,Medical,1200,3,8.2,6,1.19,37.3,7.7,48.4,0.297,0.033,0.205,0
AST-GEN-696,Generator,850,198,15.0,6,5.5,97.8,60.6,37.7,3.585,2.2,0.529,1
AST-MED-759,Medical,120,148,27.5,2,2.93,55.0,13.0,46.7,1.073,1.644,6.875,0
AST-GEN-916,Generator,392,211,10.1,2,6.07,90.3,57.0,64.3,3.655,2.344,0.773,1
AST-HVA-470,HVAC,704,91,3.3,5,1.68,43.9,21.9,24.3,0.492,1.011,0.141,0
AST-MED-696,Medical,2357,16,39.3,13,2.41,47.0,10.6,28.5,0.756,0.178,0.5,0
AST-MED-936,Medical,1989,156,13.9,13,3.47,60.0,14.1,62.4,1.39,1.733,0.21,0
AST-HVA-239,HVAC,999,232,1.3,8,5.68,88.3,34.0,63.3,3.342,2.578,0.039,1
AST-MED-516,Medical,63,23,12.5,1,1.33,33.8,7.2,52.0,0.3,0.256,5.952,0
AST-IT -189,IT Server,496,53,47.6,4,1.31,44.6,12.2,55.9,0.39,0.589,2.879,0
AST-ELE-847,Elevator,985,68,16.2,9,1.05,58.2,33.6,53.3,0.406,0.756,0.493,0
AST-ELE-475,Elevator,1967,18,99.9,14,3.38,66.0,31.6,55.2,1.488,0.2,1.524,1
AST-IT -885,IT Server,1801,178,158.9,12,5.69,73.6,23.0,48.1,2.792,1.978,2.647,1
AST-LAB-537,Lab Equipment,2269,107,63.3,11,2.79,49.1,10.2,50.2,0.913,1.189,0.837,1
AST-LAB-344,Lab Equipment,1219,210,35.4,6,5.97,69.3,20.4,55.0,2.76,2.333,0.871,1
AST-WAT-219,Water Pump,647,7,8.8,1,2.17,59.1,30.0,60.9,0.855,0.078,0.408,0
AST-IT -188,IT Server,864,129,1.0,5,2.72,49.9,18.6,34.1,0.904,1.433,0.035,0
AST-GEN-140,Generator,407,75,0.8,1,1.61,71.2,35.9,52.8,0.764,0.833,0.059,0
AST-MED-673,Medical,170,42,2.9,1,1.42,41.9,7.6,45.2,0.395,0.467,0.512,0
AST-IT -151,IT Server,2307,140,108.8,13,4.44,71.0,23.4,27.5,2.101,1.556,1.415,1
AST-ELE-171,Elevator,2399,98,13.8,12,3.57,59.2,32.8,60.9,1.41,1.089,0.173,0
AST-MED-928,Medical,1506,41,23.9,10,1.91,36.1,8.4,35.8,0.459,0.456,0.476,0
AST-WAT-686,Water Pump,471,174,0.3,3,6.15,76.7,42.4,55.5,3.145,1.933,0.019,1
AST-IT -136,IT Server,2131,40,29.0,11,1.89,47.7,12.7,54.6,0.602,0.444,0.408,0
AST-GEN-296,Generator,1344,101,0.3,4,2.23,65.2,43.7,69.4,0.968,1.122,0.007,0
AST-ELE-936,Elevator,877,25,63.5,5,3.04,55.7,32.6,57.7,1.129,0.278,2.172,0
AST-GEN-339,Generator,1795,226,0.0,5,8.19,100.0,61.4,37.5,5.463,2.511,0.0,1
AST-LAB-600,Lab Equipment,250,77,4.5,2,1.93,34.0,12.0,22.8,0.436,0.856,0.54,0
AST-ELE-812,Elevator,313,234,87.8,5,7.62,88.7,44.9,53.4,4.506,2.6,8.415,1
AST-HVA-978,HVAC,921,177,30.7,7,4.57,84.2,36.0,43.3,2.564,1.967,1.0,1
AST-IT -194,IT Server,501,228,3.6,2,5.01,77.0,25.9,61.7,2.57,2.533,0.216,1
AST-WAT-590,Water Pump,1220,10,5.5,9,3.1,57.4,35.1,45.2,1.188,0.111,0.135,0
AST-WAT-130,Water Pump,488,62,16.1,2,2.1,62.5,36.7,31.1,0.877,0.689,0.99,0
AST-WAT-262,Water Pump,123,196,0.3,1,6.7,79.0,37.3,26.0,3.525,2.178,0.073,0
AST-GEN-378,Generator,1109,152,3.9,4,4.89,59.4,50.7,70.7,1.939,1.689,0.106,0
AST-HVA-604,HVAC,343,66,3.2,2,1.65,54.9,21.5,37.9,0.604,0.733,0.28,0
AST-LAB-888,Lab Equipment,1630,89,50.2,11,2.43,47.0,12.9,39.9,0.763,0.989,0.924,0
AST-ELE-607,Elevator,1888,89,24.6,10,2.41,62.3,29.7,56.8,1.002,0.989,0.391,0
AST-GEN-466,Generator,1911,39,183.7,14,4.21,75.5,61.7,60.6,2.119,0.433,2.884,1
AST-WAT-486,Water Pump,885,31,10.0,2,1.62,64.3,38.0,65.6,0.694,0.344,0.339,0
AST-WAT-300,Water Pump,2067,165,38.8,12,6.47,74.3,33.2,54.3,3.206,1.833,0.563,1
AST-HVA-195,HVAC,254,81,38.1,5,2.08,56.0,19.8,57.6,0.777,0.9,4.5,0
AST-ELE-873,Elevator,1830,217,131.8,15,7.36,105.4,40.8,56.0,5.169,2.411,2.161,1
AST-GEN-877,Generator,2378,157,16.0,7,6.47,101.1,59.6,43.0,4.361,1.744,0.202,1
AST-WAT-310,Water Pump,277,109,17.6,3,3.24,74.9,34.2,49.0,1.618,1.211,1.906,0
AST-LAB-123,Lab Equipment,85,89,0.0,0,0.43,39.1,12.7,56.8,0.111,0.989,0.0,0
AST-MED-512,Medical,2476,221,108.0,14,7.31,80.7,17.9,42.2,3.935,2.456,1.309,1
AST-LAB-506,Lab Equipment,1035,221,10.7,7,6.25,71.6,24.3,50.5,2.982,2.456,0.31,1
AST-WAT-353,Water Pump,923,177,27.6,6,4.1,77.8,34.6,62.7,2.124,1.967,0.897,1
AST-HVA-604,HVAC,472,191,17.8,4,4.96,82.2,28.5,74.2,2.718,2.122,1.131,0
AST-IT -938,IT Server,66,201,0.0,0,4.41,72.8,24.8,61.3,2.141,2.233,0.0,1
AST-LAB-987,Lab Equipment,299,71,5.0,2,1.35,37.0,9.8,53.4,0.334,0.789,0.502,0
AST-IT -530,IT Server,840,64,10.5,3,0.99,53.1,14.7,63.5,0.35,0.711,0.375,0
AST-MED-320,Medical,155,205,9.0,2,5.08,65.5,17.9,65.1,2.218,2.278,1.742,0
AST-MED-647,Medical,2040,76,115.2,14,2.91,48.8,6.9,47.7,0.949,0.844,1.694,0
AST-ELE-654,Elevator,2185,142,88.2,10,4.79,73.7,29.4,41.3,2.351,1.578,1.211,1
AST-ELE-275,Elevator,1026,120,2.8,4,3.1,66.2,23.5,52.2,1.369,1.333,0.082,0
AST-ELE-105,Elevator,2396,127,46.6,12,3.82,67.0,33.7,63.1,1.708,1.411,0.583,1
AST-IT -971,IT Server,1361,234,81.0,9,6.75,84.4,26.5,40.6,3.795,2.6,1.785,1
AST-ELE-244,Elevator,1561,141,54.8,11,5.12,74.2,33.9,68.2,2.531,1.567,1.053,0
AST-ELE-380,Elevator,1488,81,46.8,7,2.72,68.0,29.5,48.6,1.232,0.9,0.944,0
AST-HVA-316,HVAC,498,229,31.3,4,6.15,79.4,36.3,54.6,3.251,2.544,1.886,1
AST-LAB-900,Lab Equipment,128,55,7.1,1,2.23,39.8,13.3,38.2,0.591,0.611,1.664,0
AST-IT -982,IT Server,706,200,19.9,6,4.41,70.4,23.0,61.2,2.068,2.222,0.846,0
AST-LAB-607,Lab Equipment,2252,144,42.4,10,3.67,59.6,16.3,36.2,1.458,1.6,0.565,0
AST-IT -827,IT Server,2033,51,49.8,10,1.51,58.5,15.0,68.5,0.588,0.567,0.735,0
AST-IT -961,IT Server,818,38,1.4,5,1.64,50.6,17.5,48.7,0.552,0.422,0.051,0
AST-IT -117,IT Server,163,67,28.8,2,1.35,44.6,19.1,44.2,0.401,0.744,5.301,0
AST-LAB-361,Lab Equipment,1828,94,37.9,11,2.62,50.8,11.2,35.6,0.888,1.044,0.622,0
AST-LAB-531,Lab Equipment,1150,133,15.2,6,4.18,65.1,16.5,56.3,1.814,1.478,0.397,0
AST-LAB-828,Lab Equipment,1118,26,33.3,6,1.8,48.8,8.1,39.3,0.586,0.289,0.894,0
AST-LAB-885,Lab Equipment,391,34,3.1,2,0.99,37.1,12.6,31.5,0.246,0.378,0.238,0
AST-GEN-208,Generator,1903,86,24.4,13,2.78,70.0,46.0,72.0,1.296,0.956,0.385,0
AST-GEN-688,Generator,1841,124,2.2,4,3.12,74.1,52.5,41.7,1.542,1.378,0.036,0
AST-HVA-366,HVAC,1497,132,68.9,11,4.88,70.2,30.5,51.2,2.282,1.467,1.381,1
AST-IT -205,IT Server,484,192,2.0,2,4.32,65.7,24.0,61.1,1.893,2.133,0.124,0
AST-MED-918,Medical,355,95,0.0,0,1.21,35.5,9.3,45.9,0.286,1.056,0.0,0
AST-IT -215,IT Server,1306,183,71.2,11,4.76,66.2,24.4,58.0,2.102,2.033,1.636,1
AST-LAB-170,Lab Equipment,327,107,7.0,2,2.69,50.3,13.9,43.0,0.901,1.189,0.642,0
AST-HVA-204,HVAC,1287,99,42.1,10,2.49,50.5,22.7,76.6,0.839,1.1,0.981,0
AST-WAT-303,Water Pump,1566,20,195.4,16,2.93,80.0,38.7,59.5,1.564,0.222,3.743,1
AST-IT -270,IT Server,1667,192,4.1,14,4.38,63.2,21.2,52.9,1.846,2.133,0.074,0
AST-WAT-440,Water Pump,1429,87,9.8,11,4.04,70.4,25.8,47.4,1.896,0.967,0.206,0
AST-MED-488,Medical,1466,233,164.3,8,7.12,74.5,19.3,44.7,3.536,2.589,3.362,1
AST-ELE-507,Elevator,2081,64,12.3,14,2.84,64.5,27.4,43.2,1.223,0.711,0.177,0
AST-WAT-361,Water Pump,978,128,27.2,5,3.55,59.2,35.2,46.0,1.403,1.422,0.834,0
AST-MED-926,Medical,141,51,8.4,1,1.34,33.2,7.1,36.0,0.296,0.567,1.787,0
AST-WAT-792,Water Pump,1146,162,5.9,8,4.85,77.2,35.9,51.0,2.499,1.8,0.154,0
AST-MED-446,Medical,2350,91,20.8,10,1.93,37.9,6.5,55.4,0.488,1.011,0.266,0
AST-WAT-534,Water Pump,147,3,0.0,1,0.47,68.6,35.4,53.6,0.213,0.033,0.0,0
AST-HVA-971,HVAC,383,24,1.1,2,1.24,52.9,23.5,30.6,0.438,0.267,0.086,0
AST-LAB-758,Lab Equipment,593,39,0.3,4,1.4,40.8,11.9,33.7,0.38,0.433,0.015,0
AST-GEN-325,Generator,2170,97,108.5,15,4.32,70.8,58.7,62.8,2.038,1.078,1.5,1
AST-LAB-373,Lab Equipment,544,177,142.6,6,5.06,61.3,18.4,52.9,2.068,1.967,7.864,1
AST-WAT-844,Water Pump,1852,191,100.4,7,6.87,83.2,37.9,44.0,3.807,2.122,1.626,1
AST-GEN-499,Generator,2202,60,7.3,18,2.28,55.9,47.1,29.0,0.849,0.667,0.099,0
AST-ELE-904,Elevator,256,149,0.0,0,3.69,60.1,31.5,39.5,1.478,1.656,0.0,0
AST-ELE-746,Elevator,1877,6,24.2,10,2.85,69.5,30.1,43.6,1.323,0.067,0.387,0
AST-IT -298,IT Server,1089,8,19.1,6,1.49,57.4,15.2,50.7,0.571,0.089,0.526,0
AST-IT -687,IT Server,378,105,0.2,2,1.37,50.2,19.9,37.0,0.458,1.167,0.016,0
AST-MED-133,Medical,2256,30,4.3,8,1.7,41.7,7.8,48.0,0.473,0.333,0.057,0
AST-LAB-922,Lab Equipment,1093,220,22.1,5,5.43,76.6,26.5,40.8,2.771,2.444,0.607,0
AST-WAT-119,Water Pump,1015,71,4.7,8,3.34,69.0,34.9,45.6,1.535,0.789,0.139,0
AST-ELE-357,Elevator,2331,70,20.6,7,2.62,63.6,26.0,50.8,1.111,0.778,0.265,0
AST-ELE-585,Elevator,1928,9,29.1,8,3.62,64.7,38.3,60.4,1.562,0.1,0.453,1
AST-LAB-276,Lab Equipment,2024,238,6.2,14,6.52,76.5,26.8,61.5,3.322,2.644,0.092,1
AST-ELE-776,Elevator,2390,86,19.8,15,3.1,68.9,25.5,46.4,1.423,0.956,0.249,0
AST-HVA-412,HVAC,772,153,16.1,6,3.49,74.3,20.3,57.5,1.731,1.7,0.626,0
AST-MED-391,Medical,1615,110,139.7,10,3.63,47.9,10.8,40.3,1.159,1.222,2.595,0
AST-MED-241,Medical,376,190,5.1,1,3.56,63.0,15.8,48.2,1.496,2.111,0.407,0
AST-LAB-962,Lab Equipment,1478,217,4.4,4,6.14,69.6,23.9,42.8,2.847,2.411,0.089,1
AST-LAB-451,Lab Equipment,720,129,12.0,5,2.76,45.1,17.5,31.5,0.83,1.433,0.5,1
AST-HVA-214,HVAC,1729,239,18.0,5,6.84,93.4,32.6,67.4,4.262,2.656,0.312,1
AST-ELE-985,Elevator,303,166,2.9,3,4.78,71.3,27.7,42.1,2.275,1.844,0.287,0
AST-GEN-377,Generator,1283,119,27.6,8,4.55,76.7,53.5,41.6,2.326,1.322,0.645,0
AST-WAT-391,Water Pump,1336,150,40.2,6,4.03,75.1,38.2,37.6,2.019,1.667,0.903,1
AST-MED-790,Medical,511,209,3.5,1,4.4,65.5,15.8,35.2,1.921,2.322,0.205,0
AST-GEN-664,Generator,963,211,12.0,5,5.8,93.4,62.4,46.6,3.613,2.344,0.374,1
AST-MED-849,Medical,2136,156,81.9,10,4.16,62.0,15.1,42.4,1.72,1.733,1.15,1
AST-HVA-803,HVAC,219,14,4.7,1,1.51,47.3,21.4,36.5,0.478,0.156,0.644,0
AST-HVA-576,HVAC,2308,27,24.2,13,2.47,49.5,20.4,50.7,0.813,0.3,0.315,0
AST-ELE-737,Elevator,1192,163,2.2,6,4.07,63.3,33.8,39.9,1.719,1.811,0.055,0
AST-LAB-514,Lab Equipment,336,189,4.2,2,4.69,64.0,17.4,40.6,2.003,2.1,0.375,0
AST-HVA-976,HVAC,1138,224,113.5,9,7.15,106.6,38.8,28.2,5.083,2.489,2.992,0
AST-IT -408,IT Server,2321,73,81.1,13,2.46,43.0,16.0,63.1,0.705,0.811,1.048,0
AST-WAT-395,Water Pump,741,161,15.7,6,5.32,71.0,41.5,67.6,2.518,1.789,0.636,0
AST-ELE-968,Elevator,1034,81,38.0,7,1.46,55.6,30.3,43.7,0.541,0.9,1.103,0
AST-WAT-253,Water Pump,2249,52,8.8,8,3.15,58.4,37.6,29.6,1.226,0.578,0.117,0
AST-LAB-273,Lab Equipment,2220,208,28.1,20,5.63,70.9,22.7,47.0,2.661,2.311,0.38,1
AST-MED-980,Medical,1690,169,221.7,13,5.02,64.0,14.9,61.6,2.143,1.878,3.936,1
AST-IT -227,IT Server,882,13,12.3,7,1.04,52.2,11.4,52.6,0.363,0.144,0.418,0
AST-LAB-433,Lab Equipment,1579,71,22.4,8,1.86,42.3,11.5,40.0,0.526,0.789,0.426,0
AST-ELE-583,Elevator,422,212,8.5,2,5.2,73.3,43.8,34.6,2.538,2.356,0.604,1
AST-IT -673,IT Server,562,227,24.7,5,5.23,77.2,25.6,62.4,2.691,2.522,1.319,1
AST-HVA-955,HVAC,2179,222,26.3,8,6.04,88.0,32.9,45.1,3.541,2.467,0.362,0
AST-LAB-138,Lab Equipment,2167,203,54.4,8,6.16,70.5,25.8,54.0,2.898,2.256,0.753,1
AST-HVA-838,HVAC,38,125,0.0,0,3.16,53.4,24.7,73.6,1.124,1.389,0.0,0
AST-HVA-218,HVAC,1736,31,4.4,8,2.09,51.2,21.0,42.1,0.714,0.344,0.076,0
AST-LAB-363,Lab Equipment,1072,98,5.8,5,1.51,48.8,13.7,50.1,0.492,1.089,0.162,0
AST-HVA-205,HVAC,2416,220,105.1,15,6.76,97.6,27.8,67.5,4.401,2.444,1.305,1
AST-HVA-876,HVAC,2391,118,57.3,15,3.2,64.4,27.0,65.1,1.372,1.311,0.719,0
AST-MED-276,Medical,1266,224,4.5,2,5.48,70.1,19.0,50.1,2.562,2.489,0.107,0
AST-GEN-849,Generator,2144,235,192.6,15,8.71,124.4,62.4,58.0,7.223,2.611,2.695,1
AST-ELE-883,Elevator,1408,182,236.5,11,5.17,82.5,32.3,53.6,2.846,2.022,5.039,1
AST-LAB-838,Lab Equipment,2007,75,14.4,11,2.09,49.6,13.0,44.2,0.689,0.833,0.215,0
AST-WAT-845,Water Pump,2059,118,53.5,9,5.85,79.5,33.6,47.9,3.097,1.311,0.78,1
AST-LAB-673,Lab Equipment,2325,228,26.6,5,6.15,71.7,19.7,66.4,2.938,2.533,0.343,1
AST-GEN-448,Generator,1022,45,8.9,5,1.77,68.8,50.7,37.5,0.809,0.5,0.261,0
AST-HVA-260,HVAC,384,193,0.5,1,4.78,76.7,27.0,34.8,2.446,2.144,0.039,0
AST-WAT-668,Water Pump,156,141,10.0,1,5.42,68.0,41.6,60.8,2.456,1.567,1.923,0
AST-WAT-269,Water Pump,1693,124,52.7,6,3.7,61.2,33.2,43.1,1.508,1.378,0.934,0
AST-IT -161,IT Server,1705,171,145.3,12,4.93,79.4,16.5,44.2,2.61,1.9,2.557,1
AST-ELE-119,Elevator,637,139,12.2,6,2.93,63.1,23.7,47.5,1.232,1.544,0.575,0
AST-ELE-963,Elevator,862,141,48.6,3,3.86,71.9,31.4,61.3,1.849,1.567,1.691,0
AST-WAT-684,Water Pump,1508,118,30.6,6,3.24,65.1,32.1,45.8,1.404,1.311,0.609,1
AST-MED-512,Medical,2199,35,101.8,13,2.65,47.4,6.6,31.5,0.836,0.389,1.389,0
AST-WAT-834,Water Pump,34,213,0.0,0,6.01,89.8,41.9,47.0,3.6,2.367,0.0,1
AST-ELE-862,Elevator,1964,3,21.1,10,4.48,73.0,36.0,35.4,2.18,0.033,0.322,0
AST-ELE-707,Elevator,116,115,0.0,0,3.94,63.1,25.9,69.9,1.655,1.278,0.0,0
AST-GEN-599,Generator,2160,199,24.7,11,5.32,97.1,57.6,41.4,3.444,2.211,0.343,1
AST-ELE-624,Elevator,1737,236,164.5,9,7.48,103.9,45.8,44.8,5.184,2.622,2.841,1
AST-WAT-545,Water Pump,2405,58,180.0,15,3.4,66.8,21.0,51.5,1.514,0.644,2.245,1
AST-LAB-919,Lab Equipment,173,147,0.0,0,3.31,49.2,15.2,20.0,1.085,1.633,0.0,0
AST-IT -340,IT Server,1148,130,9.7,5,2.62,62.5,22.1,44.1,1.09,1.444,0.253,0
AST-GEN-788,Generator,1812,126,15.8,9,3.92,70.2,50.0,59.6,1.836,1.4,0.262,0
AST-IT -550,IT Server,1706,240,53.7,12,6.32,83.3,24.8,62.0,3.507,2.667,0.944,1
AST-IT -519,IT Server,1453,16,14.0,14,1.07,51.3,14.5,63.2,0.366,0.178,0.289,0
AST-WAT-393,Water Pump,1131,208,53.1,7,7.8,84.1,48.4,43.2,4.373,2.311,1.408,1
AST-MED-552,Medical,575,110,104.8,6,2.78,52.4,8.2,40.5,0.974,1.222,5.468,0
AST-MED-793,Medical,1161,23,20.2,5,1.78,39.0,8.3,55.2,0.463,0.256,0.522,0
AST-IT -264,IT Server,2086,27,8.0,7,1.92,53.6,15.0,55.4,0.688,0.3,0.115,0
AST-IT -377,IT Server,2071,123,13.2,13,2.76,56.0,15.9,73.3,1.03,1.367,0.191,0
AST-HVA-979,HVAC,195,50,0.6,1,1.34,44.9,23.2,41.2,0.402,0.556,0.092,0
AST-WAT-235,Water Pump,640,16,2.2,4,2.06,55.9,26.4,43.7,0.767,0.178,0.103,0
AST-GEN-506,Generator,954,15,1.4,6,2.71,72.9,40.8,62.5,1.315,0.167,0.044,0
AST-WAT-861,Water Pump,1623,170,76.3,13,6.04,76.6,41.0,54.5,3.084,1.889,1.41,1
AST-MED-453,Medical,733,238,0.1,4,5.69,71.7,20.5,67.1,2.719,2.644,0.004,1
AST-LAB-328,Lab Equipment,1019,3,6.5,9,0.77,45.1,11.0,33.5,0.232,0.033,0.191,0
AST-ELE-877,Elevator,165,119,0.4,1,2.76,66.1,24.0,61.0,1.215,1.322,0.073,0
AST-WAT-364,Water Pump,190,188,2.3,1,5.93,71.4,41.4,58.3,2.822,2.089,0.363,1
AST-MED-188,Medical,1802,132,252.6,14,3.86,60.0,11.5,59.5,1.544,1.467,4.205,1
AST-ELE-252,Elevator,1143,120,23.0,7,3.29,75.7,30.2,56.4,1.661,1.333,0.604,0
AST-LAB-476,Lab Equipment,530,33,1.0,2,1.5,42.1,11.7,52.8,0.421,0.367,0.057,0
AST-IT -304,IT Server,2005,195,97.7,9,5.75,68.6,26.9,43.6,2.628,2.167,1.462,1
AST-IT -125,IT Server,283,185,0.0,0,3.66,69.9,22.1,41.7,1.706,2.056,0.0,0
AST-WAT-958,Water Pump,889,103,27.3,3,3.51,49.9,34.3,44.3,1.168,1.144,0.921,0
AST-WAT-517,Water Pump,2489,239,4.4,9,5.95,101.9,44.1,37.6,4.044,2.656,0.053,1
AST-GEN-604,Generator,1809,60,10.1,7,2.63,73.6,42.0,30.5,1.29,0.667,0.167,0
AST-MED-232,Medical,642,137,7.6,2,2.37,45.7,12.0,28.8,0.722,1.522,0.355,0
AST-ELE-509,Elevator,682,198,0.0,0,5.28,64.8,32.4,62.4,2.28,2.2,0.0,0
AST-IT -336,IT Server,1936,36,107.3,12,3.11,49.0,12.6,47.7,1.018,0.4,1.663,0
AST-WAT-975,Water Pump,927,128,17.6,3,3.17,71.2,35.0,21.4,1.507,1.422,0.57,0
AST-GEN-445,Generator,2404,54,78.6,12,4.84,70.0,47.6,40.2,2.26,0.6,0.981,1
AST-GEN-929,Generator,969,184,67.0,6,4.22,100.0,61.8,55.2,2.816,2.044,2.074,1
AST-WAT-850,Water Pump,247,2,0.0,0,2.06,60.0,26.2,62.7,0.826,0.022,0.0,0
AST-IT -419,IT Server,613,168,19.2,2,3.63,69.5,24.1,49.1,1.682,1.867,0.94,0
AST-HVA-309,HVAC,1855,3,11.6,11,3.06,50.1,22.6,46.3,1.021,0.033,0.188,0
AST-GEN-338,Generator,835,175,18.3,4,6.14,79.6,44.2,55.8,3.26,1.944,0.657,1
AST-ELE-650,Elevator,2137,54,60.7,9,3.09,51.1,23.6,48.9,1.052,0.6,0.852,0
AST-MED-508,Medical,367,33,0.9,2,1.55,40.3,10.3,66.8,0.415,0.367,0.074,0
AST-LAB-660,Lab Equipment,81,69,0.4,1,1.38,42.9,9.5,52.5,0.395,0.767,0.148,0
AST-LAB-203,Lab Equipment,2456,135,201.2,17,4.33,64.4,16.2,65.6,1.857,1.5,2.458,1
AST-ELE-741,Elevator,1552,193,2.3,9,5.33,81.5,36.4,37.8,2.894,2.144,0.044,0
AST-ELE-216,Elevator,1985,108,20.7,13,4.03,60.3,25.9,61.0,1.621,1.2,0.313,0
AST-LAB-653,Lab Equipment,97,229,0.0,0,4.97,72.8,25.1,38.6,2.41,2.544,0.0,0
AST-ELE-495,Elevator,1241,95,67.4,8,2.73,66.8,26.5,47.4,1.215,1.056,1.629,0
AST-MED-414,Medical,1268,187,61.0,3,5.45,64.2,17.7,68.2,2.332,2.078,1.443,0
AST-GEN-198,Generator,1535,126,53.0,7,4.61,100.9,41.4,50.3,3.098,1.4,1.036,1
AST-IT -910,IT Server,941,119,64.5,5,2.91,49.7,21.5,23.0,0.964,1.322,2.056,0
AST-GEN-545,Generator,1215,8,17.8,2,1.25,75.4,38.0,49.3,0.626,0.089,0.44,0
AST-ELE-248,Elevator,1874,51,28.8,13,2.95,74.6,31.5,21.4,1.468,0.567,0.461,0
AST-IT -538,IT Server,2169,136,309.2,20,4.07,65.4,16.3,29.4,1.777,1.511,4.277,1
AST-GEN-369,Generator,573,135,0.4,2,6.4,79.7,46.6,52.5,3.402,1.5,0.021,0
AST-GEN-750,Generator,2373,10,14.6,17,2.99,63.5,46.6,50.7,1.267,0.111,0.185,0
AST-LAB-728,Lab Equipment,1949,234,36.2,14,6.26,77.2,23.3,71.1,3.221,2.6,0.557,1
AST-ELE-630,Elevator,921,174,263.4,7,5.7,74.0,39.2,62.6,2.814,1.933,8.58,1
AST-ELE-481,Elevator,123,61,10.1,2,1.73,60.4,29.4,60.8,0.697,0.678,2.463,0
AST-IT -622,IT Server,1562,194,38.7,7,4.38,61.9,24.8,33.0,1.804,2.156,0.743,0
AST-ELE-530,Elevator,1444,205,28.1,4,6.05,91.8,34.5,42.0,3.701,2.278,0.584,1
AST-HVA-797,HVAC,152,33,2.3,1,3.48,60.1,20.0,34.0,1.396,0.367,0.454,0
AST-LAB-546,Lab Equipment,1809,225,26.5,12,6.94,79.6,22.5,40.1,3.683,2.5,0.439,1
AST-ELE-636,Elevator,1688,164,5.0,10,4.8,71.2,34.5,42.5,2.277,1.822,0.089,0
AST-HVA-512,HVAC,1904,58,65.0,12,2.34,67.1,23.1,29.3,1.047,0.644,1.024,0
AST-LAB-527,Lab Equipment,1959,24,511.1,17,3.17,56.6,11.9,51.3,1.196,0.267,7.827,1
AST-WAT-681,Water Pump,2393,174,327.1,15,7.85,76.8,36.9,58.6,4.019,1.933,4.101,1
AST-GEN-245,Generator,2321,150,3.1,12,6.08,75.3,51.9,71.9,3.053,1.667,0.04,1
AST-IT -191,IT Server,33,60,0.0,0,1.08,37.9,11.2,45.7,0.273,0.667,0.0,0
AST-GEN-417,Generator,630,220,10.5,1,6.14,103.6,53.3,52.1,4.241,2.444,0.5,1
AST-GEN-256,Generator,452,84,27.4,4,1.95,70.5,53.5,46.5,0.918,0.933,1.819,0
AST-WAT-510,Water Pump,1021,233,1.3,8,8.4,90.1,41.4,58.3,5.051,2.589,0.038,1
AST-MED-310,Medical,2376,174,51.7,8,5.03,66.8,15.9,50.1,2.241,1.933,0.653,0
AST-GEN-710,Generator,1083,158,2.7,3,5.38,61.6,33.8,35.6,2.207,1.756,0.075,0
AST-IT -395,IT Server,59,52,7.2,1,1.12,48.7,13.3,51.6,0.363,0.578,3.661,0
AST-MED-428,Medical,1201,107,5.4,1,2.58,43.7,10.1,68.1,0.753,1.189,0.135,0
AST-WAT-778,Water Pump,1537,51,72.6,10,4.75,79.1,33.9,43.7,2.502,0.567,1.417,1
AST-HVA-625,HVAC,2039,56,66.3,9,3.07,50.5,25.1,43.6,1.035,0.622,0.975,1
AST-GEN-856,Generator,402,5,21.6,3,2.37,77.5,44.9,21.1,1.227,0.056,1.612,0
AST-ELE-926,Elevator,1945,53,153.1,8,5.22,64.0,27.8,55.8,2.227,0.589,2.361,1
AST-LAB-326,Lab Equipment,717,90,1.5,3,1.42,45.4,11.8,50.9,0.43,1.0,0.063,0
AST-ELE-913,Elevator,1919,53,1.9,7,0.99,56.8,35.1,59.6,0.376,0.589,0.03,0
AST-WAT-290,Water Pump,726,187,15.8,2,4.72,73.9,37.4,72.0,2.324,2.078,0.653,1
AST-IT -562,IT Server,1127,145,0.8,6,2.87,58.9,15.1,59.6,1.126,1.611,0.021,0
AST-HVA-536,HVAC,1633,2,19.6,8,3.46,69.8,21.1,36.2,1.61,0.022,0.36,0
AST-IT -226,IT Server,166,155,5.5,1,2.97,58.4,22.3,41.7,1.157,1.722,0.994,1
AST-IT -631,IT Server,1794,102,67.8,16,2.67,53.7,13.0,42.4,0.957,1.133,1.134,0
AST-ELE-123,Elevator,1841,54,30.1,13,1.97,63.7,22.6,58.0,0.837,0.6,0.49,0
AST-ELE-257,Elevator,1723,80,582.5,13,5.3,74.4,36.0,33.9,2.628,0.889,10.142,1
AST-WAT-558,Water Pump,2314,227,52.1,14,8.47,88.3,47.2,57.2,4.99,2.522,0.675,1
AST-ELE-302,Elevator,1951,132,16.5,13,3.05,64.8,35.5,50.9,1.319,1.467,0.254,0
AST-MED-745,Medical,1174,24,13.3,4,1.79,43.0,6.5,46.7,0.513,0.267,0.34,0
AST-LAB-914,Lab Equipment,268,202,6.3,1,5.29,66.2,21.6,43.9,2.334,2.244,0.705,0
AST-ELE-123,Elevator,2485,51,31.3,16,4.01,71.4,29.5,44.9,1.907,0.567,0.378,0
AST-LAB-399,Lab Equipment,1528,164,5.0,8,4.07,53.1,15.5,36.7,1.44,1.822,0.098,0
AST-HVA-114,HVAC,1199,90,11.9,6,2.15,55.8,21.8,46.9,0.8,1.0,0.298,0
AST-WAT-352,Water Pump,1143,108,7.9,6,1.36,73.4,30.2,41.5,0.666,1.2,0.207,0
AST-IT -955,IT Server,1259,66,18.1,7,1.21,47.2,15.9,55.5,0.38,0.733,0.431,0
AST-WAT-318,Water Pump,987,139,4.8,4,3.07,67.1,43.8,57.2,1.374,1.544,0.146,0
AST-IT -158,IT Server,1363,34,15.1,8,1.51,45.4,15.2,43.2,0.456,0.378,0.332,0
AST-IT -130,IT Server,1388,100,57.5,8,1.89,52.7,16.4,29.8,0.665,1.111,1.243,0
AST-HVA-666,HVAC,813,114,64.9,2,2.8,65.7,23.8,36.9,1.224,1.267,2.395,0
AST-MED-857,Medical,1870,114,44.5,16,3.34,51.6,8.1,38.6,1.15,1.267,0.714,1
AST-IT -871,IT Server,2240,129,28.9,10,3.11,53.1,18.1,45.8,1.101,1.433,0.387,0
AST-LAB-380,Lab Equipment,1035,209,109.4,6,6.8,75.9,20.8,62.7,3.441,2.322,3.171,1
AST-HVA-720,HVAC,1681,131,13.6,6,4.38,57.9,21.7,33.2,1.691,1.456,0.243,0
AST-GEN-615,Generator,196,102,2.4,1,4.3,79.7,40.2,40.6,2.285,1.133,0.367,0
AST-MED-159,Medical,643,62,75.7,5,1.82,51.1,8.2,69.6,0.621,0.689,3.532,0
AST-WAT-684,Water Pump,2453,213,14.3,15,6.73,76.0,35.5,66.7,3.41,2.367,0.175,1
AST-MED-502,Medical,707,68,6.7,1,1.7,39.5,10.0,37.4,0.447,0.756,0.284,0
AST-MED-893,Medical,981,92,63.2,9,2.01,43.0,9.6,70.0,0.575,1.022,1.933,0
AST-LAB-709,Lab Equipment,1381,46,72.3,9,2.51,47.1,14.2,64.9,0.789,0.511,1.571,0
AST-GEN-939,Generator,448,176,0.0,0,5.55,91.6,44.3,46.5,3.389,1.956,0.0,1
AST-HVA-942,HVAC,993,130,12.3,9,4.0,63.7,22.8,38.8,1.699,1.444,0.372,0
AST-HVA-633,HVAC,2266,12,79.7,20,4.48,64.8,23.0,34.1,1.936,0.133,1.055,1
AST-WAT-417,Water Pump,1748,160,2.4,4,4.49,74.0,32.6,57.1,2.215,1.778,0.041,1
AST-LAB-100,Lab Equipment,1257,151,90.9,10,4.43,72.2,19.7,38.5,2.13,1.678,2.169,0
AST-GEN-588,Generator,1678,67,20.2,6,4.12,69.2,44.0,45.7,1.9,0.744,0.361,0
AST-LAB-540,Lab Equipment,2417,32,75.3,15,3.3,55.9,9.5,42.6,1.229,0.356,0.935,0
AST-HVA-536,HVAC,362,48,6.0,4,4.43,54.9,26.3,49.4,1.62,0.533,0.497,0
AST-WAT-446,Water Pump,211,194,0.0,0,5.69,68.7,45.1,85.0,2.608,2.156,0.0,1
AST-IT -935,IT Server,1689,179,2.9,12,3.74,63.2,24.7,38.6,1.577,1.989,0.052,0
AST-MED-664,Medical,1704,182,36.9,10,4.53,60.9,16.2,27.7,1.838,2.022,0.65,0
AST-ELE-171,Elevator,2336,232,131.5,12,7.65,93.8,38.4,47.1,4.785,2.578,1.689,1
AST-HVA-906,HVAC,1269,32,66.2,10,2.39,73.4,22.6,36.2,1.168,0.356,1.565,0
AST-IT -326,IT Server,910,56,8.4,5,1.23,41.0,16.7,41.6,0.336,0.622,0.277,0
AST-WAT-656,Water Pump,1733,183,25.9,11,5.74,72.9,36.8,35.2,2.787,2.033,0.448,1
AST-LAB-101,Lab Equipment,441,209,0.1,1,5.97,79.9,21.9,44.4,3.181,2.322,0.007,1
AST-MED-423,Medical,31,197,0.0,0,4.69,60.6,18.6,66.6,1.898,2.189,0.0,0
AST-GEN-700,Generator,1417,202,51.2,12,6.67,97.0,54.1,55.9,4.31,2.244,1.084,1
AST-GEN-908,Generator,2154,3,21.5,13,4.28,69.9,42.7,64.6,1.997,0.033,0.299,0
AST-HVA-170,HVAC,785,220,38.6,4,6.0,79.3,31.8,44.5,3.173,2.444,1.475,1
AST-MED-976,Medical,1937,25,26.3,14,2.11,41.2,6.7,50.2,0.581,0.278,0.407,0
AST-HVA-483,HVAC,2319,15,28.8,11,2.26,50.5,22.2,46.8,0.761,0.167,0.373,0
AST-ELE-927,Elevator,401,154,0.0,0,5.04,70.0,37.6,47.9,2.351,1.711,0.0,0
AST-IT -889,IT Server,2399,30,111.3,16,2.95,53.7,13.8,45.1,1.056,0.333,1.392,0
AST-LAB-740,Lab Equipment,1560,10,60.9,9,2.21,47.0,9.5,60.4,0.693,0.111,1.171,0
AST-MED-223,Medical,2387,25,37.4,16,2.29,49.4,6.4,23.1,0.755,0.278,0.47,0
AST-ELE-930,Elevator,2459,57,23.8,11,2.38,53.8,25.0,49.4,0.853,0.633,0.29,0
AST-IT -521,IT Server,2210,113,8.5,7,2.58,46.2,16.8,69.5,0.794,1.256,0.115,0
AST-LAB-914,Lab Equipment,2047,20,42.7,6,2.09,43.2,9.9,43.4,0.602,0.222,0.626,0
AST-IT -111,IT Server,1304,157,7.6,4,3.21,66.4,20.7,65.2,1.42,1.744,0.175,0
AST-IT -971,IT Server,865,182,32.2,5,4.09,63.3,23.4,59.5,1.726,2.022,1.117,1
AST-WAT-970,Water Pump,2317,233,36.1,10,7.96,91.1,38.5,33.2,4.835,2.589,0.467,1
AST-WAT-967,Water Pump,1527,5,26.5,6,3.42,53.9,29.9,54.4,1.229,0.056,0.521,0
AST-ELE-203,Elevator,2488,109,15.5,11,3.48,60.8,36.6,44.3,1.413,1.211,0.187,1
AST-IT -325,IT Server,880,209,12.4,5,5.12,65.7,24.5,39.7,2.243,2.322,0.423,1
AST-WAT-299,Water Pump,1174,148,0.5,4,3.32,75.3,33.6,47.4,1.668,1.644,0.013,0
AST-GEN-143,Generator,2334,224,1.3,7,7.18,101.3,65.3,51.1,4.846,2.489,0.017,1
AST-WAT-927,Water Pump,1116,11,14.1,4,2.57,62.7,33.9,45.8,1.074,0.122,0.379,0
AST-WAT-318,Water Pump,1987,224,11.8,18,6.77,86.6,38.1,56.1,3.907,2.489,0.178,1
AST-LAB-607,Lab Equipment,1517,134,112.4,6,4.01,66.9,15.1,52.2,1.786,1.489,2.223,1
AST-LAB-258,Lab Equipment,1868,66,10.1,12,1.62,53.2,12.2,44.2,0.574,0.733,0.162,0
AST-LAB-509,Lab Equipment,465,18,14.0,4,1.8,46.3,10.8,60.1,0.557,0.2,0.903,0
AST-GEN-524,Generator,567,185,13.0,7,4.42,106.5,53.6,56.5,3.142,2.056,0.688,1
AST-GEN-160,Generator,1620,152,124.0,9,5.02,90.4,56.5,42.8,3.029,1.689,2.296,0
AST-MED-175,Medical,1788,82,33.7,14,2.12,46.1,6.7,57.4,0.652,0.911,0.565,0
AST-HVA-272,HVAC,481,31,12.2,2,1.29,54.9,22.4,30.8,0.472,0.344,0.761,0
AST-HVA-951,HVAC,289,139,1.6,2,3.57,68.2,26.3,46.9,1.623,1.544,0.166,0
AST-HVA-783,HVAC,569,222,1.0,2,6.64,83.7,29.9,37.2,3.705,2.467,0.053,1
AST-ELE-898,Elevator,972,224,81.2,4,8.37,77.2,40.6,68.5,4.308,2.489,2.506,1
AST-WAT-723,Water Pump,937,51,36.6,4,3.79,77.0,32.9,57.6,1.944,0.567,1.172,1
AST-MED-465,Medical,2420,224,12.5,10,6.22,71.8,19.0,46.6,2.98,2.489,0.155,1
AST-WAT-607,Water Pump,2408,185,79.5,15,6.4,83.5,39.4,56.9,3.567,2.056,0.99,1
AST-HVA-539,HVAC,647,57,3.6,4,2.53,61.1,23.7,58.3,1.028,0.633,0.167,0
AST-MED-935,Medical,1426,154,20.9,8,3.3,55.0,11.9,45.9,1.209,1.711,0.44,0
AST-ELE-804,Elevator,2098,180,53.0,12,6.85,70.6,35.4,40.1,3.224,2.0,0.758,1
AST-WAT-935,Water Pump,461,217,10.4,3,5.88,88.7,39.0,68.9,3.479,2.411,0.677,1
AST-IT -820,IT Server,1614,163,87.1,12,4.44,68.0,25.0,45.9,2.013,1.811,1.619,1
AST-WAT-514,Water Pump,2272,13,97.2,15,3.48,83.0,31.2,56.8,1.929,0.144,1.283,0
AST-MED-131,Medical,1438,42,2.1,6,0.85,39.1,7.3,27.3,0.222,0.467,0.044,0
AST-GEN-872,Generator,230,216,5.0,1,5.74,78.0,53.8,62.3,2.984,2.4,0.652,1
AST-LAB-106,Lab Equipment,2155,32,19.9,11,2.83,46.8,9.7,42.6,0.882,0.356,0.277,0
AST-MED-894,Medical,452,177,12.0,2,3.97,57.8,15.0,51.2,1.529,1.967,0.796,0
AST-WAT-113,Water Pump,1066,66,93.7,5,3.95,66.5,34.1,41.1,1.75,0.733,2.637,0
AST-WAT-516,Water Pump,204,225,0.0,0,7.11,94.2,44.2,62.0,4.467,2.5,0.0,1
AST-HVA-808,HVAC,2076,233,27.7,3,7.08,88.2,38.8,36.1,4.165,2.589,0.4,1
AST-HVA-923,HVAC,2290,216,24.7,10,5.76,77.0,30.0,53.0,2.953,2.4,0.324,1
AST-LAB-677,Lab Equipment,1363,68,41.5,6,2.29,40.3,12.1,64.9,0.615,0.756,0.913,0
AST-MED-130,Medical,1684,3,7.8,9,1.39,36.7,9.3,39.8,0.341,0.033,0.139,0
AST-WAT-970,Water Pump,1391,213,72.0,6,7.28,90.9,44.8,37.4,4.413,2.367,1.553,1
AST-IT -135,IT Server,1725,212,53.0,9,5.42,72.2,25.8,53.6,2.611,2.356,0.922,1
AST-LAB-368,Lab Equipment,1424,102,1.7,10,2.14,47.7,11.4,61.2,0.68,1.133,0.036,0
AST-IT -325,IT Server,2267,235,110.3,16,7.06,82.6,31.4,58.8,3.889,2.611,1.46,1
AST-IT -769,IT Server,196,125,1.0,1,1.6,56.0,17.6,58.0,0.596,1.389,0.153,0
AST-IT -380,IT Server,350,79,0.0,0,0.91,55.0,18.0,49.7,0.334,0.878,0.0,0
AST-IT -773,IT Server,95,75,1.0,1,0.83,36.2,14.3,43.1,0.2,0.833,0.316,0
AST-LAB-980,Lab Equipment,1844,233,4.4,14,5.81,82.4,24.9,49.4,3.19,2.589,0.072,1
AST-MED-968,Medical,810,173,38.6,5,4.5,56.8,13.2,65.3,1.702,1.922,1.43,0
AST-IT -394,IT Server,1890,104,46.3,9,1.96,60.1,15.1,62.3,0.788,1.156,0.735,0
AST-IT -187,IT Server,2489,207,27.3,13,5.01,84.8,24.5,32.9,2.834,2.3,0.329,1
AST-HVA-198,HVAC,1630,220,105.7,7,7.59,85.4,35.7,35.5,4.323,2.444,1.945,1
AST-LAB-242,Lab Equipment,2178,162,109.0,11,4.82,68.4,12.4,53.8,2.2,1.8,1.501,1
AST-LAB-400,Lab Equipment,1567,228,54.1,5,6.59,74.0,24.6,56.4,3.251,2.533,1.036,1
AST-IT -114,IT Server,581,201,14.3,4,4.56,64.9,26.3,48.5,1.97,2.233,0.738,0
AST-LAB-232,Lab Equipment,1856,100,19.6,12,2.38,49.3,17.4,47.1,0.782,1.111,0.317,0
AST-WAT-499,Water Pump,1614,36,25.8,5,2.14,56.8,27.1,38.2,0.811,0.4,0.48,0
AST-IT -508,IT Server,1813,3,110.0,11,2.91,62.8,15.4,38.8,1.217,0.033,1.82,0
AST-MED-711,Medical,2168,33,24.7,11,1.3,51.6,7.2,50.9,0.446,0.367,0.342,0
AST-LAB-997,Lab Equipment,2276,153,63.0,14,4.15,58.3,20.9,46.4,1.611,1.7,0.83,0
AST-WAT-791,Water Pump,1721,124,33.2,11,4.04,82.7,34.4,48.4,2.229,1.378,0.579,0
AST-HVA-505,HVAC,1543,97,41.3,8,2.83,56.1,17.9,53.8,1.057,1.078,0.803,0
AST-LAB-863,Lab Equipment,2041,211,93.3,6,6.04,76.5,19.1,43.0,3.081,2.344,1.371,1
AST-HVA-261,HVAC,287,230,12.1,1,6.14,76.9,37.7,65.8,3.149,2.556,1.265,1
AST-LAB-235,Lab Equipment,874,23,3.0,4,2.25,41.6,12.1,53.4,0.626,0.256,0.103,0
AST-GEN-430,Generator,636,71,5.5,3,2.01,85.5,48.0,50.0,1.147,0.789,0.259,0
AST-GEN-448,Generator,650,88,112.5,5,3.0,74.8,43.5,56.1,1.494,0.978,5.192,0
AST-LAB-951,Lab Equipment,168,1,1.8,1,0.91,41.2,12.4,61.5,0.249,0.011,0.321,0
AST-ELE-957,Elevator,2170,215,102.5,17,6.93,85.9,41.5,25.0,3.967,2.389,1.417,1
AST-IT -499,IT Server,286,116,0.3,1,1.8,60.1,16.4,48.4,0.72,1.289,0.031,0
AST-MED-969,Medical,261,87,0.0,0,0.48,37.3,9.6,53.3,0.119,0.967,0.0,0
AST-HVA-740,HVAC,1504,233,29.8,8,7.26,87.6,26.7,48.6,4.238,2.589,0.594,1
AST-GEN-438,Generator,845,197,6.3,2,6.66,99.7,46.3,68.9,4.429,2.189,0.224,1
AST-ELE-221,Elevator,2139,70,43.8,7,2.56,61.4,26.9,28.7,1.049,0.778,0.614,0
AST-LAB-117,Lab Equipment,1379,157,12.0,12,4.01,60.1,19.8,79.4,1.606,1.744,0.261,0
AST-IT -335,IT Server,1210,170,4.9,8,4.04,56.5,20.7,46.0,1.524,1.889,0.121,0
AST-GEN-229,Generator,536,2,3.9,5,2.36,75.9,52.3,85.0,1.195,0.022,0.218,0
AST-GEN-999,Generator,2400,70,8.1,13,4.92,70.5,46.4,38.3,2.313,0.778,0.101,0
AST-ELE-331,Elevator,476,203,1.1,2,5.0,81.6,38.6,52.5,2.718,2.256,0.069,0
AST-ELE-756,Elevator,337,72,0.8,1,2.48,56.0,25.3,44.2,0.926,0.8,0.071,0
AST-WAT-651,Water Pump,2018,132,147.0,12,6.5,74.8,42.9,57.4,3.242,1.467,2.185,1
AST-ELE-919,Elevator,836,175,18.6,5,5.2,77.6,29.4,54.5,2.691,1.944,0.667,0
AST-LAB-996,Lab Equipment,2003,152,82.1,9,3.99,72.5,18.4,55.8,1.932,1.689,1.23,1
AST-GEN-805,Generator,1274,12,40.1,5,3.62,87.9,46.2,43.6,2.122,0.133,0.944,0
AST-HVA-217,HVAC,1779,239,212.9,15,7.57,94.3,32.3,67.4,4.76,2.656,3.59,1
AST-GEN-194,Generator,918,126,39.6,7,4.57,76.9,52.7,53.2,2.345,1.4,1.294,0
AST-IT -986,IT Server,2147,21,155.8,11,2.58,54.3,15.7,60.5,0.935,0.233,2.177,0
AST-ELE-115,Elevator,204,206,0.0,0,5.98,69.1,44.3,70.8,2.754,2.289,0.0,0
AST-LAB-254,Lab Equipment,1302,42,30.7,5,2.36,50.3,11.0,41.0,0.792,0.467,0.707,0
AST-MED-574,Medical,2157,198,22.4,10,4.93,60.3,17.3,33.3,1.983,2.2,0.312,1
AST-WAT-545,Water Pump,919,174,121.9,10,7.44,89.6,44.0,58.7,4.445,1.933,3.979,1
AST-IT -584,IT Server,1879,73,14.4,7,1.27,47.3,14.7,68.7,0.401,0.811,0.23,0
AST-WAT-455,Water Pump,552,107,0.9,3,2.92,66.9,37.6,54.6,1.3,1.189,0.049,0
AST-ELE-407,Elevator,2087,134,45.5,10,4.32,75.5,35.2,77.0,2.173,1.489,0.654,0
AST-GEN-300,Generator,2053,211,44.1,10,7.48,89.1,71.0,61.7,4.441,2.344,0.644,1
AST-MED-418,Medical,1240,192,61.9,12,5.43,66.0,17.0,58.5,2.39,2.133,1.498,1
AST-ELE-429,Elevator,859,84,90.1,8,3.91,70.4,18.2,36.3,1.835,0.933,3.147,1
AST-LAB-639,Lab Equipment,2311,194,182.6,11,6.09,81.2,22.1,65.0,3.296,2.156,2.37,1
AST-HVA-439,HVAC,218,64,7.2,1,1.45,47.4,24.0,53.8,0.46,0.711,0.991,0
AST-MED-335,Medical,2299,189,131.7,13,5.63,77.5,16.3,27.3,2.91,2.1,1.719,1
AST-IT -583,IT Server,680,2,0.4,4,1.02,49.4,14.5,57.9,0.336,0.022,0.018,0
AST-LAB-506,Lab Equipment,1966,112,14.9,15,2.01,51.6,11.7,36.4,0.692,1.244,0.227,0
AST-LAB-825,Lab Equipment,211,137,0.8,1,3.08,45.1,14.5,59.6,0.925,1.522,0.114,0
AST-IT -607,IT Server,1255,83,20.9,14,1.24,40.3,16.5,43.6,0.332,0.922,0.5,0
AST-WAT-612,Water Pump,1859,21,46.1,10,3.32,69.9,39.4,32.2,1.544,0.233,0.744,0
AST-GEN-156,Generator,1965,81,51.0,10,1.52,64.1,49.1,40.8,0.651,0.9,0.779,0
AST-ELE-962,Elevator,911,184,40.5,5,5.55,71.7,34.4,42.1,2.654,2.044,1.334,0
AST-IT -468,IT Server,806,27,27.0,4,1.43,55.0,16.9,57.5,0.524,0.3,1.005,0
AST-WAT-826,Water Pump,588,102,8.4,3,2.57,70.2,27.7,51.7,1.204,1.133,0.429,0
AST-ELE-770,Elevator,171,124,4.0,3,1.87,62.2,35.0,54.9,0.775,1.378,0.702,0
AST-ELE-184,Elevator,1082,203,30.4,1,5.5,81.5,43.7,56.2,2.986,2.256,0.843,0
AST-GEN-103,Generator,528,4,36.8,7,1.68,62.0,46.5,56.8,0.695,0.044,2.091,0
AST-HVA-384,HVAC,1202,92,40.7,6,2.66,61.1,19.3,28.6,1.085,1.022,1.016,0
AST-WAT-988,Water Pump,2477,98,17.0,14,3.43,70.9,36.2,52.7,1.623,1.089,0.206,0
AST-MED-824,Medical,1919,80,66.2,11,2.06,46.5,8.9,52.3,0.639,0.889,1.035,0
AST-GEN-318,Generator,313,153,20.0,2,4.54,65.1,61.8,50.8,1.974,1.7,1.917,0
AST-WAT-590,Water Pump,426,208,7.5,3,6.6,96.0,41.9,42.1,4.228,2.311,0.528,1
AST-WAT-471,Water Pump,958,59,12.7,5,2.71,59.2,22.5,72.3,1.069,0.656,0.398,0
AST-MED-904,Medical,2408,239,69.6,12,7.54,81.2,21.2,60.3,4.083,2.656,0.867,1
AST-IT -542,IT Server,1944,8,326.6,18,2.75,56.0,16.4,63.3,1.026,0.089,5.04,1
AST-WAT-146,Water Pump,873,203,11.8,4,6.1,69.9,42.6,63.6,2.845,2.256,0.405,1
AST-GEN-401,Generator,1265,154,26.3,6,4.67,91.9,41.5,44.9,2.858,1.711,0.624,1
AST-MED-856,Medical,2253,180,418.2,15,5.45,69.8,14.6,24.5,2.535,2.0,5.569,1
AST-IT -834,IT Server,1723,161,38.3,7,4.21,75.4,22.1,51.4,2.119,1.789,0.667,1
AST-IT -636,IT Server,2104,24,2.5,15,1.53,47.0,18.0,46.8,0.481,0.267,0.036,0
AST-LAB-624,Lab Equipment,1682,14,109.9,11,3.62,65.1,11.5,82.6,1.571,0.156,1.96,0
AST-WAT-233,Water Pump,503,94,24.8,5,2.29,64.5,28.5,57.8,0.986,1.044,1.479,0
AST-GEN-611,Generator,1075,56,23.1,7,4.18,63.2,47.0,44.6,1.761,0.622,0.645,0
AST-GEN-627,Generator,552,126,9.5,1,3.72,73.2,50.1,43.9,1.816,1.4,0.516,0
AST-IT -988,IT Server,214,236,3.2,2,5.25,76.7,29.1,29.1,2.683,2.622,0.449,1
AST-HVA-264,HVAC,715,48,1.8,1,2.54,62.3,22.5,62.8,1.053,0.533,0.076,0
AST-IT -429,IT Server,1111,143,40.6,15,3.29,61.1,17.0,49.6,1.34,1.589,1.096,1
AST-LAB-114,Lab Equipment,1217,116,203.3,8,3.72,60.4,13.4,48.1,1.497,1.289,5.012,1
AST-HVA-419,HVAC,2181,56,22.1,16,1.99,49.4,22.4,55.1,0.655,0.622,0.304,0
AST-IT -574,IT Server,1298,118,14.8,9,1.96,57.4,21.4,47.8,0.751,1.311,0.342,0
AST-WAT-608,Water Pump,1077,2,25.9,6,3.56,76.2,32.3,48.7,1.81,0.022,0.721,0
AST-GEN-512,Generator,1606,106,47.4,13,4.04,91.3,45.1,43.6,2.46,1.178,0.885,0
AST-WAT-461,Water Pump,1677,4,8.4,12,2.78,48.3,33.6,41.1,0.896,0.044,0.15,1
AST-LAB-486,Lab Equipment,600,42,40.4,4,2.39,52.7,13.3,71.5,0.84,0.467,2.02,0
AST-IT -972,IT Server,663,31,0.1,1,1.07,45.7,15.1,42.6,0.327,0.344,0.005,0
AST-GEN-906,Generator,2236,33,48.2,12,3.41,75.4,47.7,35.0,1.715,0.367,0.647,1
AST-WAT-317,Water Pump,2092,107,50.3,11,3.86,65.7,29.6,55.1,1.691,1.189,0.721,0
AST-IT -268,IT Server,1999,143,6.1,11,3.32,61.4,20.9,52.9,1.358,1.589,0.092,0
AST-WAT-550,Water Pump,577,110,3.0,4,3.26,67.9,38.3,68.8,1.476,1.222,0.156,0
AST-WAT-320,Water Pump,2482,53,53.8,14,4.56,75.7,28.8,58.7,2.301,0.589,0.65,1
AST-HVA-406,HVAC,1505,165,36.6,8,5.66,80.2,27.0,77.6,3.025,1.833,0.73,1
AST-WAT-541,Water Pump,2364,43,306.7,16,5.14,74.7,41.0,60.6,2.56,0.478,3.892,1
AST-HVA-511,HVAC,1672,169,21.5,14,4.46,63.2,25.5,51.5,1.88,1.878,0.386,0
AST-HVA-379,HVAC,2254,91,12.1,7,3.03,57.9,26.2,63.7,1.171,1.011,0.161,0
AST-HVA-286,HVAC,858,65,0.3,4,0.93,55.3,26.5,58.5,0.343,0.722,0.01,0
AST-MED-310,Medical,1422,134,35.3,11,2.93,50.2,11.5,27.1,0.98,1.489,0.745,0
AST-MED-692,Medical,2333,24,124.4,14,2.94,49.8,9.6,37.6,0.974,0.267,1.6,1
AST-IT -773,IT Server,1296,221,37.1,7,5.6,73.2,26.8,61.9,2.733,2.456,0.859,1
AST-MED-200,Medical,660,67,11.0,3,1.19,37.3,8.0,58.8,0.295,0.744,0.5,0
AST-HVA-993,HVAC,1622,192,0.4,6,5.84,73.9,37.0,39.8,2.88,2.133,0.007,1
AST-IT -798,IT Server,391,122,24.2,4,2.24,49.0,17.9,64.8,0.73,1.356,1.857,0
AST-HVA-414,HVAC,2320,182,5.7,12,5.56,69.8,28.7,54.6,2.588,2.022,0.074,1
AST-GEN-908,Generator,1571,65,39.1,7,2.31,77.2,47.1,64.9,1.191,0.722,0.747,0
AST-IT -197,IT Server,370,177,0.1,3,3.46,66.9,22.7,20.0,1.544,1.967,0.008,0
AST-MED-693,Medical,1462,237,76.7,10,6.53,74.0,20.3,30.8,3.225,2.633,1.574,1
AST-WAT-665,Water Pump,1554,147,34.5,5,3.49,71.8,37.3,31.9,1.669,1.633,0.666,0
AST-GEN-175,Generator,1040,128,1.1,1,3.87,87.0,47.4,50.5,2.242,1.422,0.032,0
AST-GEN-206,Generator,884,196,22.8,4,4.52,85.6,64.3,67.1,2.581,2.178,0.774,0
AST-GEN-805,Generator,1643,87,22.0,5,3.73,56.9,47.0,68.8,1.418,0.967,0.402,0
AST-GEN-600,Generator,1667,119,56.2,12,3.05,87.8,54.2,73.7,1.784,1.322,1.011,1
AST-LAB-587,Lab Equipment,2029,94,10.8,11,2.19,54.6,12.8,43.6,0.799,1.044,0.16,0
AST-MED-907,Medical,2319,109,198.6,13,3.3,57.6,9.7,44.6,1.267,1.211,2.569,1
AST-WAT-894,Water Pump,1294,23,16.6,6,3.1,55.7,19.7,30.3,1.149,0.256,0.385,0
AST-IT -174,IT Server,2425,89,63.9,16,1.98,60.4,14.7,53.2,0.797,0.989,0.791,0
AST-WAT-668,Water Pump,126,141,4.7,3,4.65,78.6,34.1,58.7,2.438,1.567,1.119,0
AST-WAT-404,Water Pump,763,111,3.0,4,4.61,63.6,29.9,52.0,1.955,1.233,0.118,0
AST-WAT-233,Water Pump,816,52,2.2,3,3.15,66.4,37.7,30.4,1.394,0.578,0.081,0
AST-HVA-795,HVAC,2037,218,14.4,16,6.6,85.4,27.8,51.8,3.759,2.422,0.212,1
AST-MED-986,Medical,142,9,0.0,0,1.51,37.2,7.7,60.6,0.373,0.1,0.0,0
AST-HVA-329,HVAC,465,86,17.2,4,1.55,63.3,22.2,61.6,0.652,0.956,1.11,0
AST-HVA-415,HVAC,1189,47,30.6,8,2.84,63.6,20.7,35.6,1.205,0.522,0.772,0
AST-LAB-357,Lab Equipment,2075,159,40.6,11,4.08,54.4,15.8,42.9,1.481,1.767,0.587,1
AST-HVA-367,HVAC,2426,155,15.6,12,5.37,69.1,32.0,63.2,2.474,1.722,0.193,1
AST-HVA-984,HVAC,2178,101,709.0,19,3.28,64.5,23.1,66.7,1.411,1.122,9.766,1
AST-LAB-895,Lab Equipment,1054,212,14.8,6,5.28,65.4,22.4,59.9,2.3,2.356,0.421,1
AST-IT -118,IT Server,1307,215,14.5,5,5.16,68.8,23.5,58.9,2.366,2.389,0.333,1
AST-WAT-774,Water Pump,2499,147,33.1,13,4.78,82.8,36.2,38.3,2.64,1.633,0.397,0
AST-MED-592,Medical,948,136,89.1,7,3.95,58.5,13.1,61.9,1.539,1.511,2.82,0
AST-HVA-490,HVAC,1890,157,19.2,15,4.94,70.0,27.3,41.7,2.305,1.744,0.305,0
AST-LAB-572,Lab Equipment,976,100,24.4,7,2.46,33.2,13.5,63.6,0.543,1.111,0.75,0
AST-HVA-698,HVAC,1645,31,37.5,6,2.53,57.0,15.6,56.9,0.962,0.344,0.684,0
AST-GEN-879,Generator,823,118,16.4,8,3.86,78.4,49.5,39.7,2.019,1.311,0.598,1
AST-MED-329,Medical,740,15,14.1,4,1.61,35.4,6.4,46.9,0.379,0.167,0.572,0
AST-WAT-496,Water Pump,2354,145,5.3,11,4.95,79.5,32.8,40.9,2.621,1.611,0.068,1
AST-GEN-373,Generator,1517,159,185.5,7,4.82,112.9,45.6,59.9,3.63,1.767,3.668,1
AST-HVA-780,HVAC,1521,93,57.3,5,3.51,69.6,24.8,39.7,1.63,1.033,1.13,0
AST-LAB-732,Lab Equipment,830,41,1.6,7,1.14,55.1,9.9,48.4,0.419,0.456,0.058,0
AST-LAB-578,Lab Equipment,59,31,1.6,1,0.43,43.2,15.1,46.3,0.125,0.344,0.814,0
AST-MED-415,Medical,422,214,27.1,3,5.55,73.3,16.2,63.6,2.712,2.378,1.927,0
AST-ELE-611,Elevator,872,161,10.2,6,4.26,78.8,32.6,55.5,2.24,1.789,0.351,0
AST-ELE-956,Elevator,1724,2,42.4,6,3.36,65.0,24.8,52.6,1.455,0.022,0.738,0
AST-IT -534,IT Server,2110,88,10.1,6,1.46,49.8,11.6,57.0,0.484,0.978,0.144,0
AST-IT -804,IT Server,2225,223,1.6,6,5.64,85.0,28.5,49.1,3.195,2.478,0.022,1
AST-IT -530,IT Server,287,9,0.0,0,0.67,42.5,17.1,49.3,0.189,0.1,0.0,0
AST-IT -451,IT Server,1972,52,95.9,10,2.73,52.5,14.1,39.3,0.955,0.578,1.459,0
AST-IT -487,IT Server,1991,221,10.8,12,5.56,72.4,22.8,37.9,2.686,2.456,0.163,1
AST-WAT-705,Water Pump,1231,213,109.3,10,7.87,94.3,40.3,56.3,4.95,2.367,2.664,1
AST-ELE-299,Elevator,1712,71,10.2,13,2.99,57.4,27.2,50.1,1.143,0.789,0.179,0
AST-LAB-152,Lab Equipment,719,98,1.8,3,2.84,54.2,8.6,28.2,1.026,1.089,0.075,0
AST-LAB-505,Lab Equipment,2048,169,238.9,12,4.81,72.5,19.7,46.5,2.325,1.878,3.5,1
AST-WAT-883,Water Pump,1466,153,31.0,11,3.77,85.8,39.4,57.7,2.159,1.7,0.634,1
AST-WAT-917,Water Pump,1110,189,50.6,4,4.3,98.0,41.5,53.9,2.809,2.1,1.368,1
AST-LAB-771,Lab Equipment,1616,99,2.5,5,1.88,44.5,10.6,65.7,0.557,1.1,0.046,0
AST-WAT-697,Water Pump,1115,114,9.6,2,4.76,71.3,25.6,49.8,2.265,1.267,0.258,0
AST-MED-462,Medical,1007,71,7.2,4,1.7,45.3,7.8,39.2,0.514,0.789,0.214,0
AST-MED-984,Medical,1339,166,13.1,7,4.12,55.9,13.6,42.9,1.535,1.844,0.294,1
AST-ELE-232,Elevator,1067,7,40.0,8,2.45,58.2,24.9,44.8,0.95,0.078,1.125,0
AST-GEN-553,Generator,2058,44,42.9,8,3.8,94.8,46.1,49.2,2.404,0.489,0.625,0
AST-HVA-672,HVAC,1147,174,10.1,3,4.44,70.4,31.0,60.6,2.082,1.933,0.264,0
AST-IT -725,IT Server,1661,81,29.4,9,1.87,33.3,11.9,68.9,0.415,0.9,0.531,0
AST-ELE-738,Elevator,1089,86,100.9,6,2.59,66.6,25.4,21.0,1.15,0.956,2.78,0
AST-GEN-551,Generator,1461,72,53.2,10,1.62,73.0,32.6,43.1,0.789,0.8,1.092,0
AST-HVA-891,HVAC,2004,135,3.8,10,3.36,68.0,24.2,63.2,1.521,1.5,0.057,1
AST-GEN-644,Generator,914,51,16.3,4,2.85,82.9,36.1,27.1,1.575,0.567,0.535,0
AST-MED-512,Medical,2407,49,62.4,13,2.65,45.5,7.9,65.6,0.803,0.544,0.778,0
AST-IT -223,IT Server,1044,105,13.9,5,1.91,58.0,11.7,33.7,0.738,1.167,0.399,0
AST-MED-858,Medical,2179,11,34.4,11,2.26,49.7,10.3,48.5,0.749,0.122,0.474,0
AST-MED-930,Medical,149,122,0.0,0,2.08,46.3,9.4,39.2,0.641,1.356,0.0,0
AST-GEN-156,Generator,1155,23,119.9,8,3.95,78.9,43.7,64.0,2.079,0.256,3.114,1
AST-ELE-495,Elevator,924,46,55.6,4,2.67,68.7,27.2,58.3,1.221,0.511,1.805,0
AST-ELE-363,Elevator,150,81,23.6,2,3.16,62.3,26.0,56.8,1.314,0.9,4.72,0
AST-WAT-855,Water Pump,608,105,17.0,7,2.54,61.6,30.4,68.8,1.044,1.167,0.839,0
AST-GEN-990,Generator,2213,116,0.7,13,3.54,74.6,45.2,75.6,1.762,1.289,0.009,0
AST-LAB-310,Lab Equipment,857,229,4.6,3,5.53,65.2,20.8,54.8,2.401,2.544,0.161,1
AST-LAB-578,Lab Equipment,1181,166,52.4,6,4.08,60.6,18.2,63.0,1.649,1.844,1.331,0
AST-ELE-907,Elevator,1644,222,81.0,13,7.1,97.2,40.3,38.1,4.604,2.467,1.478,1
AST-HVA-353,HVAC,924,218,1.6,6,7.74,72.4,28.5,39.2,3.737,2.422,0.052,1
AST-GEN-597,Generator,835,211,4.3,5,6.59,77.0,53.5,45.8,3.381,2.344,0.154,1
AST-IT -585,IT Server,1113,29,0.3,4,0.97,52.8,10.9,68.8,0.342,0.322,0.008,0
AST-GEN-901,Generator,249,182,22.9,4,5.94,98.1,47.8,45.4,3.886,2.022,2.759,0
AST-IT -390,IT Server,315,14,5.6,1,1.6,45.0,13.0,25.5,0.481,0.156,0.533,0
AST-HVA-283,HVAC,2033,112,219.1,12,5.16,71.1,20.9,59.9,2.443,1.244,3.233,1
AST-WAT-646,Water Pump,481,175,25.8,2,4.39,61.1,38.4,52.0,1.79,1.944,1.609,0
AST-MED-217,Medical,1634,77,31.1,7,2.15,43.1,5.9,24.5,0.619,0.856,0.571,0
AST-MED-706,Medical,1920,122,60.6,15,3.32,51.7,10.6,44.2,1.146,1.356,0.947,0
AST-LAB-307,Lab Equipment,2153,51,15.1,9,2.41,46.2,13.1,54.0,0.742,0.567,0.21,0
AST-WAT-954,Water Pump,118,110,0.0,0,3.33,61.9,32.0,80.7,1.375,1.222,0.0,0
AST-MED-320,Medical,1346,115,11.8,12,2.68,52.2,10.6,47.3,0.934,1.278,0.263,0
AST-MED-376,Medical,1967,136,7.5,9,3.39,45.7,13.9,54.5,1.032,1.511,0.114,0
AST-WAT-449,Water Pump,123,207,10.4,1,6.0,79.7,41.2,55.5,3.187,2.3,2.537,0
AST-ELE-875,Elevator,781,105,54.9,5,3.81,54.7,30.5,52.5,1.387,1.167,2.109,1
AST-WAT-578,Water Pump,148,186,0.3,3,5.15,71.8,42.0,66.0,2.467,2.067,0.061,0
AST-IT -581,IT Server,1398,111,1.8,5,2.02,48.8,16.7,49.1,0.657,1.233,0.039,0
AST-HVA-592,HVAC,378,163,16.1,1,3.41,72.6,30.6,47.1,1.652,1.811,1.278,0
AST-ELE-654,Elevator,520,41,66.3,3,3.63,63.0,25.4,32.8,1.521,0.456,3.825,0
AST-GEN-836,Generator,1664,237,14.2,8,8.41,101.1,47.4,39.2,5.665,2.633,0.256,1
AST-GEN-683,Generator,479,33,2.6,1,2.05,64.1,41.0,48.2,0.876,0.367,0.163,0
AST-LAB-359,Lab Equipment,1520,154,82.6,9,5.08,68.1,16.8,47.7,2.304,1.711,1.63,1
AST-IT -404,IT Server,449,180,14.8,2,3.76,76.8,22.7,31.7,1.927,2.0,0.989,0
AST-GEN-354,Generator,2070,106,14.8,13,2.77,79.3,37.7,60.3,1.464,1.178,0.214,0
AST-LAB-109,Lab Equipment,1399,235,3.1,2,5.25,73.9,25.9,40.6,2.59,2.611,0.066,1
AST-WAT-111,Water Pump,2034,149,8.5,5,4.44,61.5,38.0,57.2,1.82,1.656,0.125,1
AST-HVA-743,HVAC,1686,217,224.2,10,7.89,81.8,28.4,82.9,4.301,2.411,3.989,1
AST-HVA-130,HVAC,1780,69,151.4,14,4.03,53.3,21.7,42.5,1.431,0.767,2.552,1
AST-HVA-565,HVAC,2191,53,46.6,5,3.67,57.3,26.0,33.9,1.4,0.589,0.638,0
AST-ELE-760,Elevator,1264,113,49.1,4,3.16,54.9,24.6,40.1,1.158,1.256,1.165,0
AST-MED-624,Medical,833,207,37.2,5,5.52,63.5,17.3,43.6,2.337,2.3,1.34,1
AST-MED-629,Medical,1468,119,34.2,6,3.05,48.1,11.9,49.4,0.978,1.322,0.699,0
AST-WAT-436,Water Pump,1196,177,172.9,8,7.28,84.3,38.3,37.0,4.089,1.967,4.337,1
AST-WAT-398,Water Pump,1104,159,25.7,3,4.08,79.8,41.0,52.3,2.172,1.767,0.698,1
AST-GEN-626,Generator,266,158,0.0,0,4.98,68.9,57.1,38.9,2.286,1.756,0.0,1
AST-HVA-987,HVAC,1880,142,42.0,10,3.58,64.1,32.1,64.0,1.531,1.578,0.67,0
AST-IT -350,IT Server,1627,206,1.7,4,4.61,63.2,27.2,61.3,1.943,2.289,0.031,0
AST-GEN-857,Generator,368,110,20.5,4,3.87,82.4,48.3,36.6,2.125,1.222,1.671,0
AST-IT -433,IT Server,2088,213,80.2,10,5.94,77.8,28.3,33.8,3.082,2.367,1.152,1
AST-MED-373,Medical,200,142,12.6,3,3.28,49.4,15.6,48.5,1.079,1.578,1.89,0
AST-IT -423,IT Server,2436,56,26.0,17,1.89,57.9,15.1,54.2,0.728,0.622,0.32,0
AST-GEN-740,Generator,167,119,0.0,0,2.18,68.6,48.6,58.8,0.999,1.322,0.0,0
AST-MED-546,Medical,50,217,0.4,1,5.13,63.0,18.9,46.4,2.157,2.411,0.24,0
AST-MED-258,Medical,1763,159,5.9,4,3.83,62.7,11.1,64.1,1.599,1.767,0.1,0
AST-HVA-227,HVAC,1511,41,10.4,6,1.93,58.3,18.0,59.1,0.751,0.456,0.206,0
AST-ELE-138,Elevator,563,156,4.2,1,5.04,74.9,34.6,59.6,2.518,1.733,0.224,0
AST-ELE-737,Elevator,1677,98,65.2,7,2.57,66.8,31.9,48.9,1.143,1.089,1.166,0
AST-HVA-714,HVAC,706,234,3.1,2,6.1,74.4,33.8,50.9,3.024,2.6,0.132,1
AST-WAT-509,Water Pump,1474,68,14.6,3,2.28,51.4,34.3,42.0,0.781,0.756,0.297,0
AST-GEN-130,Generator,1832,153,24.2,9,6.55,101.3,55.9,56.7,4.428,1.7,0.396,1
AST-HVA-922,HVAC,1476,71,43.4,9,3.15,57.6,19.0,43.3,1.211,0.789,0.882,0
AST-WAT-161,Water Pump,767,175,19.4,2,5.87,64.1,39.7,35.2,2.507,1.944,0.759,1
AST-GEN-126,Generator,511,38,14.4,2,0.7,73.1,49.5,59.8,0.34,0.422,0.845,0
AST-ELE-723,Elevator,1493,56,7.8,4,0.93,59.0,33.7,58.7,0.364,0.622,0.157,0
AST-MED-104,Medical,120,75,0.0,2,1.23,34.5,7.2,35.0,0.282,0.833,0.0,0
AST-HVA-780,HVAC,2207,36,34.9,15,2.56,55.0,15.8,43.8,0.937,0.4,0.474,0
AST-WAT-809,Water Pump,1604,239,78.3,11,8.08,103.7,41.0,55.6,5.585,2.656,1.464,1
AST-WAT-156,Water Pump,1262,136,4.1,6,2.59,54.1,34.0,59.8,0.935,1.511,0.097,0
AST-WAT-809,Water Pump,163,146,2.2,1,4.62,82.8,35.2,22.2,2.549,1.622,0.405,1
AST-HVA-454,HVAC,1247,136,54.9,8,4.77,76.1,24.8,57.7,2.42,1.511,1.321,1
AST-LAB-322,Lab Equipment,2144,92,56.1,11,2.4,56.0,9.4,43.9,0.898,1.022,0.785,0
AST-WAT-597,Water Pump,2487,115,71.6,15,4.75,70.9,42.1,52.7,2.245,1.278,0.864,0
AST-IT -930,IT Server,2182,192,10.2,17,5.16,71.2,25.4,52.6,2.448,2.133,0.14,1
AST-WAT-833,Water Pump,1379,164,15.4,9,4.9,67.9,37.0,65.5,2.218,1.822,0.335,0
AST-GEN-638,Generator,459,96,15.2,1,3.64,84.1,48.2,62.7,2.041,1.067,0.993,0
AST-IT -260,IT Server,2020,38,12.9,16,1.66,57.9,14.3,46.1,0.641,0.422,0.192,0
AST-GEN-883,Generator,2140,223,41.4,13,7.85,96.1,61.1,44.1,5.029,2.478,0.58,1
AST-MED-972,Medical,568,151,2.0,4,3.51,52.6,14.2,75.4,1.23,1.678,0.106,0
AST-HVA-616,HVAC,1436,48,7.7,8,3.87,57.1,20.4,71.6,1.475,0.533,0.161,0
AST-MED-762,Medical,1942,176,11.7,15,4.29,59.1,14.3,65.6,1.689,1.956,0.181,0
AST-IT -902,IT Server,2184,170,61.8,13,4.09,79.8,22.3,72.9,2.175,1.889,0.849,1
AST-MED-446,Medical,2453,11,234.6,12,2.97,57.3,6.1,68.4,1.133,0.122,2.869,1
AST-IT -226,IT Server,2385,109,141.9,13,3.72,66.6,13.9,59.3,1.653,1.211,1.785,1
AST-WAT-950,Water Pump,1374,217,97.0,12,7.91,92.5,39.7,58.2,4.876,2.411,2.118,1
AST-ELE-613,Elevator,1887,100,2.8,11,3.02,49.4,24.3,60.0,0.994,1.111,0.045,0
AST-WAT-446,Water Pump,91,212,0.0,0,5.17,70.7,35.3,49.3,2.435,2.356,0.0,0
AST-MED-624,Medical,2300,73,4.7,12,1.95,43.0,7.1,38.3,0.559,0.811,0.061,0
AST-HVA-830,HVAC,1362,189,21.7,7,5.49,85.7,34.6,32.3,3.137,2.1,0.478,1
AST-IT -239,IT Server,1075,74,4.9,4,1.32,41.5,15.2,37.0,0.367,0.822,0.137,0
AST-MED-142,Medical,1002,235,60.0,3,6.4,73.0,18.8,45.6,3.115,2.611,1.796,1
AST-LAB-971,Lab Equipment,1721,153,11.6,10,3.13,60.4,19.7,52.9,1.26,1.7,0.202,0
AST-MED-902,Medical,1473,154,6.3,4,3.68,53.3,15.9,67.3,1.309,1.711,0.128,0
AST-WAT-315,Water Pump,1538,221,86.4,8,8.13,78.4,31.7,49.8,4.249,2.456,1.685,1
AST-IT -179,IT Server,283,130,2.2,1,2.22,54.1,16.0,65.4,0.802,1.444,0.233,0
AST-GEN-779,Generator,654,115,1.2,2,3.33,66.6,48.5,44.0,1.48,1.278,0.055,0
AST-MED-407,Medical,1861,197,18.2,9,4.55,59.4,18.2,85.0,1.803,2.189,0.293,0
AST-ELE-608,Elevator,2049,70,14.9,10,3.23,47.4,25.4,44.6,1.019,0.778,0.218,0
AST-WAT-284,Water Pump,1545,73,1.8,4,2.52,61.6,30.7,39.0,1.033,0.811,0.035,0
AST-HVA-229,HVAC,918,132,0.0,0,3.37,47.2,26.3,66.9,1.06,1.467,0.0,0
AST-WAT-395,Water Pump,2433,208,124.0,15,8.78,97.6,38.0,59.1,5.711,2.311,1.529,1
AST-LAB-710,Lab Equipment,1954,158,129.2,11,4.34,67.3,16.6,43.2,1.947,1.756,1.984,1
AST-LAB-163,Lab Equipment,1197,224,13.3,7,6.07,76.0,26.6,46.0,3.076,2.489,0.333,1
AST-MED-714,Medical,1194,141,34.9,6,3.36,55.2,13.0,52.1,1.235,1.567,0.877,0
AST-IT -804,IT Server,1734,119,6.7,6,2.53,49.9,20.6,38.0,0.842,1.322,0.116,0
AST-ELE-965,Elevator,462,112,4.9,4,2.83,63.4,29.6,51.4,1.199,1.244,0.318,0
AST-GEN-794,Generator,2338,88,138.5,17,5.25,87.1,37.3,30.8,3.049,0.978,1.777,1
AST-ELE-965,Elevator,2031,31,32.9,5,2.97,52.3,25.8,44.0,1.036,0.344,0.486,0
AST-MED-700,Medical,935,88,10.1,2,1.21,38.3,6.5,40.4,0.309,0.978,0.324,0
AST-GEN-895,Generator,1874,111,3.1,10,3.48,80.1,42.9,59.4,1.859,1.233,0.05,0
AST-IT -851,IT Server,115,97,11.0,2,1.18,42.9,20.4,57.2,0.337,1.078,2.87,0
AST-WAT-258,Water Pump,656,126,25.0,8,4.73,61.2,38.6,63.0,1.931,1.4,1.143,0
AST-LAB-506,Lab Equipment,1506,51,14.8,8,1.83,51.6,12.1,36.9,0.629,0.567,0.295,0
AST-MED-936,Medical,1536,29,29.4,9,2.43,43.1,8.5,58.9,0.698,0.322,0.574,0
AST-GEN-382,Generator,452,128,0.0,0,3.38,82.7,53.8,20.0,1.866,1.422,0.0,0
AST-ELE-938,Elevator,232,15,25.2,3,2.38,62.1,33.2,51.5,0.983,0.167,3.259,0
AST-MED-444,Medical,2306,62,22.9,10,1.9,50.4,7.8,42.7,0.64,0.689,0.298,0
AST-MED-464,Medical,1407,228,50.8,9,6.92,79.1,19.7,33.7,3.649,2.533,1.083,1
AST-LAB-920,Lab Equipment,797,32,1.4,1,1.73,50.0,11.6,60.3,0.576,0.356,0.053,0
AST-IT -779,IT Server,909,53,6.8,5,1.56,56.4,12.1,54.7,0.586,0.589,0.224,0
AST-ELE-595,Elevator,1728,107,1.8,16,2.29,58.0,22.5,54.5,0.888,1.189,0.031,0
AST-IT -940,IT Server,1488,195,11.9,6,4.36,72.3,22.2,53.0,2.101,2.167,0.24,1
AST-WAT-861,Water Pump,2407,24,23.2,11,4.34,70.2,34.1,42.5,2.032,0.267,0.289,1
AST-LAB-877,Lab Equipment,238,76,0.0,0,1.57,42.5,12.0,55.5,0.443,0.844,0.0,0
AST-LAB-190,Lab Equipment,1547,234,85.0,14,6.55,78.6,24.0,60.5,3.432,2.6,1.648,1
AST-LAB-672,Lab Equipment,1345,197,60.5,8,4.98,65.6,22.9,27.2,2.176,2.189,1.349,1
AST-ELE-835,Elevator,2401,117,28.3,8,3.84,59.3,22.4,60.8,1.516,1.3,0.354,0
AST-GEN-500,Generator,2307,99,116.9,18,4.33,77.5,48.7,60.8,2.238,1.1,1.52,1
AST-WAT-730,Water Pump,1023,223,0.5,8,6.97,85.0,42.9,34.7,3.949,2.478,0.015,1
AST-ELE-530,Elevator,177,135,0.0,0,3.91,68.3,26.4,47.6,1.782,1.5,0.0,0
AST-IT -618,IT Server,2267,90,68.3,18,1.84,47.2,20.9,37.6,0.579,1.0,0.904,0
AST-HVA-190,HVAC,166,95,9.8,1,2.26,55.9,21.2,62.6,0.843,1.056,1.771,0
AST-WAT-665,Water Pump,836,153,116.8,6,5.65,92.0,35.4,58.7,3.461,1.7,4.191,1
AST-HVA-478,HVAC,868,45,7.5,3,1.74,66.8,21.6,68.9,0.776,0.5,0.259,0
AST-LAB-391,Lab Equipment,228,9,0.0,0,1.32,34.2,11.4,34.3,0.301,0.1,0.0,0
AST-GEN-802,Generator,1002,182,32.2,4,4.82,93.7,60.0,54.0,3.011,2.022,0.964,1
AST-IT -543,IT Server,1025,128,4.9,4,2.37,57.8,20.1,31.7,0.912,1.422,0.143,0
AST-GEN-102,Generator,997,140,91.8,9,6.12,82.7,41.1,62.7,3.372,1.556,2.762,1
AST-LAB-631,Lab Equipment,724,168,20.8,6,4.43,62.5,17.7,46.0,1.846,1.867,0.862,0
AST-HVA-673,HVAC,2210,158,8.7,8,4.61,68.4,28.0,56.9,2.102,1.756,0.118,1
AST-MED-390,Medical,1872,134,17.9,9,2.91,49.2,10.6,44.4,0.954,1.489,0.287,0
AST-WAT-522,Water Pump,1884,111,38.5,12,3.0,57.0,44.0,29.3,1.139,1.233,0.613,0
AST-ELE-379,Elevator,583,190,5.5,2,5.31,77.9,38.1,58.6,2.758,2.111,0.283,1
AST-GEN-406,Generator,2129,180,45.2,5,7.16,98.0,58.7,58.5,4.68,2.0,0.637,1
AST-MED-290,Medical,1687,112,71.4,11,3.25,47.7,10.2,54.7,1.035,1.244,1.27,0
AST-MED-252,Medical,1721,79,591.4,18,2.82,50.8,8.3,40.6,0.955,0.878,10.309,1
AST-HVA-363,HVAC,1926,166,83.4,5,5.69,82.9,27.3,57.9,3.142,1.844,1.299,1
AST-WAT-800,Water Pump,711,195,1.2,4,5.36,75.2,47.8,55.8,2.685,2.167,0.051,1
AST-WAT-544,Water Pump,1694,62,23.0,5,3.37,60.2,31.3,40.1,1.353,0.689,0.407,0
AST-WAT-766,Water Pump,1370,133,26.6,8,3.9,65.6,41.8,58.6,1.705,1.478,0.582,1
AST-ELE-662,Elevator,1973,114,97.0,8,5.22,78.3,31.6,28.8,2.724,1.267,1.475,1
AST-MED-379,Medical,2350,44,33.0,15,1.81,40.3,8.8,69.1,0.487,0.489,0.421,0
AST-IT -556,IT Server,391,79,8.5,4,0.97,51.4,17.9,53.7,0.334,0.878,0.652,0
AST-MED-493,Medical,919,204,33.5,7,4.9,58.9,17.2,45.3,1.925,2.267,1.094,0
AST-ELE-442,Elevator,1051,24,67.3,5,3.77,64.1,25.0,33.6,1.611,0.267,1.921,0
AST-MED-927,Medical,1820,104,35.9,7,2.74,48.5,9.0,35.8,0.886,1.156,0.592,0
AST-GEN-300,Generator,1173,3,10.1,7,2.23,71.5,41.9,83.5,1.061,0.033,0.258,0
AST-ELE-487,Elevator,2419,195,2.8,21,5.45,84.3,30.6,52.7,3.064,2.167,0.035,1
AST-IT -678,IT Server,1566,69,42.0,9,1.82,46.3,17.9,44.6,0.561,0.767,0.805,0
AST-IT -497,IT Server,1629,108,39.9,10,2.34,53.3,17.8,57.8,0.833,1.2,0.735,0
AST-WAT-631,Water Pump,291,230,2.3,1,6.98,84.7,49.8,46.1,3.939,2.556,0.237,1
AST-IT -286,IT Server,599,148,19.2,2,2.81,60.2,18.8,48.0,1.125,1.644,0.962,0
AST-GEN-348,Generator,588,69,42.6,6,1.96,72.0,35.9,49.8,0.94,0.767,2.173,0
AST-LAB-240,Lab Equipment,790,232,2.6,1,5.33,73.4,21.4,42.6,2.607,2.578,0.099,1
AST-LAB-312,Lab Equipment,973,125,24.6,3,2.7,50.1,12.4,72.9,0.902,1.389,0.758,0
AST-WAT-376,Water Pump,248,100,7.7,2,3.46,72.6,28.1,31.2,1.674,1.111,0.931,0
AST-HVA-308,HVAC,2138,106,6.0,13,1.82,74.5,23.2,50.5,0.904,1.178,0.084,0
AST-MED-823,Medical,2163,84,13.5,9,2.18,37.0,8.6,37.0,0.537,0.933,0.187,0
AST-GEN-152,Generator,1117,202,27.7,6,5.75,81.6,65.9,52.5,3.125,2.244,0.744,1
AST-IT -494,IT Server,1363,173,1.6,4,3.77,68.6,20.6,48.6,1.724,1.922,0.035,0
AST-ELE-508,Elevator,1553,212,15.6,15,5.78,84.8,36.5,43.3,3.268,2.356,0.301,1
AST-IT -494,IT Server,2330,174,39.3,13,4.28,59.5,21.7,43.2,1.697,1.933,0.506,1
AST-MED-445,Medical,304,218,69.5,3,5.61,70.5,18.5,51.4,2.637,2.422,6.859,1
AST-LAB-752,Lab Equipment,1991,167,2.3,16,3.67,64.1,14.9,55.6,1.567,1.856,0.035,0
AST-ELE-361,Elevator,2494,68,14.5,15,3.07,71.6,32.3,32.3,1.464,0.756,0.174,0
AST-LAB-329,Lab Equipment,708,120,10.5,3,2.42,41.3,14.9,39.9,0.667,1.333,0.445,0
AST-LAB-209,Lab Equipment,1075,112,30.8,10,2.83,54.7,16.3,66.0,1.032,1.244,0.86,0
AST-MED-918,Medical,1067,46,59.3,4,1.85,44.2,9.6,56.7,0.546,0.511,1.667,0
AST-MED-254,Medical,389,176,1.1,1,3.67,55.3,15.5,35.1,1.355,1.956,0.085,0
AST-LAB-356,Lab Equipment,1897,184,15.2,10,5.29,66.3,21.5,45.3,2.338,2.044,0.24,1
AST-MED-240,Medical,237,64,34.0,2,1.23,40.4,8.6,54.4,0.33,0.711,4.304,0
AST-ELE-688,Elevator,409,147,12.0,4,4.86,69.1,31.7,46.7,2.24,1.633,0.88,0
AST-MED-786,Medical,118,206,5.7,1,4.88,63.6,17.3,55.1,2.069,2.289,1.449,0
AST-MED-742,Medical,444,61,6.8,1,1.16,35.5,8.3,33.0,0.274,0.678,0.459,0
AST-WAT-660,Water Pump,1338,13,20.4,7,2.2,72.8,34.0,30.9,1.066,0.144,0.457,0
AST-ELE-369,Elevator,798,234,31.3,5,7.26,84.2,37.2,31.7,4.075,2.6,1.177,1
AST-GEN-826,Generator,2334,129,27.7,13,4.67,73.8,43.7,48.9,2.299,1.433,0.356,0
AST-LAB-533,Lab Equipment,1712,182,17.7,8,5.26,61.8,18.3,39.7,2.169,2.022,0.31,0
AST-GEN-974,Generator,2036,172,103.5,11,4.79,102.2,48.8,27.0,3.264,1.911,1.525,1
AST-ELE-148,Elevator,1173,33,58.2,6,2.1,62.0,25.9,75.6,0.867,0.367,1.488,0
AST-IT -198,IT Server,36,103,0.0,0,1.04,56.3,14.8,32.5,0.391,1.144,0.0,0
AST-ELE-919,Elevator,2100,158,3.3,9,3.93,70.4,33.5,34.8,1.844,1.756,0.047,0
AST-ELE-943,Elevator,2041,12,67.8,19,3.22,50.3,24.6,52.3,1.078,0.133,0.997,1
AST-GEN-229,Generator,2500,21,194.9,8,5.06,81.8,42.8,61.2,2.759,0.233,2.339,1
AST-MED-570,Medical,1240,149,20.2,10,3.33,55.0,12.7,58.4,1.219,1.656,0.489,0
AST-LAB-470,Lab Equipment,2481,6,70.6,17,3.29,43.1,8.1,54.7,0.945,0.067,0.854,0
AST-GEN-584,Generator,107,181,0.0,0,5.75,90.4,48.3,63.6,3.468,2.011,0.0,1
AST-IT -735,IT Server,1788,25,28.4,6,1.83,37.6,16.1,42.9,0.46,0.278,0.477,0
AST-WAT-396,Water Pump,912,82,8.8,3,1.68,56.1,34.3,73.5,0.627,0.911,0.289,0
AST-IT -941,IT Server,823,12,57.1,4,1.7,54.1,10.2,41.3,0.612,0.133,2.081,0
AST-WAT-106,Water Pump,2012,123,11.5,8,3.49,68.6,37.0,59.3,1.596,1.367,0.171,0
AST-ELE-836,Elevator,1530,32,7.3,7,2.34,60.9,36.5,45.2,0.95,0.356,0.143,0
AST-LAB-178,Lab Equipment,74,153,4.0,1,2.38,55.6,18.2,70.2,0.882,1.7,1.622,0
AST-GEN-211,Generator,1674,141,304.5,11,4.7,89.7,64.2,64.3,2.811,1.567,5.457,1
AST-MED-447,Medical,853,211,45.4,3,5.62,64.3,18.7,44.4,2.41,2.344,1.597,1
AST-MED-557,Medical,1009,214,6.0,5,5.5,64.3,18.9,41.3,2.354,2.378,0.178,1
AST-MED-351,Medical,368,157,0.0,0,3.15,52.6,14.3,42.6,1.106,1.744,0.0,0
AST-MED-354,Medical,386,46,6.2,1,0.85,39.6,10.2,35.1,0.224,0.511,0.482,0
AST-LAB-459,Lab Equipment,1660,220,252.8,15,7.77,79.8,23.3,42.0,4.129,2.444,4.569,1
AST-GEN-306,Generator,1675,23,4.4,12,1.52,73.4,41.4,48.4,0.743,0.256,0.079,0
AST-MED-447,Medical,2119,6,8.1,10,1.7,43.7,7.1,34.1,0.495,0.067,0.115,0
AST-GEN-356,Generator,1888,84,43.2,6,2.67,85.6,54.6,60.0,1.522,0.933,0.686,0
AST-GEN-531,Generator,1901,36,163.5,11,4.24,86.9,23.9,25.4,2.458,0.4,2.58,1
AST-ELE-347,Elevator,1689,162,5.0,11,4.65,63.0,31.5,59.5,1.954,1.8,0.089,0
AST-ELE-158,Elevator,619,117,27.9,2,4.08,71.5,27.7,44.8,1.945,1.3,1.352,0
AST-HVA-107,HVAC,61,228,9.1,2,7.03,77.5,36.5,32.0,3.633,2.533,4.475,0
AST-ELE-965,Elevator,1818,141,113.9,7,6.4,80.5,37.1,64.8,3.435,1.567,1.88,1
AST-LAB-692,Lab Equipment,41,82,0.0,0,1.44,38.2,10.9,50.5,0.367,0.911,0.0,0
AST-HVA-891,HVAC,320,46,4.3,5,1.9,43.3,17.6,47.5,0.549,0.511,0.403,0
AST-IT -193,IT Server,1599,117,51.9,9,2.72,44.5,15.2,50.2,0.807,1.3,0.974,0
AST-IT -307,IT Server,768,62,12.5,2,1.24,43.8,10.5,52.0,0.362,0.689,0.488,0
AST-WAT-292,Water Pump,2382,206,44.9,13,9.1,93.6,47.0,39.4,5.681,2.289,0.565,1
AST-ELE-336,Elevator,98,162,6.1,1,4.48,77.4,42.3,63.4,2.312,1.8,1.867,0
AST-MED-642,Medical,1184,188,85.7,13,5.46,66.7,17.5,42.8,2.429,2.089,2.171,1
AST-MED-183,Medical,1744,85,15.5,5,1.55,48.8,7.8,48.7,0.503,0.944,0.267,0
AST-HVA-552,HVAC,2412,76,228.1,18,3.72,65.2,27.8,52.1,1.619,0.844,2.837,1
AST-WAT-210,Water Pump,2192,59,192.4,15,4.89,61.8,26.4,46.0,2.016,0.656,2.633,1
AST-MED-280,Medical,1651,175,136.4,10,5.66,66.4,15.9,34.7,2.503,1.944,2.478,1
AST-ELE-641,Elevator,1399,161,16.1,3,4.73,71.3,34.5,47.6,2.25,1.789,0.345,0
AST-MED-856,Medical,482,147,1.5,2,2.27,50.6,15.4,58.3,0.765,1.633,0.093,0
AST-ELE-135,Elevator,1277,18,38.0,5,2.2,67.9,29.3,51.6,0.997,0.2,0.893,0
AST-ELE-166,Elevator,1352,182,24.4,9,5.02,74.2,30.4,61.4,2.485,2.022,0.541,1
AST-IT -133,IT Server,1324,26,85.8,11,2.06,60.8,14.0,42.0,0.834,0.289,1.944,0
AST-GEN-294,Generator,1195,101,35.3,6,3.78,72.8,61.3,76.7,1.835,1.122,0.886,0
AST-ELE-353,Elevator,948,107,20.5,2,2.61,51.8,23.6,60.3,0.901,1.189,0.649,0
AST-GEN-106,Generator,1323,124,43.9,7,4.3,68.5,46.4,48.7,1.961,1.378,0.995,0
AST-MED-816,Medical,1269,50,215.3,13,3.05,44.6,9.0,46.4,0.907,0.556,5.09,1
AST-WAT-154,Water Pump,41,148,0.0,0,4.56,70.6,19.5,73.0,2.145,1.644,0.0,0
AST-MED-222,Medical,1691,198,70.8,6,5.5,67.1,16.8,60.3,2.458,2.2,1.256,0
AST-GEN-561,Generator,1868,9,162.4,11,3.92,93.0,30.8,51.5,2.429,0.1,2.608,1
AST-GEN-198,Generator,1924,3,67.6,9,3.56,85.1,55.7,39.4,2.02,0.033,1.054,0
AST-ELE-376,Elevator,1835,16,0.2,9,2.95,60.6,32.3,60.7,1.194,0.178,0.003,0
AST-GEN-449,Generator,724,142,66.4,4,4.53,75.7,60.5,38.1,2.284,1.578,2.751,0
AST-WAT-924,Water Pump,947,221,6.8,6,7.31,91.3,38.2,74.4,4.448,2.456,0.215,1
AST-ELE-939,Elevator,2345,191,94.2,15,7.17,79.3,35.4,46.7,3.79,2.122,1.205,1
AST-LAB-757,Lab Equipment,2238,96,38.8,12,2.32,51.3,15.7,57.5,0.792,1.067,0.52,0
AST-HVA-564,HVAC,1580,155,27.2,5,5.9,68.9,28.2,53.2,2.709,1.722,0.516,1
AST-HVA-463,HVAC,416,127,0.6,3,3.31,60.3,26.1,69.3,1.332,1.411,0.043,0
AST-GEN-805,Generator,2335,62,18.4,10,4.88,79.3,39.6,46.7,2.581,0.689,0.236,1
AST-ELE-170,Elevator,264,176,4.6,1,4.49,69.3,36.7,24.7,2.076,1.956,0.523,0
AST-MED-945,Medical,2445,22,1.7,11,1.97,41.4,8.7,24.8,0.544,0.244,0.021,0
AST-IT -887,IT Server,2275,49,133.5,12,2.9,62.9,14.3,63.8,1.218,0.544,1.76,1
AST-ELE-175,Elevator,2029,151,268.8,13,5.38,81.5,35.1,25.8,2.923,1.678,3.974,1
AST-LAB-394,Lab Equipment,2076,8,6.1,13,2.51,46.8,11.9,43.3,0.782,0.089,0.088,0
AST-ELE-936,Elevator,1085,186,4.7,8,4.62,71.2,40.3,38.5,2.194,2.067,0.13,1
AST-LAB-458,Lab Equipment,1242,238,88.0,9,6.67,80.6,26.0,42.5,3.582,2.644,2.126,0
AST-MED-947,Medical,641,190,22.8,2,4.56,56.6,15.6,36.7,1.721,2.111,1.067,0
AST-GEN-961,Generator,1539,120,50.9,4,4.04,72.7,45.0,53.3,1.955,1.333,0.992,1
AST-LAB-972,Lab Equipment,1595,222,85.8,7,6.75,76.3,20.0,68.6,3.436,2.467,1.614,1
AST-IT -367,IT Server,1635,47,45.8,6,1.63,60.5,15.7,24.0,0.659,0.522,0.84,0
AST-LAB-650,Lab Equipment,1342,109,49.3,6,2.51,47.0,14.0,56.2,0.787,1.211,1.102,0
AST-ELE-286,Elevator,1873,29,19.4,15,2.69,61.6,22.6,33.8,1.105,0.322,0.311,0
AST-WAT-263,Water Pump,1712,7,5.7,10,3.02,64.4,30.9,50.1,1.296,0.078,0.1,0
AST-WAT-746,Water Pump,1598,202,36.2,8,7.5,84.8,48.2,31.2,4.239,2.244,0.68,1
AST-HVA-224,HVAC,2328,112,3.6,20,2.39,62.9,25.7,51.0,1.002,1.244,0.046,0
AST-WAT-120,Water Pump,511,7,0.0,0,2.41,50.8,29.4,74.8,0.816,0.078,0.0,0
AST-WAT-325,Water Pump,1815,215,48.4,6,7.71,84.9,35.3,52.4,4.365,2.389,0.8,1
AST-ELE-169,Elevator,2444,72,36.7,15,3.59,67.8,29.7,66.2,1.621,0.8,0.45,0
AST-HVA-934,HVAC,2306,18,231.4,13,2.72,72.4,25.7,46.9,1.315,0.2,3.01,1
AST-HVA-150,HVAC,834,35,0.1,3,2.27,64.4,22.2,65.5,0.972,0.389,0.004,0
AST-LAB-782,Lab Equipment,718,136,69.7,7,4.18,60.5,12.7,45.0,1.687,1.511,2.912,1
AST-WAT-921,Water Pump,2175,119,27.2,13,3.37,64.9,37.6,33.7,1.46,1.322,0.375,0
AST-LAB-971,Lab Equipment,2060,201,22.6,11,5.68,69.5,19.6,47.0,2.63,2.233,0.329,1
AST-MED-787,Medical,2441,119,89.3,9,3.29,59.9,11.0,46.3,1.315,1.322,1.098,1
AST-LAB-618,Lab Equipment,560,226,6.5,2,6.06,65.5,24.3,47.9,2.647,2.511,0.348,0
AST-HVA-676,HVAC,1405,110,121.0,8,2.62,51.3,25.0,69.3,0.897,1.222,2.584,0
AST-WAT-852,Water Pump,2487,233,50.3,13,7.71,99.5,40.6,42.0,5.111,2.589,0.607,1
AST-LAB-128,Lab Equipment,2040,116,167.0,12,4.02,43.3,10.6,59.0,1.161,1.289,2.456,1
AST-MED-708,Medical,1512,100,69.2,10,2.69,52.5,7.4,38.5,0.943,1.111,1.373,0
AST-IT -802,IT Server,489,152,2.2,3,3.25,65.1,18.1,61.4,1.413,1.689,0.135,0
AST-GEN-137,Generator,1480,222,13.4,9,6.71,95.7,62.5,42.3,4.278,2.467,0.272,1
AST-WAT-223,Water Pump,868,95,5.9,4,2.02,64.5,20.6,65.5,0.871,1.056,0.204,0
AST-WAT-846,Water Pump,2360,240,329.5,14,9.81,108.9,41.2,53.9,7.121,2.667,4.189,1
AST-LAB-916,Lab Equipment,1186,188,54.4,10,5.49,74.5,21.6,51.7,2.728,2.089,1.376,1
AST-ELE-724,Elevator,745,91,39.1,5,1.7,52.6,21.6,54.6,0.595,1.011,1.574,0
AST-LAB-465,Lab Equipment,463,109,0.7,2,2.64,45.0,16.4,20.0,0.792,1.211,0.045,0
AST-MED-929,Medical,2180,107,1.3,10,2.14,46.9,8.0,47.8,0.67,1.189,0.018,0
AST-GEN-471,Generator,2247,31,3.2,8,3.02,62.8,38.3,66.7,1.265,0.344,0.043,0
AST-ELE-215,Elevator,2037,187,74.0,15,5.81,78.2,37.3,70.5,3.03,2.078,1.09,1
AST-IT -560,IT Server,1185,128,21.2,3,2.6,56.7,18.5,43.3,0.984,1.422,0.537,0
AST-GEN-482,Generator,1394,168,22.7,8,4.96,91.9,54.6,38.6,3.041,1.867,0.489,1
AST-GEN-649,Generator,993,96,16.5,11,2.9,63.6,41.8,30.1,1.228,1.067,0.498,0
AST-IT -704,IT Server,1953,193,20.8,6,4.68,67.3,24.3,40.4,2.1,2.144,0.32,1
AST-MED-248,Medical,177,216,0.0,0,5.11,65.7,17.9,48.0,2.238,2.4,0.0,1
AST-GEN-163,Generator,1586,229,44.4,8,8.29,101.8,59.0,20.0,5.627,2.544,0.84,1
AST-ELE-691,Elevator,534,39,5.2,3,3.46,48.0,34.0,47.3,1.106,0.433,0.292,0
AST-LAB-214,Lab Equipment,2394,23,57.7,14,2.49,50.7,11.3,29.0,0.841,0.256,0.723,0
AST-IT -689,IT Server,804,54,50.0,4,1.46,50.4,15.9,74.0,0.489,0.6,1.866,0
AST-ELE-138,Elevator,901,161,44.7,8,5.3,79.5,26.3,62.7,2.809,1.789,1.488,1
AST-WAT-668,Water Pump,1989,143,142.8,13,5.32,79.4,33.4,51.7,2.817,1.589,2.154,1
AST-MED-756,Medical,1641,136,55.8,10,3.23,63.2,10.6,64.5,1.362,1.511,1.02,1
AST-WAT-855,Water Pump,1985,96,119.4,9,4.78,60.4,36.1,48.3,1.923,1.067,1.805,1
AST-MED-963,Medical,1387,46,70.9,9,1.84,47.8,7.2,77.0,0.586,0.511,1.534,0
AST-GEN-154,Generator,586,154,15.8,1,4.12,89.7,57.7,52.0,2.463,1.711,0.809,0
AST-WAT-662,Water Pump,2040,65,42.5,11,3.05,50.9,30.6,63.3,1.034,0.722,0.625,0
AST-HVA-216,HVAC,793,143,13.6,5,3.51,73.7,28.0,45.3,1.725,1.589,0.515,0
AST-IT -975,IT Server,2443,51,43.0,14,2.11,46.1,9.3,51.6,0.65,0.567,0.528,0
AST-MED-225,Medical,1881,60,30.0,5,1.64,44.7,7.7,27.3,0.49,0.667,0.478,0
AST-GEN-919,Generator,552,36,19.7,3,2.68,73.1,43.8,42.4,1.305,0.4,1.071,0
AST-HVA-551,HVAC,1914,131,27.9,11,2.72,58.3,27.2,53.0,1.057,1.456,0.437,0
AST-HVA-912,HVAC,1030,146,66.9,4,4.87,69.9,30.8,61.8,2.269,1.622,1.949,0
AST-ELE-838,Elevator,1829,96,11.1,9,2.92,63.6,33.5,39.9,1.238,1.067,0.182,0
AST-ELE-763,Elevator,257,81,0.3,2,2.2,57.0,23.1,45.9,0.837,0.9,0.035,0
AST-LAB-809,Lab Equipment,2057,186,14.2,11,5.45,66.1,19.3,81.8,2.404,2.067,0.207,1
AST-WAT-676,Water Pump,353,118,6.5,2,5.49,59.3,28.8,64.3,2.169,1.311,0.552,0
AST-HVA-228,HVAC,1263,55,77.0,5,3.44,58.0,25.8,47.4,1.329,0.611,1.829,0
AST-MED-311,Medical,1462,64,35.1,8,1.87,40.9,7.2,61.9,0.511,0.711,0.72,0
AST-ELE-178,Elevator,311,177,9.4,1,5.83,80.7,31.9,48.8,3.136,1.967,0.907,1
AST-MED-132,Medical,2436,37,164.8,12,3.79,52.7,8.6,53.8,1.329,0.411,2.03,0
AST-LAB-261,Lab Equipment,235,159,0.0,0,3.31,56.9,17.4,39.1,1.256,1.767,0.0,0
AST-HVA-850,HVAC,800,98,17.3,4,1.83,60.9,19.3,45.1,0.743,1.089,0.649,0
AST-WAT-482,Water Pump,1876,165,36.1,9,5.33,82.0,47.7,38.1,2.915,1.833,0.577,1
AST-LAB-290,Lab Equipment,1080,51,43.3,6,1.98,39.4,13.1,64.8,0.52,0.567,1.203,0
AST-HVA-516,HVAC,2224,97,80.5,11,3.55,58.2,24.2,59.0,1.378,1.078,1.086,0
AST-WAT-571,Water Pump,49,207,0.0,0,6.31,82.2,50.3,31.1,3.455,2.3,0.0,1
AST-MED-432,Medical,97,103,0.0,0,0.88,42.1,8.9,51.1,0.246,1.144,0.0,0
AST-MED-333,Medical,2402,165,40.4,4,4.63,62.7,14.2,28.1,1.932,1.833,0.505,0
AST-MED-921,Medical,464,16,15.2,3,1.5,38.9,8.8,43.8,0.388,0.178,0.983,0
AST-HVA-116,HVAC,1258,38,38.9,6,3.0,56.6,22.4,58.8,1.132,0.422,0.928,0
AST-WAT-866,Water Pump,2458,122,8.9,18,2.97,60.6,40.2,50.5,1.199,1.356,0.109,0
AST-GEN-457,Generator,1170,216,47.5,3,7.3,93.9,41.7,57.9,4.571,2.4,1.218,1
AST-HVA-101,HVAC,467,218,6.2,3,6.64,85.0,27.8,48.6,3.764,2.422,0.398,1
AST-HVA-617,HVAC,2265,225,129.1,10,6.74,92.9,37.1,66.8,4.171,2.5,1.71,1
AST-LAB-725,Lab Equipment,495,55,52.7,5,2.59,46.3,10.7,35.2,0.8,0.611,3.194,0
AST-WAT-967,Water Pump,2431,63,51.4,12,3.93,65.1,38.0,44.7,1.708,0.7,0.634,0
AST-MED-315,Medical,2195,79,100.7,19,2.85,41.6,7.6,52.8,0.791,0.878,1.376,0
AST-ELE-179,Elevator,442,23,95.1,5,1.48,64.1,22.4,55.7,0.634,0.256,6.455,0
AST-LAB-138,Lab Equipment,802,77,69.6,6,1.85,54.7,12.0,45.2,0.675,0.856,2.603,0
AST-LAB-154,Lab Equipment,408,223,3.7,1,5.6,72.2,22.0,38.0,2.696,2.478,0.272,0
AST-LAB-393,Lab Equipment,690,99,84.6,5,3.58,46.1,11.8,57.0,1.099,1.1,3.678,0
AST-WAT-442,Water Pump,1354,73,1.5,5,3.13,55.7,35.5,52.5,1.162,0.811,0.033,0
AST-GEN-103,Generator,758,32,0.2,3,1.99,66.4,38.8,36.9,0.881,0.356,0.008,0
AST-MED-826,Medical,1056,204,26.8,7,5.29,65.7,16.2,57.4,2.315,2.267,0.761,1
AST-ELE-812,Elevator,724,37,27.9,4,2.15,58.7,26.7,52.2,0.841,0.411,1.156,0
AST-IT -391,IT Server,46,126,0.0,0,2.28,43.4,14.9,45.1,0.658,1.4,0.0,0
AST-HVA-868,HVAC,1851,64,36.4,7,2.56,59.1,22.5,26.6,1.008,0.711,0.59,0
AST-GEN-382,Generator,1606,99,81.2,11,1.96,89.2,42.5,47.2,1.168,1.1,1.517,0
AST-WAT-739,Water Pump,1424,214,27.6,5,5.53,91.9,46.4,61.3,3.391,2.378,0.581,1
AST-LAB-801,Lab Equipment,233,185,0.0,0,4.22,56.5,21.1,46.4,1.589,2.056,0.0,0
AST-LAB-151,Lab Equipment,1053,238,53.2,6,7.35,75.8,27.6,28.3,3.713,2.644,1.516,1
AST-WAT-178,Water Pump,240,114,0.0,0,2.27,56.0,28.9,42.7,0.847,1.267,0.0,0
AST-WAT-466,Water Pump,473,101,15.3,3,2.86,60.5,33.7,44.2,1.153,1.122,0.97,0
AST-GEN-176,Generator,1093,162,6.2,5,3.76,80.3,50.0,49.3,2.014,1.8,0.17,0
AST-HVA-857,HVAC,756,1,4.6,4,3.05,55.8,25.7,52.2,1.137,0.011,0.183,0
AST-GEN-398,Generator,467,125,5.3,2,3.38,83.3,45.6,73.3,1.877,1.389,0.34,0
AST-HVA-492,HVAC,2137,11,18.2,8,2.91,65.3,26.0,48.4,1.267,0.122,0.255,0
AST-MED-546,Medical,1066,171,3.8,5,3.43,55.3,15.0,25.3,1.266,1.9,0.107,0
AST-IT -849,IT Server,1405,70,8.9,8,1.8,47.8,14.0,48.5,0.572,0.778,0.19,0
AST-GEN-790,Generator,837,112,3.8,8,1.98,78.7,48.1,42.5,1.04,1.244,0.136,0
AST-ELE-922,Elevator,80,36,0.0,0,2.01,56.3,21.0,53.2,0.754,0.4,0.0,0
AST-IT -919,IT Server,305,85,36.7,2,1.21,43.2,15.4,59.6,0.349,0.944,3.61,0
AST-ELE-877,Elevator,1338,142,35.1,8,3.88,72.7,29.5,38.8,1.883,1.578,0.787,1
AST-ELE-727,Elevator,435,171,30.7,1,6.02,66.8,40.5,44.8,2.682,1.9,2.117,1
AST-LAB-661,Lab Equipment,728,145,5.6,3,3.39,59.0,14.5,50.6,1.333,1.611,0.231,0
AST-MED-281,Medical,1275,152,0.7,2,3.07,57.4,11.9,34.4,1.175,1.689,0.016,0
AST-HVA-933,HVAC,2425,221,54.5,14,6.88,85.7,35.4,47.8,3.934,2.456,0.674,1
AST-ELE-205,Elevator,1189,41,29.5,7,2.25,52.6,33.7,25.3,0.789,0.456,0.744,0
AST-IT -376,IT Server,2093,29,12.5,10,1.75,58.0,16.0,24.4,0.675,0.322,0.179,0
AST-MED-107,Medical,374,56,31.8,4,1.29,44.1,8.5,58.4,0.379,0.622,2.551,0
AST-MED-810,Medical,1655,231,24.4,7,6.66,71.7,20.5,56.2,3.184,2.567,0.442,1
AST-GEN-694,Generator,525,73,11.0,3,2.67,59.8,52.8,63.9,1.067,0.811,0.629,0
AST-LAB-429,Lab Equipment,660,2,9.4,6,1.44,45.2,12.6,20.0,0.433,0.022,0.427,0
AST-WAT-266,Water Pump,155,28,2.1,1,4.26,76.9,33.6,42.6,2.185,0.311,0.406,0
AST-HVA-255,HVAC,241,159,0.0,0,4.29,68.7,27.6,49.0,1.964,1.767,0.0,0
AST-ELE-409,Elevator,1288,112,19.3,5,2.65,76.0,33.6,35.6,1.342,1.244,0.45,0
AST-IT -625,IT Server,2162,101,14.0,13,1.62,48.6,13.8,36.7,0.525,1.122,0.194,0
AST-IT -404,IT Server,2257,19,5.5,10,1.66,51.0,10.5,49.2,0.565,0.211,0.073,0
AST-GEN-574,Generator,794,205,1.8,2,6.64,97.4,46.0,51.7,4.315,2.278,0.068,1
AST-GEN-777,Generator,1609,118,101.7,6,4.24,93.1,40.5,45.9,2.636,1.311,1.896,1
AST-MED-721,Medical,446,234,5.7,5,5.63,68.2,18.7,29.5,2.558,2.6,0.383,1
AST-MED-810,Medical,2392,32,20.0,13,2.16,36.6,8.0,45.4,0.527,0.356,0.251,0
AST-MED-295,Medical,642,185,17.4,4,4.81,55.0,16.3,60.8,1.763,2.056,0.813,1
AST-ELE-126,Elevator,419,26,7.1,3,2.43,61.4,17.1,63.3,0.995,0.289,0.508,0
AST-IT -422,IT Server,592,56,3.0,3,1.36,43.6,15.6,53.6,0.394,0.622,0.152,0
AST-LAB-948,Lab Equipment,2215,197,16.7,13,4.67,73.9,20.0,46.6,2.302,2.189,0.226,1
AST-GEN-396,Generator,779,140,2.6,1,2.2,76.4,44.1,61.2,1.123,1.556,0.1,0
AST-ELE-112,Elevator,543,38,10.3,1,3.01,69.0,34.9,53.0,1.386,0.422,0.569,0
AST-ELE-357,Elevator,1646,45,23.1,6,3.04,61.7,26.5,48.2,1.25,0.5,0.421,0
AST-LAB-953,Lab Equipment,364,162,2.0,2,2.83,51.9,17.6,44.8,0.979,1.8,0.165,0
AST-WAT-261,Water Pump,71,36,0.0,0,1.63,46.0,33.7,60.0,0.499,0.4,0.0,0
AST-WAT-875,Water Pump,1066,41,5.0,4,1.76,59.3,31.6,77.0,0.697,0.456,0.141,0
AST-LAB-551,Lab Equipment,191,209,15.8,2,4.5,70.7,22.1,41.6,2.122,2.322,2.482,0
AST-LAB-130,Lab Equipment,1303,198,10.2,7,4.48,70.0,24.3,78.7,2.087,2.2,0.235,1
AST-ELE-302,Elevator,2446,193,92.1,15,6.33,90.7,35.1,53.2,3.83,2.144,1.13,1
AST-ELE-823,Elevator,1777,182,34.3,9,5.38,80.6,44.7,62.1,2.89,2.022,0.579,1
AST-LAB-409,Lab Equipment,242,139,0.0,0,2.38,53.4,16.5,53.1,0.847,1.544,0.0,0
AST-WAT-611,Water Pump,2023,221,53.2,13,6.52,100.3,51.1,66.0,4.361,2.456,0.789,1
AST-HVA-559,HVAC,1414,46,25.0,3,2.8,60.6,22.0,59.3,1.13,0.511,0.53,0
AST-WAT-804,Water Pump,242,6,4.0,1,1.98,60.8,31.0,61.2,0.8,0.067,0.496,0
AST-GEN-815,Generator,176,226,14.5,1,6.69,105.9,48.1,66.0,4.724,2.511,2.472,1
AST-WAT-174,Water Pump,106,177,13.3,1,5.89,71.9,36.6,35.2,2.826,1.967,3.764,0
AST-WAT-872,Water Pump,2480,183,214.6,15,8.06,98.4,36.9,20.0,5.292,2.033,2.596,1
AST-GEN-390,Generator,1922,206,44.8,13,5.81,94.9,52.5,23.4,3.678,2.289,0.699,1
AST-MED-383,Medical,778,111,46.5,6,2.17,41.5,9.9,25.9,0.602,1.233,1.793,0
AST-HVA-547,HVAC,2208,152,256.2,12,5.35,76.9,25.2,32.3,2.745,1.689,3.481,1
AST-IT -282,IT Server,2018,217,33.9,8,5.78,82.6,23.3,47.6,3.186,2.411,0.504,1
AST-ELE-871,Elevator,988,149,6.1,5,4.38,58.4,32.0,36.7,1.707,1.656,0.185,0
AST-ELE-289,Elevator,929,143,11.7,5,3.6,67.0,29.8,56.5,1.61,1.589,0.378,0
AST-WAT-664,Water Pump,723,204,4.9,2,5.2,83.8,32.5,38.5,2.902,2.267,0.203,0
AST-IT -295,IT Server,1591,166,7.9,9,3.82,65.1,20.3,51.3,1.657,1.844,0.149,1
AST-ELE-741,Elevator,711,199,16.4,2,5.42,75.9,40.3,67.4,2.743,2.211,0.692,0
AST-IT -766,IT Server,1776,133,46.0,9,3.47,62.5,17.6,46.7,1.447,1.478,0.777,1
AST-ELE-140,Elevator,1153,47,6.4,6,1.44,45.4,31.7,53.1,0.436,0.522,0.167,0
AST-GEN-460,Generator,1900,198,72.1,11,6.53,94.5,45.9,24.5,4.114,2.2,1.138,1
AST-HVA-633,HVAC,2496,95,182.5,18,4.07,71.0,21.8,47.2,1.925,1.056,2.194,1
AST-HVA-940,HVAC,360,186,1.0,4,4.28,65.1,29.2,50.1,1.858,2.067,0.083,0
AST-IT -707,IT Server,796,173,68.4,3,3.89,69.3,21.8,41.3,1.795,1.922,2.578,1
AST-GEN-426,Generator,1051,80,0.2,6,3.36,72.5,34.2,62.0,1.625,0.889,0.006,0
AST-ELE-158,Elevator,1447,2,17.4,9,2.28,62.3,32.6,38.3,0.947,0.022,0.361,0
AST-WAT-771,Water Pump,43,127,3.1,1,3.63,53.5,28.9,60.2,1.296,1.411,2.163,0
AST-HVA-840,HVAC,2317,142,39.1,12,3.75,70.3,30.5,44.0,1.756,1.578,0.506,0
AST-MED-679,Medical,1187,169,23.3,14,4.51,57.8,13.8,31.4,1.737,1.878,0.589,0
AST-IT -911,IT Server,1666,51,223.1,11,2.29,48.1,14.6,43.6,0.734,0.567,4.017,0
AST-LAB-486,Lab Equipment,2096,107,0.1,7,2.71,49.1,12.0,59.4,0.889,1.189,0.001,0
AST-LAB-228,Lab Equipment,319,61,0.6,1,1.75,48.1,14.4,48.2,0.562,0.678,0.056,0
AST-HVA-931,HVAC,1362,234,93.8,5,8.08,100.5,33.5,77.4,5.416,2.6,2.066,1
AST-HVA-725,HVAC,1083,142,83.2,7,4.56,67.4,27.5,56.9,2.048,1.578,2.305,1
AST-MED-384,Medical,731,42,25.3,2,1.16,43.9,8.2,74.2,0.339,0.467,1.038,0
AST-IT -440,IT Server,1408,26,70.6,10,2.14,47.3,19.4,46.4,0.674,0.289,1.504,0
AST-WAT-944,Water Pump,803,182,1.3,2,5.82,76.6,29.0,56.3,2.969,2.022,0.049,1
AST-MED-727,Medical,305,90,8.5,2,1.18,39.2,7.3,64.2,0.307,1.0,0.836,0
AST-IT -523,IT Server,882,169,3.0,5,3.34,66.6,20.3,44.8,1.48,1.878,0.102,0
AST-HVA-865,HVAC,437,7,5.1,3,2.26,49.8,19.2,52.7,0.75,0.078,0.35,0
AST-LAB-416,Lab Equipment,1433,28,9.3,7,1.67,45.2,8.8,49.7,0.504,0.311,0.195,0
AST-WAT-926,Water Pump,1786,59,156.8,9,6.4,72.4,24.7,68.4,3.091,0.656,2.634,1
AST-MED-851,Medical,70,219,0.0,0,4.53,62.1,17.6,48.9,1.876,2.433,0.0,0
AST-HVA-357,HVAC,295,126,13.4,2,4.32,71.0,15.5,39.2,2.044,1.4,1.363,0
AST-GEN-244,Generator,1001,67,2.2,7,2.55,74.0,34.3,79.2,1.257,0.744,0.066,0
AST-WAT-818,Water Pump,2024,216,53.4,12,7.92,81.8,36.6,62.2,4.318,2.4,0.792,1
AST-WAT-577,Water Pump,191,182,0.0,0,6.35,89.1,47.2,58.4,3.77,2.022,0.0,1
AST-WAT-794,Water Pump,736,56,42.7,3,1.99,54.0,33.2,41.7,0.717,0.622,1.74,0
AST-IT -214,IT Server,603,133,21.7,2,2.53,48.6,20.9,51.7,0.82,1.478,1.08,0
AST-HVA-911,HVAC,2185,209,1.7,9,6.13,91.0,27.0,28.8,3.721,2.322,0.023,1
AST-ELE-683,Elevator,972,91,10.1,2,3.26,54.7,23.0,55.2,1.189,1.011,0.312,0
AST-MED-790,Medical,1845,190,47.6,7,4.7,65.3,17.6,52.1,2.047,2.111,0.774,1
AST-ELE-427,Elevator,599,211,5.0,1,6.17,78.8,47.6,55.0,3.241,2.344,0.25,1
AST-GEN-551,Generator,1329,149,21.9,2,4.19,88.9,46.0,53.3,2.482,1.656,0.494,1
AST-WAT-977,Water Pump,2069,229,205.3,13,9.15,99.4,46.0,44.7,6.063,2.544,2.977,1
AST-HVA-189,HVAC,1282,156,34.9,6,4.45,66.6,20.2,42.8,1.977,1.733,0.817,0
AST-GEN-344,Generator,460,230,7.2,2,7.05,100.2,49.0,68.2,4.705,2.556,0.47,1
AST-IT -615,IT Server,1679,42,14.2,13,1.7,62.2,15.4,50.2,0.704,0.467,0.254,0
AST-HVA-936,HVAC,1799,188,6.8,5,5.74,87.6,24.4,37.9,3.352,2.089,0.113,1
AST-WAT-695,Water Pump,1092,173,77.5,8,4.74,69.2,35.6,45.5,2.184,1.922,2.129,0
AST-HVA-340,HVAC,2211,25,26.7,12,2.98,58.5,24.5,60.8,1.162,0.278,0.362,0
AST-HVA-349,HVAC,1740,77,20.7,8,3.14,50.9,27.1,49.2,1.066,0.856,0.357,0
AST-MED-832,Medical,409,174,0.0,0,3.63,48.2,13.2,42.7,1.167,1.933,0.0,0
AST-HVA-232,HVAC,307,129,75.2,5,4.29,68.2,17.9,35.6,1.951,1.433,7.349,1
AST-HVA-823,HVAC,1065,7,60.0,4,3.45,58.8,22.7,37.6,1.352,0.078,1.69,0
AST-LAB-146,Lab Equipment,581,133,8.3,2,3.22,52.6,14.7,39.6,1.131,1.478,0.429,0
AST-LAB-164,Lab Equipment,1769,163,22.8,9,4.67,66.6,18.7,48.8,2.075,1.811,0.387,0
AST-IT -556,IT Server,814,48,2.2,6,1.34,51.4,16.3,60.2,0.46,0.533,0.081,0
AST-MED-681,Medical,2380,123,86.7,14,3.66,55.0,10.7,43.1,1.345,1.367,1.093,0
AST-WAT-111,Water Pump,888,171,7.9,1,4.42,88.0,38.6,35.6,2.59,1.9,0.267,1
AST-HVA-386,HVAC,798,165,8.1,3,3.43,79.6,23.1,51.4,1.817,1.833,0.305,0
AST-LAB-361,Lab Equipment,902,186,57.5,8,4.65,57.0,21.2,54.9,1.77,2.067,1.912,1
AST-MED-232,Medical,457,12,15.5,3,1.57,35.5,8.3,25.0,0.37,0.133,1.018,0
AST-HVA-991,HVAC,214,207,3.0,3,5.64,80.2,32.7,36.8,3.013,2.3,0.421,1
AST-WAT-504,Water Pump,37,17,0.0,0,2.92,65.6,36.6,64.8,1.276,0.189,0.0,0
AST-MED-213,Medical,846,32,26.5,7,1.67,39.3,8.3,85.0,0.438,0.356,0.94,0
AST-MED-441,Medical,1894,147,25.8,7,3.67,55.8,14.7,47.3,1.365,1.633,0.409,0
AST-HVA-838,HVAC,1964,195,71.7,11,5.82,87.2,33.1,37.3,3.384,2.167,1.095,1
AST-GEN-801,Generator,553,174,74.5,3,4.97,90.3,54.6,59.8,2.992,1.933,4.042,1
AST-MED-533,Medical,1931,34,133.9,15,3.1,37.9,6.7,53.4,0.783,0.378,2.08,0
AST-LAB-486,Lab Equipment,344,182,5.7,2,4.13,64.1,20.3,60.6,1.764,2.022,0.497,0
AST-WAT-714,Water Pump,2320,150,157.7,17,6.02,80.8,41.2,33.7,3.244,1.667,2.039,1
AST-ELE-667,Elevator,1889,126,141.5,13,5.96,77.1,28.1,55.1,3.064,1.4,2.247,1
AST-ELE-548,Elevator,1549,222,13.7,5,5.26,88.3,40.4,65.1,3.096,2.467,0.265,1
AST-IT -591,IT Server,1933,169,48.7,12,4.33,54.4,20.5,72.6,1.568,1.878,0.756,1
AST-WAT-318,Water Pump,2229,22,79.0,6,4.21,71.2,34.6,62.4,2.0,0.244,1.063,0
AST-IT -328,IT Server,1899,165,160.3,10,4.9,72.1,24.9,58.5,2.354,1.833,2.532,1
AST-GEN-142,Generator,1167,130,23.4,4,4.91,78.7,52.5,74.4,2.575,1.444,0.602,1
AST-HVA-381,HVAC,1509,30,41.8,10,2.05,56.4,20.4,36.1,0.771,0.333,0.831,0
AST-MED-449,Medical,2083,105,9.8,11,2.84,46.9,7.1,54.5,0.888,1.167,0.141,0
AST-WAT-948,Water Pump,376,166,13.2,2,4.43,68.4,38.4,59.3,2.023,1.844,1.053,0
AST-LAB-948,Lab Equipment,944,72,37.0,3,2.54,44.9,12.4,63.4,0.76,0.8,1.176,0
AST-IT -802,IT Server,155,128,0.0,0,2.21,44.2,14.5,29.9,0.651,1.422,0.0,0
AST-IT -773,IT Server,1679,200,49.1,8,5.3,81.8,27.1,54.9,2.893,2.222,0.877,1
AST-ELE-141,Elevator,1045,161,6.6,9,6.1,65.0,37.9,73.8,2.643,1.789,0.189,0
AST-HVA-456,HVAC,2014,207,11.4,8,6.36,86.1,28.4,27.7,3.65,2.3,0.17,1
AST-MED-734,Medical,819,233,2.0,4,5.55,68.2,19.7,59.3,2.524,2.589,0.073,1
AST-WAT-652,Water Pump,1362,62,12.8,5,1.82,52.2,31.6,62.5,0.635,0.689,0.282,0
AST-ELE-243,Elevator,165,93,2.2,1,1.68,59.7,25.1,55.3,0.671,1.033,0.4,0
AST-WAT-413,Water Pump,2491,49,6.5,16,4.67,69.9,28.5,37.3,2.175,0.544,0.078,0
AST-IT -287,IT Server,1865,21,198.3,13,2.92,62.2,15.1,49.1,1.21,0.233,3.19,0
AST-MED-357,Medical,157,106,11.3,2,1.72,50.2,9.2,68.6,0.577,1.178,2.159,0
AST-MED-967,Medical,1752,230,11.4,3,5.8,69.8,20.6,39.6,2.701,2.556,0.195,1
AST-GEN-155,Generator,1947,163,9.4,14,4.28,100.1,74.7,73.6,2.854,1.811,0.145,1
AST-MED-301,Medical,1908,144,45.9,9,3.63,54.0,11.0,57.2,1.307,1.6,0.722,0
AST-GEN-156,Generator,1448,92,23.2,4,3.7,69.4,45.1,60.2,1.712,1.022,0.481,0
AST-MED-836,Medical,1408,194,4.3,8,4.38,62.2,17.0,54.3,1.813,2.156,0.092,1
AST-MED-373,Medical,1186,240,0.4,1,5.96,64.3,19.9,53.3,2.555,2.667,0.01,0
AST-HVA-560,HVAC,2144,182,81.2,14,6.55,88.4,32.1,63.6,3.858,2.022,1.136,1
AST-LAB-566,Lab Equipment,1946,179,43.4,12,4.93,59.1,17.8,60.3,1.942,1.989,0.669,0
AST-WAT-638,Water Pump,2233,206,187.6,16,8.8,96.8,33.3,40.2,5.683,2.289,2.52,1
AST-GEN-759,Generator,584,205,24.4,5,6.4,94.7,48.8,60.2,4.04,2.278,1.253,1
AST-HVA-858,HVAC,188,117,0.0,0,2.88,52.9,24.7,40.6,1.016,1.3,0.0,0
AST-ELE-782,Elevator,67,237,47.6,3,6.37,78.7,40.5,40.6,3.34,2.633,21.313,1
AST-WAT-874,Water Pump,1301,127,45.7,4,4.04,72.6,41.1,45.3,1.953,1.411,1.054,0
AST-HVA-227,HVAC,741,76,161.3,10,3.78,57.4,22.5,47.1,1.45,0.844,6.53,1
AST-ELE-554,Elevator,1533,172,15.9,12,6.11,93.7,34.4,51.3,3.813,1.911,0.311,1
AST-ELE-115,Elevator,1174,25,1.5,10,2.05,62.3,25.1,25.6,0.85,0.278,0.038,0
AST-HVA-810,HVAC,1302,142,21.4,6,4.05,69.6,32.8,56.4,1.877,1.578,0.493,0
AST-LAB-183,Lab Equipment,2167,108,15.5,8,2.93,43.3,12.5,78.8,0.843,1.2,0.215,0
AST-MED-252,Medical,1805,33,65.8,12,2.93,50.6,8.4,39.7,0.987,0.367,1.094,0
AST-MED-943,Medical,2068,16,37.8,8,2.18,44.2,6.6,46.5,0.642,0.178,0.548,0
AST-IT -661,IT Server,1727,121,17.9,7,2.49,50.0,20.5,29.4,0.831,1.344,0.311,0
AST-WAT-116,Water Pump,511,129,46.5,5,3.93,69.6,34.0,46.7,1.826,1.433,2.73,0
AST-WAT-114,Water Pump,975,63,15.4,9,1.85,56.0,35.0,65.4,0.692,0.7,0.474,0
AST-LAB-895,Lab Equipment,222,178,48.2,3,4.44,63.4,15.4,56.1,1.876,1.978,6.514,1
AST-MED-329,Medical,149,119,3.3,2,2.26,41.4,10.2,44.3,0.624,1.322,0.664,0
AST-MED-960,Medical,1570,169,8.7,9,4.4,63.9,12.2,50.4,1.875,1.878,0.166,0
AST-IT -679,IT Server,2007,169,135.1,16,4.9,79.3,21.6,51.5,2.592,1.878,2.019,1
AST-IT -930,IT Server,275,194,1.0,1,4.15,57.8,28.1,78.3,1.598,2.156,0.109,0
AST-WAT-158,Water Pump,1098,205,1.9,1,5.67,75.6,43.2,65.3,2.857,2.278,0.052,0
AST-IT -203,IT Server,1930,114,62.2,6,2.76,56.4,18.5,47.8,1.039,1.267,0.967,0
AST-ELE-612,Elevator,2446,147,1.6,15,2.86,76.2,34.0,67.0,1.453,1.633,0.02,1
AST-LAB-961,Lab Equipment,2379,42,369.7,25,3.27,43.9,12.8,60.1,0.957,0.467,4.662,1
AST-HVA-389,HVAC,2190,32,22.7,13,2.12,52.1,23.7,65.5,0.736,0.356,0.311,0
AST-ELE-296,Elevator,272,24,37.4,3,2.92,59.8,27.5,58.8,1.164,0.267,4.125,0
AST-WAT-395,Water Pump,1033,35,35.9,5,1.34,73.1,29.1,43.3,0.655,0.389,1.043,0
AST-WAT-370,Water Pump,1493,177,12.7,12,6.02,81.2,44.0,56.0,3.262,1.967,0.255,1
AST-MED-199,Medical,2119,202,304.7,12,5.87,67.9,16.0,58.3,2.658,2.244,4.314,1
AST-LAB-476,Lab Equipment,2465,21,13.7,9,2.27,44.5,11.6,39.6,0.675,0.233,0.167,0
AST-LAB-158,Lab Equipment,118,63,12.9,1,1.63,37.2,14.5,36.2,0.405,0.7,3.28,0
AST-WAT-571,Water Pump,1139,51,20.1,7,1.9,53.0,28.8,42.3,0.672,0.567,0.529,0
AST-GEN-462,Generator,1591,207,73.5,6,7.25,96.4,62.0,55.9,4.659,2.3,1.386,1
AST-MED-129,Medical,1384,54,22.6,5,1.5,39.7,8.9,39.2,0.397,0.6,0.49,0
AST-MED-193,Medical,664,53,0.7,3,1.21,44.3,6.8,70.4,0.357,0.589,0.032,0
AST-WAT-444,Water Pump,1086,28,7.8,3,2.48,57.3,32.3,64.2,0.95,0.311,0.215,0
AST-HVA-706,HVAC,140,164,6.4,1,3.75,66.4,30.4,55.7,1.66,1.822,1.371,0
AST-LAB-111,Lab Equipment,2032,27,1.1,12,1.66,45.0,12.6,57.1,0.497,0.3,0.016,0
AST-LAB-765,Lab Equipment,2418,53,18.2,13,1.97,53.5,12.7,39.7,0.701,0.589,0.226,0
AST-HVA-469,HVAC,556,46,16.6,6,2.16,55.6,21.7,59.6,0.8,0.511,0.896,0
AST-ELE-416,Elevator,1114,42,10.0,5,1.28,51.6,25.2,32.4,0.441,0.467,0.269,0
AST-LAB-902,Lab Equipment,1822,168,20.4,12,4.64,67.8,19.8,55.0,2.098,1.867,0.336,0
AST-GEN-866,Generator,1527,209,70.0,8,6.46,87.3,60.4,43.2,3.76,2.322,1.375,1
AST-MED-785,Medical,587,81,30.4,3,1.25,44.9,7.9,29.0,0.374,0.9,1.554,0
AST-HVA-226,HVAC,1706,28,36.4,8,1.91,69.0,20.8,39.9,0.879,0.311,0.64,0
AST-MED-784,Medical,2368,184,48.3,12,5.33,64.0,16.1,44.2,2.273,2.044,0.612,1
AST-MED-852,Medical,610,106,16.9,3,2.18,44.2,9.4,53.5,0.643,1.178,0.831,0
AST-HVA-646,HVAC,1157,218,7.3,5,6.09,78.8,33.3,48.9,3.2,2.422,0.189,1
AST-MED-314,Medical,1826,196,37.5,11,5.47,62.6,18.2,53.6,2.281,2.178,0.616,0
AST-MED-648,Medical,661,103,25.5,3,2.41,46.3,10.1,46.1,0.744,1.144,1.157,0
AST-ELE-756,Elevator,1540,16,14.5,14,2.55,59.0,28.4,28.8,1.005,0.178,0.282,0
AST-MED-971,Medical,2407,210,73.4,16,6.09,74.2,18.8,46.1,3.015,2.333,0.915,1
AST-MED-132,Medical,779,205,0.8,1,5.07,70.6,17.5,59.8,2.384,2.278,0.031,1
AST-GEN-455,Generator,2303,95,76.0,12,4.74,68.9,38.9,58.2,2.175,1.056,0.99,1
AST-WAT-456,Water Pump,2123,15,253.5,13,3.35,89.9,25.7,34.9,2.007,0.167,3.582,1
AST-ELE-854,Elevator,1395,225,38.7,10,5.89,79.3,38.6,35.2,3.11,2.5,0.832,1
AST-IT -630,IT Server,153,87,17.8,2,0.8,48.8,16.1,65.9,0.259,0.967,3.49,0
AST-WAT-607,Water Pump,1324,12,45.6,8,4.22,67.7,25.9,41.5,1.904,0.133,1.033,0
AST-ELE-781,Elevator,2112,23,14.9,8,3.85,58.7,35.4,36.9,1.506,0.256,0.212,0
AST-ELE-940,Elevator,1877,207,8.7,12,6.88,81.6,35.5,64.6,3.743,2.3,0.139,1
AST-MED-907,Medical,1237,234,16.2,9,6.15,61.4,19.3,57.1,2.518,2.6,0.393,1
AST-GEN-387,Generator,1968,127,39.0,10,4.01,81.5,52.7,50.3,2.18,1.411,0.595,1
AST-MED-392,Medical,1150,145,9.0,6,2.77,55.8,13.0,63.0,1.029,1.611,0.235,0
AST-WAT-701,Water Pump,1034,9,10.2,2,3.05,70.0,38.7,34.0,1.425,0.1,0.296,0
AST-MED-926,Medical,246,13,9.6,2,1.32,34.4,8.6,67.4,0.303,0.144,1.171,0
AST-LAB-681,Lab Equipment,2209,224,48.5,13,6.3,76.2,21.4,56.7,3.199,2.489,0.659,1
AST-GEN-499,Generator,1249,140,29.0,7,4.5,80.1,53.9,31.3,2.405,1.556,0.697,1
AST-ELE-787,Elevator,1903,94,12.3,6,3.38,46.6,31.9,20.0,1.051,1.044,0.194,0
AST-WAT-312,Water Pump,2065,119,104.7,13,4.63,75.3,32.1,59.1,2.326,1.322,1.521,1
AST-WAT-935,Water Pump,2333,91,53.3,17,3.23,52.9,27.6,51.5,1.14,1.011,0.685,0
AST-WAT-397,Water Pump,1585,6,37.7,5,3.64,73.4,23.4,66.2,1.782,0.067,0.714,0
AST-GEN-224,Generator,120,227,0.0,0,7.45,95.8,58.8,25.7,4.758,2.522,0.0,1
AST-HVA-579,HVAC,673,221,1.3,2,6.55,76.9,30.4,36.4,3.359,2.456,0.058,1
AST-WAT-462,Water Pump,841,155,0.3,5,5.93,66.6,34.5,69.9,2.635,1.722,0.011,0
AST-HVA-873,HVAC,1808,16,9.5,12,2.32,55.8,26.7,45.0,0.861,0.178,0.158,0
AST-IT -974,IT Server,941,37,23.2,5,1.22,51.7,15.7,44.3,0.422,0.411,0.74,0
AST-ELE-358,Elevator,1949,8,22.0,4,2.42,62.3,26.5,59.2,1.006,0.089,0.339,0
AST-GEN-506,Generator,587,93,27.1,3,2.33,68.9,48.5,52.7,1.07,1.033,1.385,0
AST-WAT-206,Water Pump,1983,76,47.7,16,3.13,52.2,31.4,43.1,1.088,0.844,0.722,0
AST-ELE-503,Elevator,262,56,19.9,2,1.83,56.0,32.6,43.8,0.682,0.622,2.279,0
AST-HVA-764,HVAC,976,192,78.6,5,6.28,73.4,32.7,59.7,3.075,2.133,2.416,1
AST-ELE-895,Elevator,2424,77,144.9,14,4.63,73.1,25.8,69.2,2.258,0.856,1.793,1
AST-ELE-711,Elevator,2112,240,126.0,13,8.91,101.3,34.7,27.8,6.019,2.667,1.79,1
AST-MED-258,Medical,1913,143,21.6,7,3.79,60.6,12.2,52.8,1.532,1.589,0.339,0
AST-GEN-802,Generator,1024,110,20.1,8,3.38,76.4,38.8,63.0,1.721,1.222,0.589,1
AST-WAT-611,Water Pump,2452,234,163.1,10,7.62,114.1,42.0,72.8,5.802,2.6,1.996,1
AST-LAB-843,Lab Equipment,1105,87,12.5,5,1.75,42.3,11.1,62.6,0.495,0.967,0.339,0
AST-MED-719,Medical,1481,183,8.1,6,4.89,63.2,15.4,44.0,2.062,2.033,0.164,0
AST-WAT-567,Water Pump,2106,225,30.4,12,5.39,72.4,42.3,52.6,2.599,2.5,0.433,1
AST-LAB-842,Lab Equipment,820,186,25.9,6,4.88,67.9,16.1,51.6,2.206,2.067,0.948,1
AST-ELE-995,Elevator,1209,175,10.7,2,4.86,78.7,32.5,62.9,2.548,1.944,0.266,0
AST-ELE-920,Elevator,618,113,4.6,3,3.8,64.9,31.8,47.8,1.643,1.256,0.223,0
AST-IT -334,IT Server,573,218,15.1,2,5.15,70.2,25.7,48.1,2.411,2.422,0.791,1
AST-ELE-386,Elevator,126,42,0.0,0,1.69,45.0,28.9,57.3,0.506,0.467,0.0,0
AST-GEN-503,Generator,559,122,45.1,3,3.88,74.5,58.6,68.0,1.927,1.356,2.42,0
AST-LAB-518,Lab Equipment,1138,182,1.4,8,4.34,65.1,18.5,62.5,1.881,2.022,0.037,1
AST-ELE-383,Elevator,195,72,0.0,0,0.96,61.9,30.4,50.1,0.395,0.8,0.0,0
AST-LAB-444,Lab Equipment,1531,26,69.4,12,2.35,43.8,10.9,61.7,0.685,0.289,1.36,0
AST-IT -486,IT Server,977,130,10.2,3,2.43,43.9,19.9,50.4,0.711,1.444,0.313,0
AST-HVA-116,HVAC,1464,2,8.5,12,2.68,53.3,17.6,47.6,0.953,0.022,0.174,0
AST-ELE-990,Elevator,567,137,38.2,3,3.29,67.3,29.2,38.4,1.474,1.522,2.021,0
AST-GEN-138,Generator,1983,199,34.6,12,6.88,109.2,58.0,57.8,5.01,2.211,0.523,1
AST-ELE-751,Elevator,1416,151,35.6,6,4.58,73.0,40.6,60.4,2.23,1.678,0.754,1
AST-WAT-638,Water Pump,582,114,23.1,4,3.87,56.4,34.8,41.9,1.455,1.267,1.191,0
AST-LAB-602,Lab Equipment,2002,204,6.8,12,4.54,77.8,20.3,28.6,2.356,2.267,0.102,1
AST-GEN-739,Generator,890,82,0.9,1,1.08,73.5,49.3,34.4,0.53,0.911,0.03,0
AST-GEN-870,Generator,968,210,101.7,9,7.56,90.2,47.0,62.1,4.548,2.333,3.152,1
AST-LAB-298,Lab Equipment,575,184,0.7,4,4.35,67.5,21.6,42.7,1.958,2.044,0.037,0
AST-GEN-722,Generator,1743,198,37.8,12,6.19,108.8,52.9,50.8,4.492,2.2,0.651,1
AST-GEN-181,Generator,1441,31,17.9,7,3.58,74.0,46.0,58.0,1.768,0.344,0.373,1
AST-GEN-488,Generator,35,126,2.5,1,2.31,76.5,41.0,42.7,1.18,1.4,2.143,0
AST-GEN-169,Generator,1084,50,53.2,6,4.43,80.9,39.8,56.1,2.388,0.556,1.472,0
AST-ELE-357,Elevator,2167,99,147.9,13,3.88,75.3,18.5,69.2,1.947,1.1,2.048,0
AST-IT -782,IT Server,1597,203,3.4,12,4.84,69.6,29.1,43.5,2.244,2.256,0.064,0
AST-MED-321,Medical,2064,18,121.2,12,2.74,49.0,9.2,53.7,0.896,0.2,1.762,0
AST-MED-587,Medical,1048,29,3.3,9,1.32,42.3,6.5,53.8,0.373,0.322,0.094,0
AST-MED-285,Medical,47,144,0.0,0,2.88,51.6,11.9,67.4,0.991,1.6,0.0,0
AST-GEN-167,Generator,2307,117,50.1,12,3.47,84.1,48.1,60.4,1.945,1.3,0.651,1
AST-ELE-929,Elevator,2357,93,134.1,17,4.15,75.0,34.7,27.9,2.077,1.033,1.707,1
AST-IT -314,IT Server,984,120,7.2,2,1.72,59.9,14.5,49.2,0.686,1.333,0.22,0
AST-WAT-333,Water Pump,461,34,0.0,0,3.11,56.2,28.6,32.5,1.166,0.378,0.0,0
AST-GEN-381,Generator,380,190,0.0,0,4.57,92.4,39.8,70.1,2.816,2.111,0.0,1
AST-MED-152,Medical,684,176,23.5,2,4.39,54.1,14.0,57.1,1.582,1.956,1.031,0
AST-ELE-482,Elevator,139,135,11.3,2,3.14,60.9,37.2,66.7,1.275,1.5,2.439,0
AST-IT -833,IT Server,105,1,9.2,1,0.79,49.5,14.8,49.8,0.26,0.011,2.629,0
AST-LAB-254,Lab Equipment,737,8,6.2,4,1.27,38.3,15.6,50.1,0.324,0.089,0.252,0
AST-ELE-589,Elevator,379,224,0.9,1,6.71,87.5,38.7,52.9,3.915,2.489,0.071,1
AST-WAT-224,Water Pump,2169,150,4.4,9,4.74,88.0,33.2,55.9,2.78,1.667,0.061,0
AST-MED-455,Medical,767,63,20.0,6,1.43,38.0,6.8,25.2,0.363,0.7,0.782,0
AST-ELE-816,Elevator,1354,146,59.2,7,4.85,76.8,29.9,48.4,2.481,1.622,1.312,1
AST-HVA-234,HVAC,990,54,36.9,3,1.24,59.9,22.8,31.5,0.495,0.6,1.118,0
AST-MED-930,Medical,2143,185,14.7,8,4.91,66.0,16.4,31.9,2.162,2.056,0.206,1
AST-MED-217,Medical,1915,93,161.4,16,2.81,56.5,5.4,24.7,1.059,1.033,2.528,1
AST-IT -130,IT Server,839,43,41.1,3,1.26,53.9,15.8,51.8,0.453,0.478,1.47,0
AST-WAT-664,Water Pump,2183,138,33.2,7,5.62,71.6,38.6,45.9,2.681,1.533,0.456,1
AST-LAB-984,Lab Equipment,42,227,0.6,1,5.05,77.8,23.8,48.5,2.62,2.522,0.429,0
AST-HVA-576,HVAC,1407,4,4.9,6,2.54,43.4,24.6,58.8,0.736,0.044,0.104,0
AST-WAT-851,Water Pump,1175,32,31.1,7,3.93,59.4,20.6,45.8,1.554,0.356,0.794,0
AST-HVA-148,HVAC,1847,132,184.4,6,4.55,78.7,21.9,65.3,2.389,1.467,2.995,1
AST-LAB-605,Lab Equipment,1461,133,2.7,4,3.07,48.7,16.3,53.2,0.996,1.478,0.055,0
AST-LAB-432,Lab Equipment,1425,175,25.1,3,4.61,72.8,18.4,55.1,2.238,1.944,0.528,1
AST-HVA-701,HVAC,1417,148,117.1,5,5.33,78.1,18.5,51.6,2.777,1.644,2.479,1
AST-MED-443,Medical,206,76,13.1,1,1.14,45.1,8.9,58.5,0.343,0.844,1.908,0
AST-LAB-280,Lab Equipment,1046,101,5.7,8,2.32,46.1,11.8,64.4,0.712,1.122,0.163,0
AST-MED-793,Medical,1641,33,36.9,13,2.07,44.7,7.4,49.0,0.617,0.367,0.675,0
AST-IT -539,IT Server,1419,27,93.6,10,2.31,54.8,11.3,48.1,0.844,0.3,1.979,0
AST-HVA-394,HVAC,580,11,0.0,1,1.67,59.4,22.0,75.2,0.663,0.122,0.0,0
AST-GEN-766,Generator,2296,70,18.4,14,2.92,81.8,34.9,77.3,1.591,0.778,0.24,0
AST-MED-147,Medical,1091,233,5.1,7,6.4,69.2,19.9,66.1,2.952,2.589,0.14,1
AST-HVA-598,HVAC,1611,67,9.8,8,1.75,57.8,24.8,45.2,0.673,0.744,0.182,0
AST-MED-719,Medical,854,220,22.9,5,5.7,71.7,19.2,51.6,2.725,2.444,0.804,1
AST-MED-209,Medical,1773,201,69.0,6,5.43,66.3,14.7,55.4,2.401,2.233,1.168,1
AST-ELE-870,Elevator,1576,115,38.0,8,3.75,61.9,29.4,38.3,1.549,1.278,0.723,0
AST-HVA-552,HVAC,2307,229,56.9,11,7.0,85.2,34.6,40.9,3.979,2.544,0.74,1
AST-ELE-998,Elevator,1748,145,9.8,9,3.71,74.4,30.3,38.3,1.843,1.611,0.168,0
AST-WAT-985,Water Pump,1504,137,34.7,12,6.29,72.1,36.6,35.5,3.024,1.522,0.692,1
AST-MED-735,Medical,338,193,97.5,3,5.28,74.6,16.5,63.9,2.625,2.144,8.654,1
AST-LAB-761,Lab Equipment,1818,118,55.8,9,3.47,60.0,16.1,48.2,1.388,1.311,0.921,0
AST-LAB-396,Lab Equipment,405,130,107.6,5,4.12,57.9,15.5,45.5,1.589,1.444,7.97,0
AST-GEN-768,Generator,2401,116,161.4,21,5.73,75.1,46.0,57.0,2.87,1.289,2.017,1
AST-MED-321,Medical,1891,122,53.7,18,2.96,57.3,9.5,43.4,1.132,1.356,0.852,1
AST-GEN-385,Generator,2385,55,50.7,13,2.41,61.7,46.6,43.2,0.99,0.611,0.638,0
AST-HVA-541,HVAC,1119,92,90.6,4,3.22,58.9,22.9,72.9,1.265,1.022,2.429,0
AST-IT -634,IT Server,633,238,1.1,1,5.64,78.5,26.0,71.1,2.955,2.644,0.052,0
AST-GEN-549,Generator,2268,4,52.8,9,3.51,91.3,41.1,40.3,2.139,0.044,0.698,1
AST-HVA-399,HVAC,190,124,0.0,0,2.88,55.5,19.4,48.3,1.068,1.378,0.0,0
AST-GEN-498,Generator,1441,18,168.4,7,2.5,76.7,48.7,60.0,1.28,0.2,3.506,0
AST-WAT-557,Water Pump,1558,101,0.5,7,3.28,49.8,35.8,43.6,1.09,1.122,0.01,0
AST-GEN-542,Generator,2444,36,47.9,9,5.11,80.1,39.4,45.6,2.729,0.4,0.588,0
AST-WAT-892,Water Pump,933,172,6.7,6,5.21,71.5,42.7,37.9,2.485,1.911,0.215,0
AST-ELE-262,Elevator,1953,54,113.5,10,3.83,74.6,25.4,59.0,1.906,0.6,1.743,0
AST-WAT-608,Water Pump,512,37,2.4,1,3.34,56.6,40.1,47.8,1.261,0.411,0.141,0
AST-LAB-289,Lab Equipment,326,40,16.8,1,2.16,50.5,9.5,49.5,0.726,0.444,1.546,0
AST-HVA-127,HVAC,2293,200,20.0,11,6.66,76.9,30.1,66.9,3.413,2.222,0.262,1
AST-ELE-618,Elevator,2389,90,199.2,15,3.81,64.7,28.2,66.6,1.645,1.0,2.501,1
AST-HVA-476,HVAC,988,37,101.5,6,3.02,75.0,19.3,38.4,1.509,0.411,3.082,0
AST-GEN-448,Generator,1620,98,23.7,8,3.99,75.6,39.5,56.3,2.008,1.089,0.439,1
AST-IT -652,IT Server,33,225,1.5,1,5.03,70.9,25.5,44.8,2.375,2.5,1.364,0
AST-LAB-930,Lab Equipment,2232,55,99.5,13,2.43,56.9,12.4,56.0,0.92,0.611,1.337,0
AST-IT -147,IT Server,871,8,19.8,6,1.52,43.2,15.7,38.0,0.437,0.089,0.682,0
AST-MED-174,Medical,1037,211,1.7,2,4.97,64.4,17.7,52.8,2.133,2.344,0.049,0
AST-MED-769,Medical,804,33,28.3,5,1.09,38.1,5.7,54.3,0.278,0.367,1.056,0
AST-MED-544,Medical,2225,69,40.5,9,2.33,49.9,9.5,36.8,0.775,0.767,0.546,0
AST-ELE-716,Elevator,1847,222,31.8,6,7.77,103.9,34.7,54.7,5.384,2.467,0.517,1
AST-LAB-935,Lab Equipment,143,189,13.9,2,4.65,68.5,23.5,42.1,2.124,2.1,2.916,0
AST-HVA-536,HVAC,210,7,9.7,1,1.52,50.6,18.7,51.4,0.513,0.078,1.386,0
AST-LAB-201,Lab Equipment,1168,202,37.4,6,5.23,76.7,19.4,75.7,2.674,2.244,0.961,1
AST-WAT-555,Water Pump,158,14,0.0,0,1.51,64.6,35.5,55.2,0.652,0.156,0.0,0
AST-ELE-705,Elevator,354,187,24.4,2,4.71,79.5,42.9,49.6,2.498,2.078,2.068,0
AST-LAB-416,Lab Equipment,1192,51,9.6,8,2.1,37.8,12.4,47.8,0.528,0.567,0.242,0
AST-LAB-184,Lab Equipment,1592,62,149.4,6,2.62,56.0,13.3,67.5,0.979,0.689,2.815,0
AST-ELE-569,Elevator,1818,48,26.4,9,2.82,52.3,31.8,59.8,0.983,0.533,0.436,0
AST-MED-589,Medical,2036,205,181.7,9,5.66,74.0,17.2,46.7,2.794,2.278,2.677,1
AST-HVA-856,HVAC,1361,66,10.4,4,2.07,41.9,29.2,20.0,0.579,0.733,0.229,0
AST-WAT-613,Water Pump,1820,110,36.5,6,2.31,64.4,20.6,39.5,0.993,1.222,0.602,0
AST-GEN-397,Generator,2238,186,137.8,13,7.01,96.7,52.1,51.2,4.518,2.067,1.847,1
AST-HVA-380,HVAC,727,126,8.3,3,3.37,65.6,29.2,53.3,1.476,1.4,0.343,0
AST-GEN-742,Generator,290,65,25.5,2,1.71,66.4,39.4,51.4,0.756,0.722,2.638,0
AST-ELE-718,Elevator,2090,129,51.1,11,3.25,70.6,32.3,56.9,1.529,1.433,0.733,0
AST-LAB-312,Lab Equipment,1087,176,24.5,8,4.51,68.4,16.1,42.5,2.057,1.956,0.676,0
AST-HVA-748,HVAC,689,35,8.5,2,1.76,50.5,19.8,46.4,0.594,0.389,0.37,0
AST-GEN-690,Generator,2427,214,69.2,13,7.9,99.2,58.1,42.0,5.226,2.378,0.855,1
AST-WAT-936,Water Pump,682,32,13.3,11,4.25,56.4,30.5,45.6,1.597,0.356,0.585,0
AST-WAT-124,Water Pump,88,119,0.0,0,3.57,53.0,30.6,47.4,1.262,1.322,0.0,0
AST-HVA-316,HVAC,597,170,15.7,2,4.59,77.8,29.3,56.7,2.381,1.889,0.789,0
AST-MED-835,Medical,1148,131,6.0,8,2.48,48.4,11.9,50.6,0.799,1.456,0.157,0
AST-WAT-459,Water Pump,1749,117,34.8,25,2.99,67.2,24.2,68.3,1.341,1.3,0.597,0
AST-LAB-172,Lab Equipment,1518,213,16.3,11,5.0,62.3,18.3,39.0,2.077,2.367,0.322,0
AST-MED-213,Medical,1933,167,5.4,6,4.42,54.6,13.4,66.8,1.607,1.856,0.084,0
AST-LAB-107,Lab Equipment,1245,81,51.1,7,1.99,47.5,9.1,45.8,0.63,0.9,1.231,0
AST-IT -957,IT Server,974,148,70.3,6,4.07,58.6,16.8,47.5,1.592,1.644,2.165,1
AST-HVA-511,HVAC,1300,95,7.2,5,2.29,60.9,20.7,27.4,0.93,1.056,0.166,0
AST-LAB-603,Lab Equipment,1873,193,85.6,16,6.06,74.6,22.5,64.5,3.015,2.144,1.371,1
AST-MED-936,Medical,1970,185,100.8,11,5.03,76.0,15.6,57.5,2.548,2.056,1.535,1
AST-LAB-981,Lab Equipment,1060,124,23.8,5,2.66,58.5,15.1,59.7,1.038,1.378,0.674,0
AST-HVA-675,HVAC,1475,33,0.2,7,2.57,50.3,20.4,57.0,0.862,0.367,0.004,1
AST-ELE-855,Elevator,1430,218,73.5,14,6.62,85.0,44.6,39.4,3.749,2.422,1.542,1
AST-IT -546,IT Server,1303,85,51.7,10,1.7,52.8,15.4,76.6,0.6,0.944,1.19,0
AST-GEN-172,Generator,2041,94,4.0,3,3.98,67.3,52.7,40.8,1.784,1.044,0.059,1
AST-IT -738,IT Server,2230,133,108.0,12,4.11,73.4,21.9,33.2,2.011,1.478,1.453,1
AST-GEN-707,Generator,2316,129,9.1,8,4.01,79.1,54.0,58.5,2.117,1.433,0.118,0
AST-GEN-579,Generator,1506,77,42.8,10,1.82,87.1,39.6,73.9,1.06,0.856,0.853,0
AST-GEN-270,Generator,50,111,0.0,0,3.19,78.1,61.1,42.0,1.659,1.233,0.0,0
AST-ELE-667,Elevator,1511,178,47.0,10,6.27,80.7,35.9,56.4,3.374,1.978,0.933,1
AST-IT -274,IT Server,2466,212,87.4,12,5.83,82.1,27.2,53.0,3.195,2.356,1.063,1
AST-WAT-795,Water Pump,980,166,0.7,4,6.14,78.8,45.4,63.1,3.226,1.844,0.021,1
AST-WAT-802,Water Pump,1158,9,7.1,7,2.93,53.4,32.6,37.7,1.044,0.1,0.184,0
AST-WAT-590,Water Pump,602,79,69.9,6,3.37,65.9,32.4,44.9,1.483,0.878,3.483,0
AST-LAB-307,Lab Equipment,2422,10,32.2,11,2.49,42.9,11.3,34.2,0.712,0.111,0.399,0
AST-WAT-987,Water Pump,389,66,14.1,4,1.37,58.7,33.6,80.0,0.537,0.733,1.087,0
AST-GEN-191,Generator,2258,179,9.2,10,5.93,101.4,52.2,56.7,4.008,1.989,0.122,1
AST-IT -940,IT Server,1009,62,14.1,2,1.29,36.9,11.1,53.3,0.317,0.689,0.419,0
AST-HVA-211,HVAC,488,206,30.7,3,6.3,79.0,29.7,56.7,3.32,2.289,1.887,1
AST-MED-784,Medical,117,103,0.0,0,0.99,38.7,10.9,56.7,0.254,1.144,0.0,0
AST-IT -644,IT Server,1354,88,78.8,10,1.6,56.0,13.0,56.1,0.596,0.978,1.746,0
AST-MED-480,Medical,576,179,27.2,4,4.61,56.3,17.6,47.0,1.729,1.989,1.417,0
AST-GEN-683,Generator,1638,27,81.1,9,3.25,76.6,47.7,36.9,1.66,0.3,1.485,0
AST-MED-297,Medical,1717,156,15.4,11,3.64,54.6,14.4,44.0,1.326,1.733,0.269,0
AST-MED-454,Medical,1892,182,35.5,13,5.01,65.1,17.6,44.0,2.174,2.022,0.563,0
AST-GEN-424,Generator,328,240,13.7,5,5.97,99.4,67.0,37.4,3.957,2.667,1.253,1
AST-IT -659,IT Server,848,167,8.2,3,3.59,73.3,18.5,70.4,1.752,1.856,0.29,0
AST-ELE-191,Elevator,1019,85,33.6,3,2.67,63.6,34.5,46.3,1.133,0.944,0.989,0
AST-LAB-534,Lab Equipment,1799,225,0.8,3,6.29,84.3,24.9,34.0,3.535,2.5,0.013,1
AST-GEN-927,Generator,2252,183,28.8,10,4.87,87.5,46.8,63.5,2.843,2.033,0.384,1
AST-MED-827,Medical,2230,112,312.4,12,3.22,48.9,10.1,43.6,1.05,1.244,4.203,1
AST-HVA-575,HVAC,2216,237,13.3,8,7.06,92.1,34.2,58.8,4.336,2.633,0.18,1
AST-ELE-496,Elevator,218,178,0.0,0,5.08,71.9,37.7,67.1,2.433,1.978,0.0,1
AST-IT -867,IT Server,2418,29,82.5,13,2.41,66.8,15.3,67.1,1.075,0.322,1.024,0
AST-ELE-542,Elevator,558,68,39.9,7,2.41,59.1,30.6,52.9,0.95,0.756,2.145,0
AST-IT -413,IT Server,1957,108,40.6,11,2.67,63.5,12.0,35.3,1.131,1.2,0.622,0
AST-GEN-706,Generator,832,101,22.0,7,2.67,74.3,30.9,58.9,1.322,1.122,0.793,0
AST-ELE-649,Elevator,1193,36,32.1,7,3.1,49.7,35.7,41.9,1.027,0.4,0.807,0
AST-WAT-470,Water Pump,508,125,0.3,2,2.4,59.8,36.1,43.1,0.956,1.389,0.018,0
AST-LAB-295,Lab Equipment,1808,124,17.8,8,2.93,56.0,15.6,72.3,1.094,1.378,0.295,0
AST-WAT-720,Water Pump,229,24,24.8,4,3.61,64.3,34.2,52.5,1.547,0.267,3.249,0
AST-HVA-234,HVAC,2055,209,131.9,12,7.76,96.4,31.0,43.1,4.984,2.322,1.926,1
AST-WAT-159,Water Pump,1311,220,41.7,10,7.35,99.2,45.5,33.9,4.862,2.444,0.954,1
AST-ELE-984,Elevator,551,215,0.4,1,5.46,66.5,39.5,69.0,2.417,2.389,0.022,1
AST-IT -776,IT Server,1890,41,33.6,13,1.73,51.4,12.5,57.7,0.593,0.456,0.533,0
AST-GEN-227,Generator,1526,164,22.4,9,3.3,82.1,51.5,53.1,1.807,1.822,0.44,1
AST-HVA-749,HVAC,1152,231,115.4,8,7.19,102.5,32.5,60.8,4.912,2.567,3.005,1
AST-WAT-491,Water Pump,732,212,10.5,1,6.79,84.1,45.1,48.6,3.807,2.356,0.43,1
AST-ELE-377,Elevator,1738,177,28.7,10,4.35,85.2,33.7,49.4,2.474,1.967,0.495,1
AST-HVA-196,HVAC,1630,87,426.2,14,3.39,69.1,29.5,39.2,1.563,0.967,7.844,1
AST-GEN-747,Generator,995,155,9.4,9,4.7,93.3,42.8,45.3,2.923,1.722,0.283,1
AST-ELE-461,Elevator,179,134,9.8,1,4.93,63.1,28.3,46.4,2.076,1.489,1.642,0
AST-GEN-849,Generator,568,99,0.0,0,2.13,67.1,56.9,47.0,0.954,1.1,0.0,0
AST-GEN-789,Generator,2235,24,227.9,13,5.14,79.9,53.0,31.7,2.739,0.267,3.059,1
AST-HVA-340,HVAC,249,165,3.5,2,3.34,63.0,32.8,52.1,1.402,1.833,0.422,0
AST-MED-975,Medical,2468,194,70.0,9,5.36,72.1,16.9,50.9,2.576,2.156,0.851,1
AST-MED-167,Medical,1150,229,42.2,7,6.49,70.5,19.5,51.3,3.049,2.544,1.101,1
AST-GEN-389,Generator,2197,77,16.7,10,2.74,85.1,39.3,44.9,1.553,0.856,0.228,1
AST-MED-150,Medical,2028,72,329.9,11,2.87,50.5,7.7,41.3,0.965,0.8,4.88,1
AST-WAT-863,Water Pump,2488,55,40.1,9,2.59,75.1,34.4,53.6,1.297,0.611,0.484,0
AST-GEN-288,Generator,2141,14,120.6,18,3.99,74.5,35.8,46.0,1.981,0.156,1.69,0
AST-ELE-678,Elevator,1937,7,10.5,8,2.43,60.6,21.2,53.6,0.984,0.078,0.163,0
AST-MED-104,Medical,1268,238,76.8,8,6.01,79.6,21.3,67.8,3.189,2.644,1.817,1
AST-HVA-124,HVAC,79,120,0.0,0,2.59,66.2,19.9,47.0,1.142,1.333,0.0,0
AST-ELE-670,Elevator,742,61,7.8,5,1.84,60.2,27.4,35.6,0.736,0.678,0.315,0
AST-ELE-806,Elevator,1019,238,11.6,5,7.06,86.0,41.4,37.3,4.049,2.644,0.342,1
AST-WAT-600,Water Pump,1974,162,81.2,4,4.25,94.4,33.9,44.6,2.676,1.8,1.234,1
AST-LAB-546,Lab Equipment,1482,88,30.2,7,1.91,38.5,11.7,52.8,0.491,0.978,0.611,0
AST-LAB-166,Lab Equipment,1822,33,5.7,9,1.56,39.0,12.1,55.9,0.407,0.367,0.094,0
AST-LAB-330,Lab Equipment,1412,83,103.8,7,4.12,54.2,8.9,55.0,1.488,0.922,2.205,0
AST-HVA-395,HVAC,1947,25,30.6,10,2.11,56.8,19.2,49.1,0.799,0.278,0.471,0
AST-LAB-516,Lab Equipment,1783,28,308.0,14,2.72,47.8,8.4,46.8,0.868,0.311,5.182,1
AST-ELE-352,Elevator,2406,56,111.9,11,3.63,77.9,24.7,45.3,1.885,0.622,1.395,0
AST-IT -862,IT Server,552,156,38.8,3,3.27,69.6,16.6,42.5,1.516,1.733,2.109,0
AST-LAB-824,Lab Equipment,238,214,35.4,3,6.25,63.0,25.0,40.8,2.623,2.378,4.462,1
AST-HVA-454,HVAC,271,240,13.8,2,7.8,68.6,34.2,56.9,3.566,2.667,1.528,1
AST-GEN-360,Generator,941,163,11.2,6,5.69,82.2,49.8,46.9,3.121,1.811,0.357,1
AST-HVA-547,HVAC,675,121,31.5,6,3.77,59.3,20.4,48.2,1.49,1.344,1.4,0
AST-ELE-652,Elevator,1383,130,30.0,4,4.64,51.1,33.1,41.7,1.583,1.444,0.651,0
AST-MED-931,Medical,1858,122,47.1,9,3.13,52.1,10.1,51.6,1.087,1.356,0.76,0
AST-ELE-952,Elevator,2344,18,49.5,12,4.32,44.2,26.9,59.0,1.275,0.2,0.634,0
AST-IT -985,IT Server,207,57,14.3,1,0.82,44.4,12.0,55.6,0.243,0.633,2.072,0
AST-HVA-805,HVAC,2489,29,147.5,12,2.63,61.4,26.9,55.3,1.078,0.322,1.778,1
AST-LAB-454,Lab Equipment,2485,63,47.9,10,2.8,41.1,11.4,59.4,0.766,0.7,0.578,0
AST-WAT-471,Water Pump,1320,119,0.6,5,4.22,72.4,32.7,56.2,2.034,1.322,0.014,0
AST-HVA-394,HVAC,770,22,28.0,5,2.17,46.4,19.5,47.7,0.673,0.244,1.091,0
AST-HVA-531,HVAC,795,46,58.0,5,2.04,54.4,16.2,45.2,0.739,0.511,2.189,0
AST-ELE-500,Elevator,1362,154,36.0,9,5.76,86.7,24.4,60.3,3.331,1.711,0.793,1
AST-HVA-834,HVAC,1160,214,15.2,3,5.73,82.4,33.9,49.6,3.148,2.378,0.393,1
AST-LAB-357,Lab Equipment,913,101,22.1,5,2.77,40.3,9.3,74.2,0.746,1.122,0.726,0
AST-MED-315,Medical,686,192,8.7,3,4.47,65.3,16.5,49.3,1.949,2.133,0.38,0
AST-WAT-913,Water Pump,1743,151,18.4,8,4.86,71.0,35.7,38.0,2.301,1.678,0.317,1
AST-GEN-260,Generator,60,162,0.0,0,3.8,68.2,62.4,31.3,1.725,1.8,0.0,1
AST-ELE-253,Elevator,706,236,81.3,6,7.12,105.0,44.8,41.6,4.989,2.622,3.455,1
AST-LAB-507,Lab Equipment,2078,62,17.7,14,1.83,43.7,13.7,59.8,0.533,0.689,0.256,0
AST-LAB-620,Lab Equipment,222,217,4.0,1,5.29,68.9,25.0,63.1,2.427,2.411,0.541,0
AST-LAB-658,Lab Equipment,1339,172,19.6,6,4.87,56.5,17.8,34.0,1.832,1.911,0.439,0
AST-HVA-716,HVAC,924,49,32.6,4,3.2,60.6,24.1,40.1,1.294,0.544,1.058,0
AST-MED-323,Medical,191,4,0.0,0,1.19,38.3,5.2,54.3,0.303,0.044,0.0,0
AST-HVA-161,HVAC,1762,55,17.4,8,1.85,56.9,29.0,41.9,0.703,0.611,0.296,0
AST-GEN-450,Generator,2137,188,85.8,18,7.12,99.1,59.2,45.2,4.703,2.089,1.204,1
AST-ELE-587,Elevator,1856,227,35.6,9,5.67,92.8,42.6,20.0,3.508,2.522,0.575,1
AST-LAB-478,Lab Equipment,2289,106,150.9,14,3.51,67.5,14.5,79.7,1.581,1.178,1.978,1
AST-GEN-666,Generator,1295,119,8.1,5,3.49,78.8,48.6,50.3,1.836,1.322,0.188,0
AST-GEN-396,Generator,1153,206,55.4,11,6.74,95.0,62.4,43.9,4.27,2.289,1.441,1
AST-GEN-325,Generator,782,183,12.1,6,5.4,100.6,45.0,67.5,3.62,2.033,0.464,1
AST-LAB-462,Lab Equipment,1722,220,12.9,8,5.84,76.4,25.3,46.6,2.974,2.444,0.225,1
AST-MED-942,Medical,296,86,3.4,1,0.69,36.8,6.8,47.5,0.17,0.956,0.345,0
AST-LAB-852,Lab Equipment,852,86,37.9,8,1.56,49.8,11.2,57.1,0.519,0.956,1.335,0
AST-MED-606,Medical,865,81,28.7,7,1.47,41.8,10.8,20.0,0.411,0.9,0.995,0
AST-WAT-169,Water Pump,2138,94,115.8,7,3.79,64.5,37.2,34.5,1.629,1.044,1.625,1
AST-ELE-963,Elevator,2076,102,28.4,10,3.56,61.9,18.8,45.7,1.468,1.133,0.41,0
AST-LAB-467,Lab Equipment,2349,93,2.4,12,2.54,49.1,12.8,52.9,0.832,1.033,0.031,0
AST-LAB-435,Lab Equipment,1716,4,132.0,12,2.72,46.2,12.6,20.0,0.839,0.044,2.308,1
AST-ELE-887,Elevator,966,181,134.7,5,5.42,81.9,28.1,40.3,2.958,2.011,4.183,1
AST-ELE-422,Elevator,658,47,1.7,7,3.22,60.7,25.7,57.2,1.301,0.522,0.078,0
AST-LAB-854,Lab Equipment,1144,133,8.2,9,3.28,46.7,13.9,20.0,1.02,1.478,0.215,0
AST-GEN-190,Generator,65,145,0.0,0,3.71,85.4,47.1,40.8,2.113,1.611,0.0,1
AST-GEN-433,Generator,409,188,9.4,3,5.3,83.7,59.9,61.5,2.959,2.089,0.689,1
AST-MED-591,Medical,2437,163,10.1,12,4.16,52.2,16.6,37.9,1.449,1.811,0.124,0
AST-ELE-302,Elevator,1886,165,68.4,10,5.45,68.8,32.5,54.5,2.499,1.833,1.088,1
AST-LAB-506,Lab Equipment,1722,12,29.9,10,1.94,51.7,11.2,54.0,0.67,0.133,0.521,0
AST-MED-247,Medical,1789,79,46.2,8,1.62,37.3,9.0,62.3,0.403,0.878,0.775,0
AST-GEN-733,Generator,1962,12,15.7,15,2.88,68.1,50.4,41.0,1.309,0.133,0.24,0
AST-GEN-909,Generator,2023,40,66.0,8,4.65,73.8,46.5,45.6,2.286,0.444,0.979,1
AST-IT -246,IT Server,529,5,10.6,2,1.37,37.0,12.9,65.6,0.338,0.056,0.601,0
AST-GEN-470,Generator,638,80,37.8,4,3.89,70.5,48.1,24.1,1.83,0.889,1.777,0
AST-ELE-294,Elevator,655,43,13.7,2,1.98,57.3,24.7,30.1,0.756,0.478,0.627,0
AST-MED-133,Medical,386,184,2.0,1,3.69,51.4,14.6,60.7,1.265,2.044,0.155,0
AST-ELE-412,Elevator,2355,101,51.6,13,2.72,57.5,31.5,54.2,1.042,1.122,0.657,0
AST-IT -366,IT Server,134,118,0.0,0,1.94,47.4,21.4,47.9,0.615,1.311,0.0,0
AST-ELE-761,Elevator,2453,208,104.1,14,7.53,91.5,41.8,57.3,4.592,2.311,1.273,1
AST-IT -155,IT Server,2265,120,201.8,12,3.38,56.4,20.1,52.2,1.272,1.333,2.673,1
AST-GEN-775,Generator,1234,193,19.9,5,6.91,90.6,56.3,29.1,4.17,2.144,0.484,1
AST-LAB-803,Lab Equipment,128,13,13.0,1,1.26,41.4,12.4,28.0,0.348,0.144,3.047,0
AST-LAB-617,Lab Equipment,668,80,31.3,7,1.43,46.2,13.2,20.6,0.441,0.889,1.406,0
AST-LAB-501,Lab Equipment,1575,156,48.2,11,4.13,69.6,18.5,58.9,1.916,1.733,0.918,1
AST-IT -327,IT Server,1797,238,116.8,9,7.08,92.3,23.8,70.2,4.353,2.644,1.95,1
AST-HVA-796,HVAC,2344,163,100.2,8,7.13,80.6,25.2,57.0,3.832,1.811,1.282,1
AST-IT -518,IT Server,2100,41,27.4,12,1.76,59.7,16.6,56.9,0.702,0.456,0.391,0
AST-ELE-464,Elevator,97,136,0.9,2,3.8,64.6,32.7,33.1,1.638,1.511,0.278,0
AST-IT -285,IT Server,1398,202,160.4,15,6.12,79.9,26.8,53.2,3.262,2.244,3.442,1
AST-GEN-684,Generator,1982,203,3.9,11,5.34,93.2,56.0,31.5,3.321,2.256,0.059,1
AST-LAB-679,Lab Equipment,629,54,44.1,5,1.53,48.9,10.5,50.4,0.499,0.6,2.103,0
AST-WAT-246,Water Pump,1371,115,39.8,3,4.96,77.7,35.6,57.5,2.568,1.278,0.871,0
AST-GEN-599,Generator,1033,162,5.4,5,5.06,104.7,36.2,60.7,3.531,1.8,0.157,0
AST-ELE-947,Elevator,1721,236,171.0,7,7.8,87.1,34.5,58.1,4.53,2.622,2.981,1
AST-ELE-720,Elevator,708,122,11.6,5,2.68,62.7,22.5,58.7,1.119,1.356,0.492,0
AST-ELE-798,Elevator,1137,120,28.4,5,4.06,72.3,41.9,24.2,1.957,1.333,0.749,1
AST-WAT-788,Water Pump,1016,65,52.8,10,4.03,59.2,29.6,43.1,1.592,0.722,1.559,0
AST-LAB-526,Lab Equipment,1659,27,121.3,11,3.21,53.0,11.4,41.2,1.134,0.3,2.193,1
AST-HVA-405,HVAC,2485,187,44.7,15,6.06,62.4,25.2,43.8,2.522,2.078,0.54,1
AST-HVA-659,HVAC,227,97,0.0,0,2.67,45.6,22.0,40.9,0.81,1.078,0.0,0
AST-LAB-272,Lab Equipment,2086,209,174.0,13,6.39,80.3,19.5,47.0,3.421,2.322,2.502,1
AST-WAT-856,Water Pump,2159,179,92.3,10,5.74,87.3,29.6,53.0,3.342,1.989,1.283,1
AST-LAB-730,Lab Equipment,723,70,2.7,3,2.3,48.2,12.2,46.4,0.741,0.778,0.112,0
AST-IT -360,IT Server,107,194,0.0,0,4.05,63.6,24.9,67.6,1.717,2.156,0.0,0
AST-WAT-877,Water Pump,1505,22,13.2,10,3.06,51.5,30.8,60.3,1.052,0.244,0.263,0
AST-LAB-736,Lab Equipment,1357,107,70.7,10,3.04,46.3,12.1,57.0,0.938,1.189,1.563,0
AST-GEN-783,Generator,1257,70,9.1,5,2.01,69.6,45.9,51.8,0.932,0.778,0.217,0
AST-IT -653,IT Server,963,179,3.1,3,4.04,65.5,22.8,54.5,1.765,1.989,0.097,0
AST-WAT-203,Water Pump,2260,64,38.5,12,4.52,65.0,29.2,67.8,1.959,0.711,0.511,0
AST-HVA-504,HVAC,2402,190,1.1,13,5.42,76.4,31.0,61.4,2.757,2.111,0.014,1
AST-LAB-530,Lab Equipment,2428,18,3.0,12,1.81,39.8,9.0,63.5,0.479,0.2,0.037,0
AST-ELE-952,Elevator,863,127,6.0,3,2.95,71.6,33.1,43.5,1.41,1.411,0.209,0
AST-IT -903,IT Server,1044,162,13.5,5,3.51,70.7,21.7,69.8,1.654,1.8,0.388,0
AST-IT -926,IT Server,39,24,0.0,0,1.06,53.4,16.2,61.3,0.377,0.267,0.0,0
AST-GEN-263,Generator,143,20,0.0,0,2.87,64.8,44.8,28.6,1.242,0.222,0.0,0
AST-HVA-613,HVAC,1533,47,58.0,10,2.28,47.6,18.4,49.1,0.723,0.522,1.135,0
AST-ELE-256,Elevator,1014,149,18.1,3,4.5,65.8,32.6,62.8,1.973,1.656,0.536,1
AST-GEN-321,Generator,329,238,30.5,3,5.9,104.4,68.7,44.6,4.108,2.644,2.781,1
AST-WAT-945,Water Pump,1647,164,310.9,11,6.22,86.2,37.5,68.4,3.575,1.822,5.663,1
AST-GEN-795,Generator,302,75,3.7,1,2.3,88.2,44.5,31.5,1.354,0.833,0.368,0
AST-IT -666,IT Server,756,21,41.5,6,1.25,46.4,12.9,48.3,0.387,0.233,1.647,0
AST-HVA-287,HVAC,1031,32,37.2,10,1.73,54.7,18.6,51.9,0.632,0.356,1.082,0
AST-LAB-595,Lab Equipment,797,9,0.9,4,1.62,44.8,11.1,51.9,0.483,0.1,0.034,0
AST-GEN-737,Generator,1454,155,28.6,13,4.96,86.0,47.5,46.8,2.846,1.722,0.59,1
AST-WAT-350,Water Pump,430,170,0.0,0,3.57,78.7,35.6,51.3,1.873,1.889,0.0,0
AST-LAB-750,Lab Equipment,1341,103,26.0,6,1.96,46.4,13.4,37.0,0.606,1.144,0.582,0
AST-ELE-805,Elevator,86,2,0.0,0,2.02,59.5,21.8,66.4,0.802,0.022,0.0,0
AST-ELE-207,Elevator,2413,164,34.4,16,4.72,77.9,38.2,20.5,2.452,1.822,0.428,0
AST-ELE-181,Elevator,1926,97,38.6,13,3.56,65.8,28.7,33.0,1.562,1.078,0.601,0
AST-WAT-317,Water Pump,743,76,1.3,4,2.46,46.6,28.6,65.9,0.766,0.844,0.052,0
AST-IT -344,IT Server,1083,56,101.8,7,2.29,58.8,15.0,42.3,0.896,0.622,2.82,0
AST-IT -896,IT Server,2000,30,0.5,5,1.52,47.9,11.3,37.4,0.486,0.333,0.007,0
AST-HVA-420,HVAC,1196,185,16.1,4,5.79,83.7,32.7,53.4,3.228,2.056,0.404,1
AST-LAB-733,Lab Equipment,502,30,13.4,2,2.61,48.1,10.1,37.9,0.836,0.333,0.801,0
AST-ELE-159,Elevator,2292,116,40.8,12,3.37,67.7,30.0,22.8,1.524,1.289,0.534,1
AST-LAB-244,Lab Equipment,2213,48,5.3,13,2.02,42.6,13.1,55.8,0.574,0.533,0.072,0
AST-WAT-360,Water Pump,248,12,4.5,2,1.23,69.9,30.6,53.8,0.574,0.133,0.544,0
AST-ELE-850,Elevator,2158,3,0.3,13,1.52,56.3,26.2,44.9,0.572,0.033,0.004,0
AST-IT -844,IT Server,857,73,60.0,3,1.89,50.6,18.7,56.8,0.637,0.811,2.1,0
AST-IT -756,IT Server,497,46,9.3,1,1.25,41.8,15.3,40.9,0.348,0.511,0.561,0
AST-GEN-215,Generator,1588,171,17.1,8,6.12,96.7,46.1,74.5,3.949,1.9,0.323,1
AST-HVA-483,HVAC,2488,223,20.4,15,6.6,86.9,34.8,35.0,3.827,2.478,0.246,1
AST-GEN-371,Generator,341,140,4.5,1,3.76,80.8,54.2,44.6,2.022,1.556,0.396,0
AST-ELE-853,Elevator,1464,48,55.7,7,2.88,64.8,23.0,41.2,1.245,0.533,1.141,0
AST-LAB-264,Lab Equipment,1508,38,31.0,9,1.4,38.3,13.3,42.7,0.358,0.422,0.617,0
AST-HVA-267,HVAC,391,57,7.7,2,0.79,43.1,16.8,46.0,0.227,0.633,0.591,0
AST-LAB-578,Lab Equipment,2340,89,74.4,16,3.22,47.5,14.0,62.9,1.018,0.989,0.954,0
AST-GEN-641,Generator,911,43,19.2,8,1.97,58.7,51.4,41.6,0.773,0.478,0.632,0
AST-LAB-795,Lab Equipment,138,26,1.2,1,1.08,37.1,10.1,67.4,0.267,0.289,0.261,0
AST-HVA-510,HVAC,1856,130,35.3,9,5.03,62.2,27.5,39.6,2.085,1.444,0.571,1
AST-WAT-543,Water Pump,1948,204,34.6,13,6.21,79.6,43.0,66.2,3.295,2.267,0.533,1
AST-IT -521,IT Server,585,154,136.1,6,3.94,68.3,19.7,51.6,1.796,1.711,6.979,1
AST-MED-198,Medical,1394,49,58.9,13,1.77,48.2,7.9,38.4,0.569,0.544,1.268,0
AST-WAT-362,Water Pump,723,111,19.2,4,2.23,68.6,31.4,48.2,1.019,1.233,0.797,0
AST-WAT-116,Water Pump,728,44,2.1,5,2.53,65.6,34.5,47.0,1.106,0.489,0.087,0
AST-IT -406,IT Server,372,124,24.1,4,2.4,59.1,19.5,57.4,0.944,1.378,1.944,0
AST-MED-313,Medical,124,73,0.0,0,1.28,40.2,8.3,34.5,0.343,0.811,0.0,0
AST-HVA-469,HVAC,838,20,5.6,2,2.9,56.5,24.5,50.3,1.091,0.222,0.2,0
AST-MED-898,Medical,334,16,0.0,0,1.15,39.8,7.1,60.0,0.304,0.178,0.0,0
AST-HVA-558,HVAC,1350,204,10.0,13,5.43,92.3,34.1,51.0,3.34,2.267,0.222,1
AST-IT -365,IT Server,2085,82,126.4,14,2.67,62.8,17.0,63.8,1.117,0.911,1.819,1
AST-MED-522,Medical,2034,115,79.6,12,3.36,52.5,8.8,40.6,1.178,1.278,1.174,1
AST-WAT-608,Water Pump,2095,65,54.6,17,4.77,63.6,25.9,34.7,2.022,0.722,0.782,0
AST-IT -603,IT Server,232,188,6.2,1,3.98,68.5,22.7,49.5,1.817,2.089,0.802,1
AST-ELE-843,Elevator,960,7,21.3,4,3.5,46.9,28.9,37.2,1.095,0.078,0.666,0
AST-LAB-379,Lab Equipment,1234,213,8.7,11,5.81,74.0,25.2,49.6,2.862,2.367,0.212,1
AST-IT -337,IT Server,1348,84,9.8,2,1.54,50.7,14.1,52.1,0.519,0.933,0.218,0
AST-HVA-186,HVAC,2067,232,46.9,9,6.91,86.3,34.4,60.8,3.974,2.578,0.681,1
AST-GEN-565,Generator,2466,114,54.1,9,4.43,85.4,65.2,60.7,2.518,1.267,0.658,1
AST-ELE-240,Elevator,2276,48,212.9,13,2.52,77.0,34.2,41.8,1.291,0.533,2.806,1
AST-HVA-967,HVAC,2271,233,23.9,16,7.01,79.2,39.5,52.8,3.701,2.589,0.316,1
AST-HVA-469,HVAC,472,24,7.9,2,2.06,60.3,22.7,52.7,0.828,0.267,0.502,0
AST-HVA-946,HVAC,821,66,5.5,3,2.24,50.9,23.7,39.3,0.759,0.733,0.201,0
AST-GEN-970,Generator,1600,137,22.6,6,5.59,84.1,41.3,26.4,3.133,1.522,0.424,1
AST-IT -710,IT Server,191,94,0.5,3,0.89,48.9,16.9,51.0,0.29,1.044,0.079,0
AST-MED-142,Medical,1673,81,40.4,7,1.68,39.2,9.8,57.1,0.44,0.9,0.724,0
AST-ELE-580,Elevator,1148,220,36.1,7,6.51,84.8,38.5,62.4,3.68,2.444,0.943,1
AST-WAT-179,Water Pump,393,118,6.6,3,4.45,67.1,33.7,53.7,1.989,1.311,0.504,1
AST-LAB-378,Lab Equipment,2244,91,99.0,18,3.14,50.8,10.9,28.9,1.064,1.011,1.324,0
AST-WAT-550,Water Pump,2351,112,46.7,8,3.5,87.4,38.3,54.0,2.038,1.244,0.596,0
AST-IT -515,IT Server,829,162,2.1,1,3.69,66.3,25.1,55.9,1.632,1.8,0.076,0
AST-GEN-904,Generator,1072,213,6.3,4,6.39,89.7,60.8,51.1,3.82,2.367,0.176,1
AST-ELE-776,Elevator,133,79,0.7,1,1.61,62.5,29.1,44.2,0.67,0.878,0.158,0
AST-IT -801,IT Server,358,64,9.4,4,1.09,49.8,15.5,52.7,0.362,0.711,0.788,0
AST-ELE-633,Elevator,523,148,15.4,3,4.55,64.8,37.9,40.8,1.968,1.644,0.883,1
AST-HVA-202,HVAC,1153,211,178.2,10,6.47,81.6,32.2,63.2,3.522,2.344,4.637,1
AST-ELE-516,Elevator,2077,204,48.4,12,6.51,95.1,32.0,48.3,4.125,2.267,0.699,1
AST-LAB-549,Lab Equipment,1734,231,70.1,6,7.29,82.6,27.3,48.6,4.012,2.567,1.213,1
AST-WAT-446,Water Pump,559,69,11.8,2,3.45,52.3,30.2,44.0,1.203,0.767,0.633,0
AST-ELE-129,Elevator,424,124,4.3,3,3.68,63.0,28.9,51.1,1.547,1.378,0.304,1
AST-GEN-909,Generator,417,116,0.9,2,4.21,66.5,50.9,68.3,1.863,1.289,0.065,0
AST-MED-176,Medical,2009,223,54.4,14,5.72,70.4,20.7,64.7,2.684,2.478,0.812,0
AST-WAT-917,Water Pump,194,34,6.2,1,3.15,56.8,37.1,42.2,1.193,0.378,0.959,0
AST-ELE-310,Elevator,2303,2,24.4,17,3.67,64.7,23.5,54.5,1.585,0.022,0.318,0
AST-MED-335,Medical,1280,116,19.6,5,2.51,45.8,11.2,51.3,0.766,1.289,0.459,0
AST-GEN-550,Generator,1915,169,219.2,16,5.56,86.0,45.0,48.2,3.184,1.878,3.434,1
AST-WAT-294,Water Pump,639,16,9.5,3,3.3,62.7,30.5,54.9,1.38,0.178,0.446,0
AST-MED-751,Medical,2438,165,150.1,15,5.62,68.5,12.7,47.7,2.567,1.833,1.847,1
AST-IT -374,IT Server,2176,145,153.1,12,4.31,65.9,17.5,21.7,1.894,1.611,2.111,1
AST-WAT-341,Water Pump,1507,182,76.6,7,5.31,72.3,41.3,57.8,2.562,2.022,1.525,1
AST-GEN-569,Generator,732,159,7.5,5,4.63,83.0,53.8,51.1,2.56,1.767,0.307,0
AST-GEN-320,Generator,1420,180,162.4,12,6.07,103.0,51.0,32.3,4.167,2.0,3.431,1
AST-ELE-742,Elevator,95,42,0.0,0,3.04,50.2,22.7,49.9,1.015,0.467,0.0,0
AST-MED-130,Medical,1024,148,3.7,2,3.38,41.4,14.2,37.6,0.931,1.644,0.108,0
AST-ELE-533,Elevator,830,183,19.3,4,4.68,68.0,43.4,27.4,2.124,2.033,0.698,0
AST-IT -415,IT Server,1603,74,21.5,9,1.22,52.6,20.4,36.2,0.426,0.822,0.402,0
AST-MED-238,Medical,1893,64,45.7,12,1.87,44.4,9.6,55.9,0.554,0.711,0.724,0
AST-GEN-426,Generator,1639,204,2.3,7,6.3,106.4,59.4,45.5,4.47,2.267,0.042,1
AST-GEN-827,Generator,1012,155,22.5,10,6.1,99.9,55.4,46.4,4.062,1.722,0.667,1
AST-ELE-666,Elevator,1735,170,54.3,6,6.13,81.5,36.6,28.6,3.33,1.889,0.939,1
AST-GEN-907,Generator,667,122,66.6,6,3.2,86.3,45.5,54.5,1.84,1.356,2.996,1
AST-WAT-331,Water Pump,991,220,23.7,5,6.15,88.8,36.7,65.4,3.64,2.444,0.717,1
AST-HVA-499,HVAC,677,15,5.3,2,2.04,51.4,24.5,54.2,0.701,0.167,0.235,0
AST-LAB-534,Lab Equipment,826,63,16.3,3,2.67,41.6,9.1,47.2,0.74,0.7,0.592,0
AST-HVA-219,HVAC,1102,177,41.8,6,5.31,69.4,29.5,41.4,2.455,1.967,1.138,0
AST-HVA-483,HVAC,1661,177,191.6,14,6.59,77.8,27.3,48.3,3.418,1.967,3.461,1
AST-ELE-451,Elevator,755,224,6.8,2,6.06,91.2,39.4,68.3,3.687,2.489,0.27,1
AST-LAB-275,Lab Equipment,2193,143,7.2,10,3.47,51.9,20.6,37.7,1.203,1.589,0.098,0
AST-GEN-299,Generator,1522,118,118.3,9,3.93,81.8,48.5,64.3,2.145,1.311,2.332,1
AST-MED-372,Medical,1520,93,28.4,7,2.08,38.7,10.9,37.9,0.535,1.033,0.561,0
AST-HVA-857,HVAC,1285,53,97.0,6,2.01,59.5,17.7,49.7,0.797,0.589,2.265,0
AST-MED-250,Medical,374,20,0.0,0,1.43,38.0,9.4,55.9,0.361,0.222,0.0,0
AST-MED-371,Medical,2388,68,38.8,11,2.18,50.9,5.5,58.8,0.739,0.756,0.487,0
AST-IT -440,IT Server,1988,165,44.7,12,3.75,75.3,24.1,41.2,1.883,1.833,0.675,1
AST-WAT-932,Water Pump,361,162,5.2,2,3.61,74.9,45.5,45.3,1.804,1.8,0.432,0
AST-ELE-406,Elevator,765,220,0.0,0,6.09,84.2,34.1,51.5,3.42,2.444,0.0,1
AST-MED-487,Medical,1003,130,7.9,4,2.81,46.8,11.1,46.0,0.877,1.444,0.236,0
AST-MED-176,Medical,691,160,35.9,4,3.67,60.4,14.2,72.3,1.478,1.778,1.559,1
AST-LAB-379,Lab Equipment,2041,165,2.7,13,3.71,56.2,18.0,59.3,1.39,1.833,0.04,0
AST-MED-776,Medical,1616,74,15.1,4,1.35,40.3,9.7,70.7,0.363,0.822,0.28,0
AST-IT -999,IT Server,2082,114,79.5,17,3.03,63.6,15.3,49.4,1.282,1.267,1.146,1
AST-LAB-845,Lab Equipment,866,83,3.8,6,1.93,41.6,12.8,37.6,0.536,0.922,0.132,0
AST-IT -733,IT Server,2193,226,147.7,16,7.04,85.4,23.7,65.4,4.011,2.511,2.021,1
AST-WAT-760,Water Pump,2364,208,120.9,13,7.98,86.5,41.6,46.0,4.603,2.311,1.534,1
AST-GEN-974,Generator,38,16,0.0,0,0.68,86.1,53.6,40.6,0.387,0.178,0.0,0
AST-WAT-222,Water Pump,1099,95,16.7,5,2.11,69.9,30.1,42.4,0.982,1.056,0.456,0
AST-ELE-177,Elevator,2196,57,47.8,11,2.4,59.8,25.1,36.8,0.957,0.633,0.653,0
AST-LAB-682,Lab Equipment,756,235,31.3,3,6.41,73.5,23.5,50.0,3.145,2.611,1.242,1
AST-GEN-149,Generator,1421,120,8.0,5,3.66,73.2,44.1,63.3,1.783,1.333,0.169,0
AST-IT -275,IT Server,1095,84,12.5,5,1.37,43.1,16.8,51.1,0.394,0.933,0.342,0
AST-HVA-126,HVAC,2090,24,14.7,12,2.76,55.4,23.0,31.8,1.021,0.267,0.211,0
AST-LAB-407,Lab Equipment,1007,191,27.7,8,4.95,63.6,18.7,65.2,2.096,2.122,0.825,0
AST-ELE-796,Elevator,1602,44,108.8,10,2.82,60.1,23.0,61.6,1.127,0.489,2.037,0
AST-ELE-148,Elevator,320,236,2.6,1,6.83,96.8,41.3,46.4,4.404,2.622,0.244,1
AST-LAB-113,Lab Equipment,1773,108,5.8,8,2.11,53.6,11.6,38.7,0.754,1.2,0.098,0
AST-IT -498,IT Server,497,186,5.5,1,3.76,69.3,24.0,56.9,1.735,2.067,0.332,1
AST-WAT-985,Water Pump,2466,161,39.7,13,6.4,78.3,37.1,47.3,3.344,1.789,0.483,1
AST-ELE-556,Elevator,1297,156,3.8,8,5.2,79.3,33.7,47.1,2.748,1.733,0.088,1
AST-WAT-250,Water Pump,291,133,0.0,0,2.39,67.9,44.1,53.8,1.081,1.478,0.0,0
AST-IT -816,IT Server,181,99,3.3,1,1.36,42.7,17.0,60.5,0.387,1.1,0.547,0
AST-LAB-179,Lab Equipment,1120,113,10.3,11,2.64,52.3,12.9,27.7,0.922,1.256,0.276,0
AST-IT -109,IT Server,449,28,8.4,2,1.09,44.8,15.1,49.0,0.324,0.311,0.561,0
AST-MED-102,Medical,598,187,26.7,4,4.25,65.2,14.5,50.6,1.846,2.078,1.339,0
AST-HVA-525,HVAC,210,1,0.0,0,2.19,56.9,23.4,63.5,0.831,0.011,0.0,0
AST-WAT-153,Water Pump,796,234,0.4,3,6.51,94.3,38.4,51.9,4.097,2.6,0.015,0
AST-GEN-671,Generator,2246,107,152.0,14,3.86,86.2,32.2,67.4,2.219,1.189,2.03,1
AST-WAT-623,Water Pump,959,164,4.2,4,4.84,74.9,37.5,50.7,2.418,1.822,0.131,1
AST-GEN-161,Generator,2299,101,91.9,9,5.32,88.6,31.7,63.2,3.143,1.122,1.199,1
AST-MED-865,Medical,2274,76,245.1,18,2.87,54.0,8.2,64.1,1.032,0.844,3.234,1
AST-HVA-970,HVAC,1922,159,125.9,11,5.02,74.1,27.6,32.9,2.479,1.767,1.965,1
AST-LAB-732,Lab Equipment,1884,130,17.0,15,4.16,54.1,15.8,53.5,1.501,1.444,0.271,0
AST-GEN-133,Generator,282,166,70.9,5,5.57,88.0,53.4,32.0,3.27,1.844,7.543,1
AST-HVA-384,HVAC,1134,35,21.2,6,3.13,46.1,26.7,66.5,0.962,0.389,0.561,0
AST-HVA-757,HVAC,1978,58,3.5,8,1.91,57.3,25.2,46.9,0.727,0.644,0.053,0
AST-GEN-352,Generator,2214,235,20.1,6,7.75,108.2,54.7,42.1,5.593,2.611,0.272,1
AST-ELE-462,Elevator,2400,95,145.6,15,4.54,66.4,24.8,41.5,2.009,1.056,1.82,1
AST-ELE-963,Elevator,1349,190,5.2,5,5.02,75.4,36.1,63.7,2.524,2.111,0.116,1
AST-WAT-714,Water Pump,1149,117,24.9,6,3.14,60.0,38.4,49.1,1.256,1.3,0.65,0
AST-ELE-581,Elevator,1819,55,36.6,10,2.54,72.6,27.3,65.6,1.229,0.611,0.604,0
AST-LAB-819,Lab Equipment,2093,44,43.0,16,2.25,41.1,13.0,59.8,0.617,0.489,0.616,0
AST-HVA-448,HVAC,1317,128,10.5,8,3.36,57.3,32.2,52.1,1.284,1.422,0.239,0
AST-LAB-775,Lab Equipment,2490,165,81.3,10,4.64,72.0,19.6,54.3,2.227,1.833,0.98,1
AST-WAT-313,Water Pump,1627,114,3.9,8,2.65,58.4,44.0,67.8,1.031,1.267,0.072,0
AST-LAB-419,Lab Equipment,438,11,6.4,2,0.81,38.6,12.3,55.8,0.207,0.122,0.438,0
AST-GEN-719,Generator,1146,187,36.5,2,5.72,101.3,46.2,24.7,3.868,2.078,0.955,1
AST-HVA-424,HVAC,48,198,0.0,0,7.07,59.2,35.3,69.5,2.789,2.2,0.0,1
AST-WAT-335,Water Pump,2363,15,22.5,16,3.24,63.2,20.2,49.8,1.367,0.167,0.286,0
AST-MED-927,Medical,1806,190,84.9,9,5.81,62.8,16.2,64.3,2.433,2.111,1.41,1
AST-GEN-643,Generator,1486,197,5.2,8,5.77,89.1,55.2,68.8,3.428,2.189,0.105,1
AST-LAB-733,Lab Equipment,1599,109,29.7,4,3.01,52.7,15.1,30.4,1.059,1.211,0.557,0
AST-WAT-732,Water Pump,1746,55,7.6,6,1.38,66.7,26.8,57.7,0.613,0.611,0.131,0
AST-ELE-579,Elevator,1638,5,33.1,8,3.54,54.4,26.8,62.8,1.286,0.056,0.606,0
AST-MED-965,Medical,365,205,2.7,1,4.91,60.1,17.3,63.4,1.967,2.278,0.222,1
AST-HVA-190,HVAC,2079,75,87.6,12,4.03,53.9,20.8,50.9,1.448,0.833,1.264,1
AST-GEN-779,Generator,590,98,6.2,3,1.77,74.7,40.2,85.0,0.881,1.089,0.315,0
AST-ELE-392,Elevator,455,135,22.8,2,3.78,65.7,24.1,42.7,1.655,1.5,1.503,1
AST-WAT-233,Water Pump,1166,89,70.7,5,3.7,71.8,37.2,32.3,1.771,0.989,1.819,0
AST-HVA-613,HVAC,1459,202,92.4,10,5.4,77.2,31.2,56.7,2.778,2.244,1.9,1
AST-GEN-429,Generator,1690,96,44.0,10,3.57,78.4,50.9,58.9,1.868,1.067,0.781,1
AST-GEN-920,Generator,1162,165,0.4,4,4.35,74.9,52.4,57.1,2.172,1.833,0.01,1
AST-WAT-564,Water Pump,2449,85,92.8,8,4.51,64.5,31.4,32.5,1.937,0.944,1.137,1
AST-LAB-840,Lab Equipment,1739,236,9.7,6,6.6,72.5,25.4,56.2,3.193,2.622,0.167,1
AST-MED-892,Medical,1351,118,3.9,4,2.25,46.6,10.0,41.9,0.699,1.311,0.087,0
AST-LAB-996,Lab Equipment,1062,144,1.8,6,3.82,59.3,11.8,39.8,1.511,1.6,0.051,0
AST-WAT-844,Water Pump,1474,187,24.3,5,4.52,82.8,35.9,59.9,2.493,2.078,0.495,0
AST-GEN-438,Generator,341,44,3.3,6,1.26,57.3,51.2,49.3,0.482,0.489,0.29,0
AST-MED-937,Medical,2286,213,13.4,5,5.64,66.9,17.8,39.0,2.515,2.367,0.176,1
AST-LAB-912,Lab Equipment,2457,217,51.3,11,6.76,71.4,20.7,80.9,3.219,2.411,0.626,1
AST-HVA-775,HVAC,2044,207,223.0,19,6.61,93.0,32.8,34.7,4.1,2.3,3.273,1
AST-GEN-972,Generator,676,219,22.8,2,7.87,106.9,48.4,42.0,5.606,2.433,1.012,1
AST-WAT-749,Water Pump,747,160,59.7,3,6.17,77.1,41.6,42.4,3.172,1.778,2.398,1
AST-ELE-879,Elevator,1783,84,168.9,10,3.95,76.1,32.4,44.8,2.004,0.933,2.842,1
AST-GEN-905,Generator,1657,128,27.2,10,5.09,70.8,42.5,60.9,2.405,1.422,0.492,1
AST-WAT-698,Water Pump,2339,158,120.4,11,8.36,84.6,37.9,47.3,4.718,1.756,1.544,1
AST-HVA-939,HVAC,947,171,8.3,3,4.86,69.8,30.5,64.1,2.264,1.9,0.263,0
AST-MED-138,Medical,1822,1,31.2,11,1.95,52.6,8.7,46.1,0.683,0.011,0.514,0
AST-MED-877,Medical,397,88,9.8,2,1.13,36.7,7.8,35.4,0.276,0.978,0.741,0
AST-HVA-231,HVAC,1188,37,70.8,6,3.02,44.1,24.1,49.1,0.889,0.411,1.788,0
AST-ELE-427,Elevator,1954,228,74.1,7,6.17,86.8,40.9,43.0,3.57,2.533,1.138,1
AST-WAT-811,Water Pump,2255,88,143.6,16,4.14,64.8,27.4,38.6,1.786,0.978,1.91,1
AST-GEN-791,Generator,2004,97,148.2,17,6.11,81.3,40.9,60.2,3.31,1.078,2.219,1
AST-MED-264,Medical,1194,107,13.3,8,2.53,42.6,9.3,48.1,0.719,1.189,0.334,0
AST-GEN-840,Generator,1809,192,22.9,10,5.5,90.6,55.7,37.3,3.321,2.133,0.38,1
AST-MED-160,Medical,2123,91,38.0,12,2.13,50.0,9.7,49.6,0.708,1.011,0.537,0
AST-LAB-909,Lab Equipment,1037,53,23.2,5,1.79,50.4,11.2,56.9,0.601,0.589,0.671,0
AST-LAB-178,Lab Equipment,312,135,13.8,3,3.09,44.0,16.5,43.3,0.906,1.5,1.327,0
AST-IT -607,IT Server,803,115,21.1,4,2.13,58.8,17.7,59.5,0.837,1.278,0.788,0
AST-GEN-766,Generator,1596,231,1.4,4,7.35,95.1,57.8,48.3,4.66,2.567,0.026,1
AST-IT -950,IT Server,802,169,134.9,7,4.45,73.4,20.8,36.3,2.178,1.878,5.046,1
AST-IT -142,IT Server,1204,27,27.2,4,1.47,51.5,15.9,49.2,0.506,0.3,0.678,0
AST-IT -167,IT Server,2000,22,36.1,14,1.64,43.2,11.8,46.7,0.473,0.244,0.541,0
AST-WAT-493,Water Pump,227,63,2.9,2,4.2,54.9,26.8,46.5,1.54,0.7,0.383,0
AST-WAT-855,Water Pump,977,16,31.9,5,2.64,65.9,32.8,44.5,1.158,0.178,0.98,0
AST-MED-398,Medical,1182,23,32.9,12,1.59,45.2,7.6,76.6,0.478,0.256,0.835,0
AST-MED-355,Medical,1748,168,1.4,6,3.93,53.4,14.6,71.6,1.399,1.867,0.024,0
AST-LAB-155,Lab Equipment,770,174,14.5,2,3.45,48.4,21.3,61.7,1.115,1.933,0.565,1
AST-IT -303,IT Server,387,57,1.9,2,1.0,49.7,18.2,70.7,0.331,0.633,0.147,0
AST-IT -653,IT Server,227,188,0.0,0,4.01,60.0,21.7,59.2,1.603,2.089,0.0,0
AST-HVA-132,HVAC,2407,62,39.8,11,3.23,69.7,19.4,56.3,1.5,0.689,0.496,0
AST-LAB-842,Lab Equipment,1722,128,131.0,12,4.02,62.2,16.8,36.3,1.666,1.422,2.282,0
AST-WAT-574,Water Pump,1893,62,22.3,10,3.93,68.2,38.5,32.2,1.784,0.689,0.353,0
AST-MED-883,Medical,1898,97,24.7,8,2.44,47.7,8.2,58.3,0.775,1.078,0.39,0
AST-MED-405,Medical,1385,159,136.2,5,4.47,67.4,14.2,51.1,2.009,1.767,2.95,1
AST-GEN-356,Generator,2095,29,74.4,8,2.83,86.5,57.8,39.1,1.633,0.322,1.065,0
AST-WAT-981,Water Pump,1054,52,25.4,6,3.56,67.9,32.8,55.7,1.612,0.578,0.723,0
AST-ELE-839,Elevator,484,28,3.1,1,2.02,69.4,32.9,49.2,0.933,0.311,0.192,0
AST-GEN-490,Generator,866,147,55.6,6,4.86,79.4,39.0,56.1,2.569,1.633,1.926,1
AST-GEN-340,Generator,231,138,24.9,3,4.45,73.2,61.7,38.2,2.17,1.533,3.234,0
AST-WAT-238,Water Pump,817,177,3.9,5,3.29,77.3,30.1,34.4,1.697,1.967,0.143,0
AST-ELE-999,Elevator,366,53,17.1,1,0.82,54.5,33.1,56.2,0.298,0.589,1.402,0
AST-ELE-171,Elevator,1305,168,44.0,13,5.1,82.7,31.6,41.4,2.809,1.867,1.011,1
AST-MED-864,Medical,146,119,0.0,0,2.25,36.9,9.2,41.5,0.554,1.322,0.0,0
AST-LAB-356,Lab Equipment,101,111,0.0,0,2.96,47.2,13.3,45.5,0.932,1.233,0.0,0
AST-WAT-532,Water Pump,88,99,0.0,0,3.14,47.7,25.4,20.0,0.998,1.1,0.0,0
AST-ELE-208,Elevator,1340,162,7.8,13,6.52,72.4,39.3,32.5,3.146,1.8,0.175,0
AST-ELE-944,Elevator,1246,79,1.8,7,2.47,54.3,28.5,47.2,0.895,0.878,0.043,0
AST-LAB-547,Lab Equipment,673,28,3.0,3,1.25,50.7,11.0,49.6,0.423,0.311,0.134,0
AST-LAB-392,Lab Equipment,2333,63,107.7,13,3.56,54.4,14.3,40.7,1.291,0.7,1.385,0
AST-MED-776,Medical,586,117,48.5,5,2.79,41.8,13.3,57.7,0.777,1.3,2.483,0
AST-WAT-692,Water Pump,1887,64,4.2,8,2.81,76.1,31.7,35.7,1.427,0.711,0.067,1
AST-IT -388,IT Server,249,112,41.8,3,2.37,66.9,16.5,36.6,1.056,1.244,5.036,0
AST-WAT-589,Water Pump,721,89,17.8,4,2.51,61.6,36.7,61.2,1.03,0.989,0.741,0
AST-HVA-261,HVAC,967,190,49.2,6,6.89,81.2,28.6,59.0,3.727,2.111,1.526,1
AST-MED-619,Medical,874,117,6.3,2,2.5,43.7,10.6,39.8,0.728,1.3,0.216,0
AST-HVA-264,HVAC,1562,140,38.5,12,3.75,68.4,25.5,47.1,1.711,1.556,0.739,1
AST-MED-643,Medical,2321,155,10.8,17,3.76,63.2,13.7,35.7,1.585,1.722,0.14,0
AST-IT -785,IT Server,2444,77,282.8,12,2.85,69.5,18.0,56.6,1.322,0.856,3.471,1
AST-MED-184,Medical,1603,174,14.8,10,4.22,57.1,15.9,59.6,1.605,1.933,0.277,0
AST-IT -696,IT Server,305,192,1.2,1,4.17,78.3,21.8,68.1,2.175,2.133,0.118,0
AST-IT -382,IT Server,1314,215,42.4,6,5.64,79.9,27.0,46.3,3.0,2.389,0.968,1
AST-ELE-400,Elevator,1252,111,114.7,8,3.76,72.4,28.0,46.8,1.814,1.233,2.748,1
AST-MED-247,Medical,1005,212,57.5,8,5.99,62.8,19.3,54.4,2.508,2.356,1.716,1
AST-HVA-364,HVAC,327,95,0.0,0,2.48,51.4,20.8,44.9,0.849,1.056,0.0,0
AST-WAT-259,Water Pump,2185,97,147.1,12,7.91,59.5,29.6,42.9,3.141,1.078,2.02,1
AST-MED-438,Medical,1077,127,1.1,4,2.53,47.0,11.8,43.0,0.794,1.411,0.031,0
AST-WAT-170,Water Pump,2086,151,40.9,9,5.68,86.6,35.9,69.2,3.279,1.678,0.588,1
AST-LAB-713,Lab Equipment,1449,196,21.9,8,5.34,72.7,20.7,36.9,2.591,2.178,0.453,1
AST-ELE-408,Elevator,1569,116,36.8,11,4.66,64.1,29.1,31.1,1.992,1.289,0.704,0
AST-ELE-730,Elevator,965,109,8.8,3,4.7,53.3,33.6,25.0,1.667,1.211,0.274,0
AST-WAT-757,Water Pump,1437,232,110.9,9,8.69,102.0,45.6,35.7,5.904,2.578,2.315,1
AST-GEN-615,Generator,144,15,9.3,1,2.14,53.7,33.6,58.9,0.768,0.167,1.938,0
AST-MED-782,Medical,344,119,0.0,0,2.02,42.3,10.3,38.4,0.571,1.322,0.0,0
AST-ELE-133,Elevator,2058,62,17.0,8,2.61,66.4,25.9,62.1,1.153,0.689,0.248,0
AST-WAT-533,Water Pump,205,173,8.5,1,4.37,81.5,28.5,51.4,2.371,1.922,1.244,1
AST-LAB-200,Lab Equipment,937,170,7.2,5,4.51,63.0,20.0,57.5,1.892,1.889,0.231,0
AST-ELE-599,Elevator,2436,159,6.2,20,5.48,71.4,43.2,49.3,2.607,1.767,0.076,1
AST-ELE-863,Elevator,389,99,0.0,0,3.93,49.4,25.9,68.2,1.295,1.1,0.0,0
AST-MED-592,Medical,1355,216,46.7,9,6.01,71.5,17.7,60.3,2.868,2.4,1.034,1
AST-MED-395,Medical,763,184,53.8,5,4.35,62.4,17.5,45.4,1.81,2.044,2.115,0
AST-ELE-994,Elevator,854,223,50.1,5,7.3,96.5,38.8,38.5,4.7,2.478,1.76,1
AST-IT -872,IT Server,1666,126,44.1,5,3.01,61.8,16.9,51.5,1.24,1.4,0.794,0
AST-IT -446,IT Server,399,91,7.6,1,1.12,47.0,14.0,32.8,0.35,1.011,0.571,0
AST-LAB-500,Lab Equipment,2164,240,262.5,18,7.58,89.2,22.0,48.2,4.509,2.667,3.639,1
AST-MED-467,Medical,1947,29,57.7,10,2.25,45.0,7.1,62.0,0.675,0.322,0.889,0
AST-MED-955,Medical,1733,174,17.2,6,4.23,63.9,15.0,64.4,1.802,1.933,0.298,0
AST-WAT-531,Water Pump,1728,144,48.5,7,5.9,83.1,43.5,45.8,3.268,1.6,0.842,0
AST-MED-144,Medical,2346,62,146.0,16,2.51,52.3,9.5,66.0,0.875,0.689,1.867,0
AST-ELE-344,Elevator,1619,65,8.7,9,1.69,63.4,29.2,49.5,0.717,0.722,0.161,0
AST-HVA-449,HVAC,2359,226,25.1,17,6.34,86.8,24.2,35.1,3.666,2.511,0.319,1
AST-HVA-812,HVAC,1722,30,92.6,10,2.79,56.4,27.3,37.0,1.049,0.333,1.613,0
AST-HVA-324,HVAC,878,151,119.1,7,4.26,82.5,29.9,49.5,2.346,1.678,4.069,1
AST-GEN-291,Generator,569,67,9.9,3,1.97,87.1,50.7,57.4,1.142,0.744,0.522,0
AST-HVA-623,HVAC,638,96,6.2,3,2.37,53.0,25.6,57.5,0.836,1.067,0.292,0
AST-LAB-168,Lab Equipment,2460,33,58.1,15,2.95,49.5,9.3,47.9,0.972,0.367,0.709,0
AST-GEN-756,Generator,1789,232,121.6,10,8.98,107.9,56.5,72.7,6.458,2.578,2.039,1
AST-WAT-856,Water Pump,1307,143,164.1,10,5.09,70.9,39.5,53.7,2.405,1.589,3.767,1
AST-ELE-998,Elevator,1618,149,147.8,11,5.25,81.2,32.3,57.3,2.84,1.656,2.74,1
AST-MED-638,Medical,2003,147,365.3,15,4.53,68.2,10.3,43.0,2.06,1.633,5.471,1
AST-IT -742,IT Server,1702,190,25.3,10,4.47,63.3,25.6,44.6,1.888,2.111,0.446,1
AST-IT -535,IT Server,949,15,0.0,0,0.91,44.6,15.6,46.9,0.269,0.167,0.0,0
AST-LAB-742,Lab Equipment,238,67,2.7,1,1.35,35.6,11.0,41.6,0.32,0.744,0.34,0
AST-LAB-684,Lab Equipment,780,47,15.7,3,1.99,43.1,11.3,65.1,0.572,0.522,0.604,0
AST-WAT-676,Water Pump,351,109,8.9,4,3.56,64.1,27.2,52.4,1.519,1.211,0.761,0
AST-GEN-104,Generator,523,35,0.0,0,1.75,76.0,40.5,45.6,0.885,0.389,0.0,0
AST-LAB-700,Lab Equipment,70,29,5.9,1,1.47,42.6,11.8,56.9,0.419,0.322,2.529,0
AST-GEN-210,Generator,400,147,0.2,2,3.25,88.5,41.2,49.1,1.917,1.633,0.015,0
AST-WAT-535,Water Pump,1028,120,2.6,4,4.89,66.8,38.5,36.6,2.178,1.333,0.076,0
AST-ELE-117,Elevator,2176,93,123.2,17,3.75,64.0,28.9,49.2,1.601,1.033,1.699,1
AST-GEN-931,Generator,1620,2,76.2,8,3.19,76.5,51.1,52.9,1.625,0.022,1.411,0
AST-GEN-277,Generator,819,4,17.8,3,2.18,71.8,40.5,38.8,1.042,0.044,0.652,0
AST-MED-527,Medical,1956,53,31.9,7,1.71,36.5,8.2,33.8,0.415,0.589,0.489,0
AST-MED-602,Medical,1892,96,23.3,5,2.04,42.2,9.2,36.2,0.573,1.067,0.369,0
AST-ELE-396,Elevator,710,197,2.7,3,6.1,81.1,34.1,34.1,3.301,2.189,0.114,1
AST-MED-919,Medical,295,1,2.2,2,1.5,35.2,8.8,37.9,0.352,0.011,0.224,0
AST-HVA-958,HVAC,174,56,9.9,3,2.35,52.8,23.5,47.8,0.825,0.622,1.707,0
AST-GEN-580,Generator,862,5,24.2,6,1.69,86.0,47.6,41.3,0.97,0.056,0.842,0
AST-GEN-415,Generator,2175,45,83.2,16,5.13,71.8,50.1,29.0,2.454,0.5,1.148,0
AST-MED-985,Medical,1590,53,1.3,8,1.63,45.0,8.0,42.6,0.49,0.589,0.025,0
AST-MED-230,Medical,969,202,21.2,6,4.86,59.0,17.5,53.4,1.911,2.244,0.656,1
AST-LAB-182,Lab Equipment,504,143,0.0,0,3.39,59.3,17.0,56.1,1.341,1.589,0.0,0
AST-WAT-254,Water Pump,82,63,1.8,1,2.67,51.0,38.4,44.9,0.909,0.7,0.659,0
AST-IT -103,IT Server,1788,220,55.6,10,5.78,80.9,32.1,58.0,3.116,2.444,0.933,1
AST-ELE-837,Elevator,2416,85,0.1,8,2.4,61.3,29.6,44.6,0.98,0.944,0.001,0
AST-LAB-242,Lab Equipment,304,144,2.0,2,3.22,48.6,15.9,31.5,1.043,1.6,0.197,0
AST-ELE-780,Elevator,292,182,4.5,2,4.31,81.7,39.9,24.8,2.35,2.022,0.462,1
AST-ELE-267,Elevator,2088,196,62.0,11,6.0,71.4,42.2,43.4,2.856,2.178,0.891,1
AST-LAB-914,Lab Equipment,2499,8,71.6,14,2.89,56.1,13.4,63.1,1.08,0.089,0.86,0
AST-GEN-752,Generator,1632,109,71.9,10,4.02,82.7,55.5,55.0,2.215,1.211,1.322,1
AST-GEN-501,Generator,1274,123,17.8,5,2.93,83.0,52.7,44.9,1.621,1.367,0.419,1
AST-HVA-765,HVAC,1038,41,22.8,7,3.05,42.7,25.7,28.8,0.867,0.456,0.659,0
AST-WAT-434,Water Pump,2411,132,119.8,13,6.37,80.1,36.2,41.3,3.403,1.467,1.491,1
AST-HVA-297,HVAC,853,176,12.1,1,4.53,76.2,28.1,61.8,2.302,1.956,0.426,0
AST-HVA-834,HVAC,738,171,6.3,1,4.73,60.6,27.0,43.2,1.91,1.9,0.256,0
AST-MED-131,Medical,951,126,39.0,5,2.75,56.9,9.9,51.7,1.041,1.4,1.23,0
AST-MED-748,Medical,840,171,34.0,4,4.23,61.3,14.4,39.8,1.728,1.9,1.214,0
AST-ELE-305,Elevator,666,182,46.2,4,5.74,71.4,36.2,51.5,2.733,2.022,2.081,1
AST-MED-229,Medical,1865,177,90.7,6,5.39,69.9,17.1,51.2,2.509,1.967,1.459,1
AST-LAB-950,Lab Equipment,431,150,14.7,3,3.43,53.1,17.2,64.0,1.215,1.667,1.023,0
AST-HVA-932,HVAC,1052,14,10.6,2,1.63,59.9,32.3,36.0,0.651,0.156,0.302,0
AST-IT -565,IT Server,2305,16,172.6,18,2.94,65.1,15.7,67.4,1.275,0.178,2.246,1
AST-HVA-228,HVAC,1660,85,67.0,10,2.56,63.9,18.3,46.9,1.089,0.944,1.211,0
AST-WAT-974,Water Pump,1226,204,45.9,6,6.36,95.3,37.6,61.9,4.04,2.267,1.123,1
AST-HVA-612,HVAC,1486,41,1.9,3,2.36,52.8,23.8,56.9,0.83,0.456,0.038,0
AST-IT -617,IT Server,1004,130,8.3,1,2.37,49.8,19.0,48.2,0.787,1.444,0.248,0
AST-GEN-104,Generator,332,84,2.4,4,2.89,78.2,44.7,35.3,1.507,0.933,0.217,0
AST-IT -578,IT Server,1839,128,86.4,14,3.3,59.8,16.5,66.5,1.318,1.422,1.409,0
AST-IT -191,IT Server,1037,103,114.3,7,2.75,59.0,17.1,77.1,1.08,1.144,3.307,0
AST-LAB-977,Lab Equipment,1471,113,48.1,4,2.6,57.0,11.9,36.9,0.989,1.256,0.981,0
AST-MED-240,Medical,2111,231,31.4,16,6.43,79.1,21.0,27.5,3.39,2.567,0.446,0
AST-GEN-820,Generator,1614,28,28.4,5,3.99,56.2,52.2,40.2,1.497,0.311,0.528,0
AST-ELE-435,Elevator,1131,182,46.2,3,5.97,74.9,34.6,56.7,2.981,2.022,1.225,0
AST-ELE-934,Elevator,127,228,1.8,1,7.08,75.6,43.0,50.7,3.567,2.533,0.425,0
AST-GEN-676,Generator,1278,144,15.6,2,5.86,92.6,44.3,67.4,3.618,1.6,0.366,1
AST-IT -897,IT Server,1244,49,23.6,6,1.66,58.6,16.6,30.7,0.647,0.544,0.569,0
AST-ELE-933,Elevator,1078,190,27.8,11,5.37,78.8,39.2,49.6,2.824,2.111,0.774,0
AST-LAB-591,Lab Equipment,1706,222,51.5,14,5.8,80.1,21.3,54.9,3.098,2.467,0.906,1
AST-ELE-343,Elevator,2251,138,122.5,11,5.63,76.7,29.2,62.4,2.882,1.533,1.633,1
AST-MED-740,Medical,1422,5,59.9,10,1.83,42.9,8.1,56.4,0.524,0.056,1.264,0
AST-HVA-824,HVAC,2416,218,107.6,15,8.37,91.6,33.2,46.7,5.113,2.422,1.336,1
AST-MED-708,Medical,1449,185,16.5,11,4.14,60.4,14.5,79.4,1.667,2.056,0.342,0
AST-LAB-627,Lab Equipment,798,37,6.2,4,1.59,48.8,15.0,53.1,0.516,0.411,0.233,0
AST-IT -813,IT Server,1523,240,15.4,4,5.97,93.7,31.5,54.0,3.729,2.667,0.303,1
AST-WAT-292,Water Pump,1601,207,39.6,4,6.03,81.4,40.8,62.5,3.276,2.3,0.742,1
AST-HVA-693,HVAC,1196,23,3.9,6,2.31,59.8,25.9,35.9,0.922,0.256,0.098,0
AST-LAB-131,Lab Equipment,1730,99,12.6,13,2.09,53.7,12.4,63.8,0.748,1.1,0.218,0
AST-WAT-435,Water Pump,971,105,7.8,5,4.23,56.6,36.5,54.1,1.596,1.167,0.241,1
AST-IT -604,IT Server,2220,11,133.7,19,2.81,55.8,13.4,28.9,1.045,0.122,1.807,0
AST-LAB-239,Lab Equipment,32,172,12.4,1,3.7,67.5,17.8,56.1,1.666,1.911,11.625,0
AST-WAT-328,Water Pump,909,141,42.3,6,4.38,75.1,39.2,59.6,2.194,1.567,1.396,0
AST-HVA-168,HVAC,676,3,16.1,5,2.45,44.0,19.9,44.9,0.719,0.033,0.714,0
AST-IT -732,IT Server,1778,102,59.1,8,2.35,55.0,15.0,41.3,0.862,1.133,0.997,0
AST-LAB-325,Lab Equipment,1844,42,23.2,6,2.22,50.6,10.2,66.7,0.75,0.467,0.377,0
AST-GEN-762,Generator,1847,58,60.6,12,4.83,81.2,41.8,46.2,2.616,0.644,0.984,1
AST-MED-615,Medical,946,230,19.6,5,5.39,72.4,20.3,56.1,2.601,2.556,0.622,1
AST-LAB-594,Lab Equipment,33,118,2.7,1,1.89,44.4,13.5,48.4,0.559,1.311,2.455,0
AST-IT -744,IT Server,40,89,15.2,3,1.02,41.3,12.4,35.3,0.281,0.989,11.4,0
AST-WAT-433,Water Pump,2038,207,0.8,8,6.79,86.8,43.1,59.7,3.931,2.3,0.012,1
AST-WAT-966,Water Pump,823,151,8.6,2,4.26,75.5,36.3,57.7,2.144,1.678,0.313,0
AST-LAB-134,Lab Equipment,1331,67,12.2,7,1.97,42.3,13.7,50.8,0.555,0.744,0.275,0
AST-LAB-306,Lab Equipment,2491,63,39.6,16,2.09,49.1,12.4,55.8,0.685,0.7,0.477,0
AST-MED-843,Medical,2475,2,56.2,16,2.67,38.6,7.0,65.7,0.687,0.022,0.681,0
AST-ELE-449,Elevator,1138,109,37.2,6,2.14,62.8,41.7,45.0,0.895,1.211,0.981,0
AST-ELE-645,Elevator,2058,192,8.6,19,6.5,78.6,32.5,52.5,3.404,2.133,0.125,0
AST-ELE-776,Elevator,235,194,0.0,0,4.74,78.4,42.0,36.3,2.478,2.156,0.0,1
AST-IT -539,IT Server,2216,32,9.4,18,1.68,44.2,12.2,48.4,0.496,0.356,0.127,0
AST-GEN-438,Generator,899,25,1.9,3,2.73,49.4,49.7,41.8,0.899,0.278,0.063,0
AST-IT -920,IT Server,751,109,62.1,7,2.06,57.7,17.5,47.4,0.793,1.211,2.481,0
AST-LAB-230,Lab Equipment,1325,70,148.2,6,2.93,64.6,15.7,37.2,1.261,0.778,3.355,0
AST-WAT-620,Water Pump,229,176,1.8,1,5.1,78.7,39.3,30.5,2.68,1.956,0.236,1
AST-MED-628,Medical,241,79,0.0,0,1.21,38.2,7.9,56.9,0.307,0.878,0.0,0
AST-HVA-898,HVAC,1233,99,35.3,6,1.93,75.2,26.9,40.3,0.969,1.1,0.859,0
AST-MED-722,Medical,1942,197,85.3,9,5.86,72.2,15.2,46.9,2.823,2.189,1.318,1
AST-HVA-126,HVAC,318,235,8.9,2,6.12,82.6,32.5,42.5,3.372,2.611,0.84,1
AST-HVA-135,HVAC,1876,54,43.8,10,2.91,62.3,21.8,35.4,1.21,0.6,0.7,0
AST-MED-363,Medical,1637,113,48.1,9,2.2,46.5,10.2,68.0,0.682,1.256,0.881,0
AST-ELE-337,Elevator,1295,187,7.5,9,3.77,71.5,34.1,30.6,1.799,2.078,0.174,0
AST-GEN-964,Generator,1676,193,126.2,12,5.19,104.7,55.1,34.4,3.623,2.144,2.259,1
AST-WAT-687,Water Pump,162,142,0.0,0,6.01,78.6,41.2,42.7,3.15,1.578,0.0,0
AST-HVA-315,HVAC,469,148,9.9,3,3.26,68.7,28.6,66.0,1.495,1.644,0.633,0
AST-IT -487,IT Server,2069,18,55.6,9,1.89,49.6,15.9,59.3,0.623,0.2,0.806,0
AST-GEN-211,Generator,853,4,98.6,7,3.02,65.9,42.0,53.6,1.327,0.044,3.468,0
AST-GEN-776,Generator,2248,164,2.5,10,6.33,75.1,48.9,53.8,3.167,1.822,0.033,1
AST-WAT-826,Water Pump,747,92,129.0,6,1.88,68.7,31.1,32.1,0.863,1.022,5.181,0
AST-HVA-188,HVAC,2417,168,27.4,18,5.6,71.0,29.9,39.3,2.65,1.867,0.34,1
AST-WAT-461,Water Pump,2492,77,60.0,10,4.14,69.4,28.8,61.5,1.916,0.856,0.722,0
AST-HVA-691,HVAC,1233,43,74.3,6,3.37,55.9,25.8,39.4,1.257,0.478,1.808,0
AST-MED-164,Medical,773,81,18.4,8,2.0,41.2,7.8,45.6,0.548,0.9,0.714,0
AST-IT -739,IT Server,2445,10,85.6,19,2.15,59.9,16.8,47.7,0.86,0.111,1.05,0
AST-GEN-878,Generator,601,64,13.9,1,2.18,66.7,46.7,50.5,0.968,0.711,0.694,0
AST-ELE-558,Elevator,1745,120,59.6,13,4.61,65.2,26.5,51.9,2.003,1.333,1.025,1
AST-LAB-137,Lab Equipment,1616,213,36.5,3,6.24,70.3,22.1,64.0,2.925,2.367,0.678,1
AST-ELE-636,Elevator,2394,82,14.0,9,2.23,70.4,25.4,51.2,1.044,0.911,0.175,0
AST-WAT-172,Water Pump,857,200,18.4,7,5.81,76.3,40.0,39.9,2.956,2.222,0.644,0
AST-MED-117,Medical,900,145,17.0,8,3.12,49.1,11.7,60.1,1.023,1.611,0.567,0
AST-LAB-663,Lab Equipment,922,137,71.1,7,3.43,53.5,18.9,49.8,1.224,1.522,2.313,0
AST-MED-785,Medical,826,6,0.3,2,1.73,38.9,7.9,36.8,0.448,0.067,0.011,0
AST-IT -301,IT Server,1698,62,18.5,8,1.15,50.7,14.8,36.7,0.388,0.689,0.327,0
AST-WAT-682,Water Pump,867,163,0.0,0,5.08,83.5,32.3,29.5,2.827,1.811,0.0,0
AST-ELE-938,Elevator,1863,181,77.9,10,6.55,71.4,33.9,38.4,3.12,2.011,1.254,1
AST-LAB-870,Lab Equipment,1594,63,17.5,9,2.49,46.8,11.6,55.7,0.778,0.7,0.329,0
AST-HVA-583,HVAC,531,90,62.2,3,1.21,60.3,20.8,52.9,0.486,1.0,3.514,0
AST-IT -181,IT Server,2286,84,129.6,11,2.75,66.8,21.1,69.6,1.224,0.933,1.701,1
AST-GEN-944,Generator,461,20,9.7,4,2.74,59.7,56.9,53.0,1.091,0.222,0.631,0
AST-IT -524,IT Server,261,88,0.6,2,1.14,37.0,13.2,59.5,0.281,0.978,0.069,0
AST-LAB-515,Lab Equipment,1882,127,14.0,13,3.22,52.7,13.7,41.6,1.132,1.411,0.223,0
AST-GEN-821,Generator,2318,142,500.9,18,6.35,81.4,45.7,43.6,3.447,1.578,6.483,1
AST-WAT-134,Water Pump,962,16,12.1,7,3.52,60.4,24.3,65.1,1.418,0.178,0.377,0
AST-IT -554,IT Server,1339,206,35.9,9,5.23,62.2,23.7,48.9,2.166,2.289,0.804,1
AST-HVA-466,HVAC,2092,160,0.7,9,4.39,70.8,25.6,51.2,2.072,1.778,0.01,0
AST-GEN-343,Generator,82,54,1.6,2,2.46,72.4,44.3,62.5,1.185,0.6,0.585,0
AST-LAB-548,Lab Equipment,2032,136,36.5,10,3.81,56.0,16.9,40.9,1.423,1.511,0.539,0
AST-IT -992,IT Server,725,69,19.1,3,1.68,51.0,14.9,57.4,0.571,0.767,0.79,0
AST-LAB-778,Lab Equipment,746,97,8.2,2,1.91,45.7,14.0,51.6,0.583,1.078,0.33,0
AST-WAT-576,Water Pump,292,49,14.6,4,3.28,52.6,31.4,33.1,1.15,0.544,1.5,0
AST-MED-690,Medical,1726,123,13.1,6,2.94,49.0,9.7,54.0,0.959,1.367,0.228,0
AST-ELE-472,Elevator,418,178,45.1,4,6.41,81.1,41.2,48.3,3.464,1.978,3.237,1
AST-MED-334,Medical,1883,92,28.4,11,2.13,46.3,9.3,46.2,0.657,1.022,0.452,0
AST-MED-554,Medical,1260,207,36.8,4,5.5,57.2,18.3,62.0,2.098,2.3,0.876,1
AST-WAT-943,Water Pump,2152,137,13.4,19,3.78,69.9,34.8,69.8,1.759,1.522,0.187,1
AST-WAT-430,Water Pump,601,185,0.3,1,4.48,82.8,40.3,68.4,2.474,2.056,0.015,1
AST-WAT-718,Water Pump,2378,13,176.5,14,2.31,65.7,40.6,51.8,1.014,0.144,2.227,0
AST-WAT-633,Water Pump,1526,27,252.8,8,5.51,74.5,34.3,42.1,2.736,0.3,4.97,1
AST-HVA-938,HVAC,489,81,42.1,3,3.19,55.0,18.2,48.2,1.17,0.9,2.583,0
AST-LAB-355,Lab Equipment,981,140,20.3,6,3.26,47.6,18.8,32.3,1.035,1.556,0.621,0
AST-HVA-427,HVAC,1913,110,113.8,8,4.76,67.9,23.8,52.2,2.154,1.222,1.785,1
AST-LAB-606,Lab Equipment,181,167,9.3,1,3.51,61.1,18.7,47.5,1.43,1.856,1.541,0
AST-ELE-523,Elevator,2209,3,145.2,13,2.65,60.2,26.7,51.2,1.062,0.033,1.972,0
AST-IT -307,IT Server,2094,189,79.8,10,5.45,71.9,25.4,47.6,2.612,2.1,1.143,1
AST-HVA-980,HVAC,2417,58,173.9,10,3.06,63.4,15.1,69.7,1.295,0.644,2.158,1
AST-MED-819,Medical,277,46,8.7,2,1.35,34.8,8.5,49.3,0.313,0.511,0.942,0
AST-MED-621,Medical,1784,14,12.6,9,1.96,42.3,8.2,66.4,0.554,0.156,0.212,0
AST-ELE-406,Elevator,1439,97,3.1,4,2.71,66.9,30.5,56.8,1.209,1.078,0.065,0
AST-GEN-974,Generator,876,200,14.0,7,4.38,89.4,57.1,42.8,2.61,2.222,0.479,1
AST-GEN-350,Generator,1261,160,81.3,10,6.11,83.9,51.5,30.0,3.416,1.778,1.934,0
AST-MED-241,Medical,1172,197,10.3,7,4.73,62.1,14.6,48.9,1.959,2.189,0.264,1
AST-HVA-447,HVAC,345,82,5.3,1,1.15,58.2,16.2,57.5,0.445,0.911,0.461,0
AST-WAT-445,Water Pump,1957,219,75.7,7,8.86,97.1,46.1,54.2,5.739,2.433,1.16,1
AST-ELE-236,Elevator,1678,50,2.1,7,2.29,67.9,24.8,63.6,1.035,0.556,0.038,0
AST-HVA-943,HVAC,859,206,23.4,7,5.71,88.6,27.1,64.4,3.373,2.289,0.817,1
AST-MED-793,Medical,625,119,3.8,1,1.86,40.4,10.7,68.0,0.501,1.322,0.182,0
AST-HVA-781,HVAC,2181,192,232.5,11,6.9,84.1,29.5,79.2,3.867,2.133,3.198,1
AST-WAT-264,Water Pump,2124,233,5.4,7,7.17,90.0,48.7,43.2,4.301,2.589,0.076,1
AST-IT -573,IT Server,1057,124,22.8,4,2.56,48.7,18.2,53.7,0.831,1.378,0.647,0
AST-WAT-284,Water Pump,913,162,47.6,8,5.41,78.5,36.2,62.7,2.832,1.8,1.564,1
AST-GEN-800,Generator,2309,89,132.3,16,3.04,75.6,43.5,50.4,1.534,0.989,1.719,1
AST-MED-580,Medical,2324,194,7.5,16,5.33,66.3,16.8,42.3,2.356,2.156,0.097,1
AST-WAT-811,Water Pump,789,106,7.7,4,3.82,52.8,26.8,56.3,1.345,1.178,0.293,0
AST-IT -988,IT Server,805,236,51.8,6,6.27,71.7,24.9,46.0,2.996,2.622,1.93,1
AST-IT -258,IT Server,762,186,0.0,0,4.04,68.0,25.2,20.0,1.832,2.067,0.0,0
AST-MED-192,Medical,749,239,11.7,3,5.89,66.6,20.0,54.2,2.615,2.656,0.469,0
AST-GEN-242,Generator,2120,193,3.7,7,6.99,79.5,65.6,47.3,3.706,2.144,0.052,1
AST-WAT-882,Water Pump,1634,48,2.6,5,2.24,49.0,29.8,50.6,0.733,0.533,0.048,0
AST-ELE-693,Elevator,1056,223,40.5,7,6.78,97.9,43.7,61.7,4.43,2.478,1.151,1
AST-IT -469,IT Server,1154,88,61.8,7,1.7,55.3,15.9,31.9,0.626,0.978,1.607,0
AST-HVA-963,HVAC,2238,157,7.0,11,3.89,60.3,32.5,45.3,1.564,1.744,0.094,1
AST-IT -642,IT Server,1009,22,4.8,1,1.38,47.3,14.7,46.7,0.434,0.244,0.143,0
AST-HVA-152,HVAC,981,89,44.2,9,1.52,70.3,24.5,38.0,0.712,0.989,1.352,0
AST-HVA-307,HVAC,679,130,6.9,4,2.18,60.5,27.8,43.1,0.881,1.444,0.305,0
AST-LAB-295,Lab Equipment,1366,171,21.3,7,4.62,68.3,18.9,55.9,2.105,1.9,0.468,1
AST-IT -109,IT Server,1293,115,46.9,12,2.56,45.6,15.9,22.7,0.78,1.278,1.088,0
AST-WAT-659,Water Pump,1587,93,22.0,7,3.52,64.4,31.3,42.3,1.512,1.033,0.416,0
AST-LAB-948,Lab Equipment,2093,150,39.5,6,4.12,60.9,17.4,37.6,1.671,1.667,0.566,0
AST-ELE-242,Elevator,408,50,2.5,1,1.45,58.8,27.1,42.4,0.57,0.556,0.184,0
AST-ELE-912,Elevator,1531,16,14.3,6,3.33,60.8,27.0,44.3,1.348,0.178,0.28,0
AST-GEN-970,Generator,2241,105,133.7,10,4.02,74.8,48.6,29.2,2.006,1.167,1.79,1
AST-MED-495,Medical,1226,161,48.0,6,4.31,59.9,13.7,52.2,1.719,1.789,1.175,1
AST-LAB-495,Lab Equipment,237,176,47.7,2,4.54,59.1,19.1,75.7,1.787,1.956,6.038,0
AST-WAT-994,Water Pump,2234,45,4.0,15,3.36,64.2,36.5,54.0,1.437,0.5,0.054,0
AST-IT -274,IT Server,1510,140,91.9,9,3.52,77.3,21.2,61.9,1.814,1.556,1.826,1
AST-IT -712,IT Server,1215,102,85.1,11,2.31,65.5,16.0,51.9,1.007,1.133,2.101,0
AST-ELE-318,Elevator,1639,54,35.1,7,1.32,70.1,21.8,46.6,0.615,0.6,0.642,0
AST-GEN-349,Generator,97,219,0.0,0,4.85,74.5,61.6,46.2,2.406,2.433,0.0,0
AST-LAB-142,Lab Equipment,452,121,16.4,1,2.51,52.4,14.0,49.5,0.875,1.344,1.088,0
AST-LAB-255,Lab Equipment,2135,197,76.2,8,5.17,74.1,21.3,57.4,2.554,2.189,1.071,1
AST-GEN-817,Generator,1689,80,56.8,15,4.1,57.2,58.4,47.2,1.563,0.889,1.009,0
AST-IT -945,IT Server,1193,201,23.2,7,4.96,69.7,26.7,69.7,2.305,2.233,0.583,0
AST-LAB-388,Lab Equipment,2368,21,192.8,15,3.41,52.9,10.4,44.5,1.203,0.233,2.443,1
AST-LAB-926,Lab Equipment,1011,66,11.1,1,1.32,49.2,12.6,32.4,0.433,0.733,0.329,0
AST-ELE-327,Elevator,171,59,0.0,1,1.42,44.4,17.6,41.9,0.421,0.656,0.0,0
AST-HVA-830,HVAC,431,100,0.4,5,1.62,51.0,25.8,67.5,0.552,1.111,0.028,0
AST-WAT-484,Water Pump,1797,46,56.4,9,4.2,65.1,36.6,54.5,1.822,0.511,0.942,0
AST-GEN-636,Generator,1152,93,5.0,2,3.02,69.5,48.5,56.1,1.398,1.033,0.13,0
AST-MED-174,Medical,1218,193,24.1,2,4.52,62.4,16.9,33.6,1.882,2.144,0.594,1
AST-ELE-439,Elevator,1888,158,80.2,10,4.74,70.0,36.3,70.9,2.211,1.756,1.274,0
AST-WAT-487,Water Pump,653,42,111.5,5,3.53,73.8,34.1,74.6,1.738,0.467,5.123,0
AST-MED-177,Medical,456,163,28.0,5,3.77,53.6,13.5,45.6,1.345,1.811,1.842,1
AST-MED-639,Medical,1778,21,13.5,15,1.64,50.7,8.4,56.1,0.555,0.233,0.228,0
AST-ELE-892,Elevator,1728,192,121.6,10,7.47,110.6,34.7,44.3,5.506,2.133,2.111,1
AST-ELE-909,Elevator,276,47,4.0,1,2.72,51.8,23.3,43.4,0.939,0.522,0.435,0
AST-HVA-403,HVAC,1745,152,83.6,8,5.54,83.8,25.1,59.2,3.095,1.689,1.437,1
AST-HVA-552,HVAC,1102,157,6.1,9,3.42,66.2,24.8,48.1,1.509,1.744,0.166,0
AST-GEN-623,Generator,463,233,50.2,5,7.25,104.2,52.9,38.6,5.039,2.589,3.253,1
AST-LAB-940,Lab Equipment,579,231,8.5,1,6.1,73.8,24.0,44.1,3.002,2.567,0.44,1
AST-HVA-124,HVAC,1735,100,67.6,6,2.68,66.5,29.8,53.1,1.187,1.111,1.169,0
AST-IT -657,IT Server,1209,82,45.6,9,1.94,60.0,12.8,58.7,0.777,0.911,1.132,0
AST-WAT-326,Water Pump,634,233,2.8,2,7.37,82.2,46.4,59.7,4.04,2.589,0.132,1
AST-MED-157,Medical,757,234,16.6,5,6.05,70.5,20.2,54.9,2.845,2.6,0.658,1
AST-GEN-316,Generator,2179,147,21.1,7,5.28,98.1,47.3,45.9,3.454,1.633,0.291,1
AST-MED-860,Medical,1071,217,15.8,6,5.34,63.6,18.2,72.7,2.265,2.411,0.443,0
AST-LAB-178,Lab Equipment,307,165,1.4,1,3.85,57.1,18.9,37.2,1.466,1.833,0.137,0
AST-ELE-575,Elevator,732,158,41.9,5,5.38,75.0,34.7,58.0,2.693,1.756,1.717,1
AST-HVA-272,HVAC,1028,170,6.2,5,4.17,60.3,31.8,57.1,1.677,1.889,0.181,0
AST-MED-754,Medical,154,216,0.0,0,4.81,64.8,18.0,47.3,2.076,2.4,0.0,0
AST-LAB-196,Lab Equipment,1064,139,51.7,6,3.61,48.2,17.6,65.6,1.162,1.544,1.458,0
AST-GEN-772,Generator,845,199,14.0,5,4.93,92.4,67.1,58.8,3.037,2.211,0.497,1
AST-WAT-182,Water Pump,1073,117,0.0,0,2.84,63.8,41.9,55.8,1.208,1.3,0.0,0
AST-MED-465,Medical,1076,189,11.5,8,4.49,55.0,16.8,71.1,1.647,2.1,0.321,0
AST-GEN-676,Generator,2292,178,6.2,7,6.89,91.7,43.7,44.7,4.215,1.978,0.081,1
AST-WAT-876,Water Pump,2401,46,3.3,12,3.1,74.6,43.5,52.8,1.54,0.511,0.041,0
AST-WAT-901,Water Pump,766,130,13.7,4,3.57,60.6,30.7,30.1,1.441,1.444,0.537,0
AST-IT -173,IT Server,1490,202,71.3,11,5.39,71.8,24.1,36.2,2.579,2.244,1.436,1
AST-HVA-621,HVAC,2432,221,15.0,22,7.06,73.5,36.3,38.3,3.459,2.456,0.185,0
AST-MED-242,Medical,483,217,27.2,3,5.47,63.5,19.2,54.7,2.316,2.411,1.689,1
AST-LAB-660,Lab Equipment,44,31,2.5,1,1.4,52.0,11.7,51.6,0.485,0.344,1.705,0
AST-GEN-527,Generator,1791,43,67.9,10,4.2,83.0,43.2,54.8,2.324,0.478,1.137,1
AST-HVA-971,HVAC,1371,195,85.2,4,5.88,81.9,27.3,57.4,3.212,2.167,1.864,1
AST-ELE-333,Elevator,586,72,45.4,2,1.93,66.2,23.2,37.9,0.852,0.8,2.324,0
AST-IT -164,IT Server,978,228,18.7,4,5.62,76.6,23.8,51.8,2.87,2.533,0.574,1
AST-GEN-155,Generator,1041,210,7.8,2,6.5,95.8,47.4,55.6,4.152,2.333,0.225,1
AST-WAT-272,Water Pump,1526,12,90.3,11,3.66,76.9,32.7,41.0,1.874,0.133,1.775,0
AST-GEN-598,Generator,1056,154,83.8,5,6.04,88.2,45.8,49.0,3.555,1.711,2.381,1
AST-GEN-907,Generator,1011,144,26.4,5,5.59,92.5,47.9,55.5,3.444,1.6,0.783,1
AST-MED-402,Medical,223,195,3.3,2,4.06,61.4,14.5,53.9,1.663,2.167,0.444,0
AST-ELE-959,Elevator,980,124,24.9,3,3.63,62.6,32.8,46.8,1.517,1.378,0.762,0
AST-MED-363,Medical,892,153,111.7,6,4.67,65.7,11.3,49.8,2.048,1.7,3.757,1
AST-MED-258,Medical,2332,194,6.2,16,4.79,69.1,17.5,41.3,2.206,2.156,0.08,1
AST-IT -119,IT Server,812,58,31.6,3,1.5,54.2,14.2,53.5,0.54,0.644,1.167,0
AST-IT -520,IT Server,1073,211,89.3,4,5.92,69.3,24.4,51.2,2.734,2.344,2.497,1
AST-IT -521,IT Server,1036,213,83.4,4,5.94,77.8,25.1,57.8,3.081,2.367,2.415,1
AST-ELE-147,Elevator,2140,82,20.6,7,4.31,56.6,30.6,75.1,1.624,0.911,0.289,0
AST-MED-158,Medical,1145,240,10.0,5,6.53,71.5,21.1,58.1,3.113,2.667,0.262,1
AST-WAT-607,Water Pump,463,86,14.0,3,2.85,54.0,32.7,44.7,1.028,0.956,0.907,0
AST-WAT-422,Water Pump,512,143,0.0,0,3.41,77.5,40.2,50.7,1.761,1.589,0.0,0
AST-GEN-577,Generator,2029,44,202.8,10,5.39,75.5,56.5,56.6,2.712,0.489,2.999,1
AST-IT -153,IT Server,2009,65,98.5,10,2.26,49.3,14.9,43.8,0.743,0.722,1.471,0
AST-LAB-686,Lab Equipment,978,146,20.5,6,3.39,53.5,14.5,24.2,1.211,1.622,0.629,0
AST-HVA-582,HVAC,541,125,1.1,1,1.83,52.6,26.2,38.8,0.641,1.389,0.061,0
AST-WAT-831,Water Pump,70,8,0.0,0,1.76,59.6,34.2,56.8,0.699,0.089,0.0,0
AST-MED-465,Medical,1645,136,33.5,13,3.94,56.8,12.6,59.6,1.491,1.511,0.611,0
AST-IT -804,IT Server,1164,235,34.1,4,5.9,83.3,28.7,36.6,3.279,2.611,0.879,1
AST-LAB-437,Lab Equipment,2023,194,3.4,11,5.05,69.8,20.8,68.6,2.349,2.156,0.05,1
AST-MED-899,Medical,1169,154,96.7,8,4.57,60.5,14.2,64.0,1.846,1.711,2.482,1
AST-LAB-105,Lab Equipment,1842,35,120.5,11,3.05,55.6,9.7,53.2,1.13,0.389,1.963,0
AST-LAB-847,Lab Equipment,267,197,0.1,1,4.21,69.4,20.9,63.2,1.949,2.189,0.011,0
AST-WAT-581,Water Pump,1108,27,5.3,10,1.83,64.0,33.4,56.1,0.78,0.3,0.144,0
AST-IT -208,IT Server,2255,1,125.9,15,3.07,62.5,16.0,25.3,1.281,0.011,1.675,1
AST-IT -708,IT Server,893,129,11.6,1,2.66,58.4,13.9,71.0,1.034,1.433,0.39,0
AST-MED-960,Medical,573,203,7.0,1,4.61,62.7,17.7,24.9,1.924,2.256,0.366,0
AST-IT -740,IT Server,1185,2,3.8,2,1.29,50.1,15.3,49.2,0.429,0.022,0.096,0
AST-IT -352,IT Server,1525,30,23.4,6,1.63,46.4,10.6,38.2,0.505,0.333,0.46,0
AST-GEN-505,Generator,1375,124,27.7,7,3.98,78.4,57.9,31.6,2.08,1.378,0.604,0
AST-MED-235,Medical,1793,108,98.3,7,3.38,55.8,10.4,61.4,1.259,1.2,1.645,0
AST-IT -152,IT Server,918,171,78.7,6,4.31,69.1,23.1,50.4,1.986,1.9,2.572,0
AST-LAB-301,Lab Equipment,1669,121,51.2,5,3.56,50.5,12.1,54.3,1.198,1.344,0.92,0
AST-LAB-422,Lab Equipment,642,67,9.4,3,1.11,39.2,13.9,62.2,0.291,0.744,0.439,0
AST-IT -168,IT Server,1047,87,58.5,6,1.57,53.4,13.5,64.9,0.559,0.967,1.676,0
AST-LAB-374,Lab Equipment,671,157,23.6,3,3.71,48.6,16.7,29.0,1.204,1.744,1.055,0
AST-IT -335,IT Server,931,3,4.3,3,1.44,44.5,8.8,48.0,0.426,0.033,0.139,0
AST-IT -881,IT Server,1495,62,102.0,11,2.42,54.0,15.1,61.2,0.87,0.689,2.047,0
AST-GEN-858,Generator,1656,11,28.9,10,2.32,68.4,39.2,20.0,1.06,0.122,0.524,0
AST-IT -454,IT Server,800,47,19.5,5,1.14,55.7,18.9,48.4,0.424,0.522,0.731,0
AST-IT -956,IT Server,1946,226,4.3,8,5.69,80.5,26.0,34.0,3.056,2.511,0.066,1
AST-ELE-985,Elevator,153,24,7.8,2,2.76,64.7,27.3,69.9,1.191,0.267,1.529,0
AST-IT -929,IT Server,2497,126,50.7,10,3.18,59.2,16.2,71.6,1.254,1.4,0.609,0
AST-MED-566,Medical,1377,70,1.6,4,1.71,37.4,7.3,63.6,0.427,0.778,0.035,0
AST-GEN-788,Generator,1871,220,20.1,13,6.57,95.5,50.9,33.3,4.179,2.444,0.322,1
AST-MED-879,Medical,2440,158,249.3,11,5.91,67.9,12.6,58.1,2.676,1.756,3.065,1
AST-LAB-569,Lab Equipment,2217,18,118.7,11,2.62,51.4,10.5,53.1,0.899,0.2,1.606,0
AST-MED-942,Medical,1624,221,24.8,7,5.73,64.6,17.9,42.4,2.468,2.456,0.458,1
AST-LAB-561,Lab Equipment,984,157,8.4,5,5.0,60.7,16.6,50.5,2.025,1.744,0.256,0
AST-WAT-132,Water Pump,851,198,18.3,7,5.09,91.1,38.6,28.6,3.091,2.2,0.645,1
AST-HVA-451,HVAC,1955,53,177.4,7,3.4,68.9,15.1,59.5,1.561,0.589,2.722,0
AST-LAB-654,Lab Equipment,2407,25,13.1,9,2.42,44.8,13.2,52.7,0.723,0.278,0.163,0
AST-IT -986,IT Server,112,76,0.0,0,0.89,41.6,14.7,44.9,0.248,0.844,0.0,0
AST-ELE-790,Elevator,2065,227,115.9,10,7.59,94.2,43.4,23.7,4.764,2.522,1.684,1
AST-IT -754,IT Server,1168,228,32.1,6,5.53,78.6,24.0,55.4,2.9,2.533,0.824,1
AST-LAB-976,Lab Equipment,691,207,40.7,6,4.87,58.2,19.8,53.3,1.891,2.3,1.767,1
AST-ELE-614,Elevator,2103,117,7.8,5,3.87,71.2,32.9,31.2,1.834,1.3,0.111,0
AST-WAT-169,Water Pump,1768,237,68.1,8,7.04,100.9,36.1,49.7,4.733,2.633,1.156,1
AST-HVA-496,HVAC,1341,130,1.1,4,3.78,56.8,25.4,58.3,1.431,1.444,0.025,0
AST-GEN-520,Generator,1042,79,21.9,6,4.54,78.4,51.1,67.1,2.371,0.878,0.631,0
AST-HVA-132,HVAC,1110,138,10.3,5,3.71,64.4,27.2,58.9,1.592,1.533,0.278,0
AST-LAB-669,Lab Equipment,1748,116,11.6,8,2.28,51.2,15.1,56.2,0.777,1.289,0.199,0
AST-HVA-248,HVAC,1607,84,164.2,14,3.24,52.5,20.3,49.3,1.134,0.933,3.065,0
AST-ELE-263,Elevator,2279,213,311.5,17,6.42,96.5,40.9,52.4,4.13,2.367,4.1,1
AST-GEN-961,Generator,2433,216,37.8,17,7.34,96.4,59.8,40.6,4.716,2.4,0.466,1
AST-WAT-602,Water Pump,2332,160,34.7,8,5.61,88.6,41.7,36.5,3.313,1.778,0.446,1
AST-IT -621,IT Server,1533,234,49.0,6,6.17,78.0,27.8,30.5,3.208,2.6,0.959,1
AST-MED-691,Medical,2415,17,0.7,11,1.89,45.1,9.1,47.0,0.57,0.189,0.009,0
AST-LAB-126,Lab Equipment,2200,75,117.2,16,3.33,57.6,14.5,53.0,1.278,0.833,1.598,1
AST-ELE-456,Elevator,2324,200,21.1,10,7.8,90.6,36.3,25.9,4.714,2.222,0.272,1
AST-MED-297,Medical,1935,183,3.9,11,4.58,57.3,15.6,59.6,1.752,2.033,0.06,1
AST-ELE-913,Elevator,1169,55,48.3,7,3.36,58.7,27.1,57.0,1.316,0.611,1.24,0
AST-LAB-308,Lab Equipment,537,136,24.9,3,2.7,54.3,14.7,51.1,0.978,1.511,1.391,0
AST-IT -513,IT Server,2053,6,14.1,11,1.67,36.6,12.4,51.9,0.407,0.067,0.206,0
AST-HVA-545,HVAC,1076,66,29.7,8,1.41,40.4,23.5,45.2,0.379,0.733,0.828,0
AST-WAT-197,Water Pump,1139,192,0.7,9,7.08,71.3,42.3,50.5,3.364,2.133,0.018,1
AST-HVA-160,HVAC,1143,10,47.7,9,2.44,49.2,21.7,34.3,0.801,0.111,1.252,0
AST-MED-520,Medical,214,39,0.0,1,1.66,31.1,6.5,51.0,0.345,0.433,0.0,0
AST-WAT-225,Water Pump,238,187,29.1,4,5.69,88.2,48.6,47.5,3.344,2.078,3.668,1
AST-WAT-141,Water Pump,1850,197,36.2,10,7.16,89.3,38.1,20.0,4.26,2.189,0.587,0
AST-LAB-262,Lab Equipment,2423,106,77.3,20,3.17,56.2,9.9,43.3,1.188,1.178,0.957,0
AST-GEN-280,Generator,2331,129,51.2,12,3.17,91.7,50.9,58.4,1.937,1.433,0.659,1
AST-MED-867,Medical,1281,40,12.6,7,1.73,36.9,8.1,63.4,0.426,0.444,0.295,0
AST-GEN-860,Generator,1125,67,6.9,5,2.37,77.8,47.0,54.0,1.23,0.744,0.184,0
AST-ELE-597,Elevator,2388,211,39.9,11,6.92,92.4,41.6,20.0,4.261,2.344,0.501,1
AST-GEN-984,Generator,1565,30,12.2,15,2.82,65.4,50.7,69.9,1.23,0.333,0.234,0
AST-ELE-710,Elevator,1997,177,53.2,9,5.08,73.4,31.6,63.4,2.483,1.967,0.799,1
AST-LAB-517,Lab Equipment,1347,71,6.4,6,1.65,49.8,9.0,50.1,0.546,0.789,0.143,0
AST-MED-620,Medical,1920,215,9.4,15,6.12,59.7,19.4,51.6,2.435,2.389,0.147,1
AST-ELE-844,Elevator,1026,171,116.6,6,4.6,92.5,31.0,55.0,2.837,1.9,3.409,1
AST-HVA-161,HVAC,1351,49,5.2,10,1.88,58.5,24.2,56.7,0.733,0.544,0.115,0
AST-ELE-812,Elevator,615,91,49.7,4,2.32,59.3,31.8,45.6,0.918,1.011,2.424,0
AST-IT -156,IT Server,1791,178,351.2,8,5.36,77.3,22.7,69.4,2.762,1.978,5.883,1
AST-LAB-223,Lab Equipment,2316,83,44.3,14,3.16,56.3,8.1,54.3,1.186,0.922,0.574,0
AST-LAB-102,Lab Equipment,467,122,9.1,5,2.6,48.3,13.7,53.7,0.838,1.356,0.585,0
AST-GEN-817,Generator,112,66,6.3,2,3.31,65.5,52.0,45.9,1.445,0.733,1.688,0
AST-GEN-458,Generator,1574,204,25.1,8,6.4,101.4,66.9,56.6,4.327,2.267,0.478,1
AST-MED-223,Medical,853,231,4.2,6,5.34,79.5,18.2,46.3,2.832,2.567,0.148,1
AST-ELE-506,Elevator,2054,120,6.3,17,4.21,62.6,31.6,33.3,1.757,1.333,0.092,0
AST-LAB-895,Lab Equipment,32,113,1.3,1,2.55,48.9,15.2,69.8,0.832,1.256,1.219,0
AST-GEN-558,Generator,2387,181,10.9,12,6.37,86.1,47.9,44.9,3.653,2.011,0.137,1
AST-LAB-205,Lab Equipment,1828,111,71.9,11,2.83,60.9,13.0,57.3,1.151,1.233,1.18,0
AST-MED-109,Medical,1711,224,435.0,14,7.66,74.6,22.0,71.0,3.809,2.489,7.627,1
AST-MED-282,Medical,1908,41,197.6,13,3.23,44.8,8.0,41.6,0.966,0.456,3.107,0
AST-IT -124,IT Server,1234,54,33.1,7,1.3,53.2,13.8,38.8,0.459,0.6,0.805,0
AST-ELE-203,Elevator,2025,233,4.5,13,8.74,88.5,45.9,45.0,5.156,2.589,0.067,1
AST-LAB-507,Lab Equipment,584,239,11.0,1,5.84,72.1,24.0,59.5,2.807,2.656,0.565,0
AST-WAT-548,Water Pump,171,37,29.1,2,3.51,48.7,41.5,48.1,1.14,0.411,5.105,0
AST-MED-352,Medical,324,102,0.6,1,1.87,41.9,9.4,52.9,0.522,1.133,0.056,0
AST-GEN-688,Generator,303,82,7.3,1,3.48,62.4,58.4,44.2,1.45,0.911,0.723,0
AST-LAB-379,Lab Equipment,2006,33,137.5,9,3.18,55.5,10.9,58.0,1.175,0.367,2.056,0
AST-HVA-945,HVAC,1188,99,230.6,8,4.24,67.2,16.6,55.5,1.901,1.1,5.823,1
AST-IT -261,IT Server,213,175,10.3,2,3.58,60.4,21.4,48.6,1.442,1.944,1.451,0
AST-IT -121,IT Server,1630,178,73.1,9,4.47,67.1,25.0,65.0,1.999,1.978,1.345,0
AST-MED-827,Medical,1467,9,43.3,11,2.3,49.0,8.8,66.8,0.75,0.1,0.885,0
AST-GEN-502,Generator,294,61,1.9,2,1.75,61.3,36.2,54.1,0.714,0.678,0.194,0
AST-ELE-738,Elevator,1960,58,60.7,5,4.84,76.5,28.5,28.8,2.472,0.644,0.929,1
AST-GEN-258,Generator,257,209,5.4,2,6.69,95.8,58.2,44.5,4.27,2.322,0.63,1
AST-LAB-493,Lab Equipment,1828,112,8.4,8,2.58,50.3,15.8,33.1,0.867,1.244,0.138,0
AST-MED-393,Medical,47,84,0.0,0,1.35,36.6,8.6,43.4,0.329,0.933,0.0,0
AST-ELE-283,Elevator,1167,41,20.3,2,1.17,61.2,22.5,68.0,0.476,0.456,0.522,0
AST-ELE-216,Elevator,1717,145,45.9,7,4.31,75.8,23.9,74.1,2.177,1.611,0.802,1
AST-MED-329,Medical,712,129,20.1,4,2.54,54.7,10.9,56.5,0.928,1.433,0.847,0
AST-HVA-577,HVAC,2283,171,45.0,15,5.72,65.7,30.0,20.0,2.507,1.9,0.591,1
AST-IT -169,IT Server,1012,133,120.2,10,3.53,69.4,15.7,57.2,1.631,1.478,3.563,1
AST-MED-563,Medical,948,48,1.5,4,1.77,46.8,7.5,40.7,0.554,0.533,0.047,0
AST-LAB-894,Lab Equipment,1846,220,14.2,10,6.1,70.6,26.4,51.0,2.873,2.444,0.231,1
AST-ELE-673,Elevator,1606,76,54.6,11,4.17,52.9,32.6,44.1,1.471,0.844,1.02,0
AST-WAT-481,Water Pump,576,105,0.0,0,3.71,65.3,31.6,39.4,1.618,1.167,0.0,0
AST-HVA-130,HVAC,1834,3,28.2,5,2.03,45.7,25.3,47.3,0.619,0.033,0.461,0
AST-MED-781,Medical,1526,128,92.2,10,3.97,49.7,8.9,33.7,1.317,1.422,1.813,1
AST-GEN-737,Generator,1559,10,24.4,12,3.59,63.4,37.2,42.4,1.518,0.111,0.47,0
AST-IT -604,IT Server,1123,75,1.5,5,0.86,37.9,16.0,61.3,0.217,0.833,0.04,0
AST-WAT-295,Water Pump,1437,238,143.3,10,8.86,103.0,43.8,41.7,6.079,2.644,2.992,1
AST-IT -957,IT Server,2267,151,293.0,18,4.71,66.6,22.7,35.9,2.088,1.678,3.877,1
AST-GEN-425,Generator,2329,102,139.2,12,3.38,79.4,43.9,46.0,1.787,1.133,1.793,1
AST-WAT-508,Water Pump,1039,81,7.2,2,3.74,69.0,32.1,61.4,1.719,0.9,0.208,0
AST-HVA-492,HVAC,796,86,5.2,4,2.4,57.1,22.5,29.4,0.914,0.956,0.196,0
AST-HVA-474,HVAC,387,124,0.0,0,2.04,62.2,27.3,41.5,0.845,1.378,0.0,0
AST-IT -993,IT Server,1859,178,23.8,9,4.67,74.6,25.0,42.8,2.322,1.978,0.384,0
AST-HVA-986,HVAC,2426,52,36.9,14,2.76,56.8,19.8,39.6,1.045,0.578,0.456,0
AST-IT -356,IT Server,2438,86,102.0,17,2.6,44.3,12.6,57.2,0.769,0.956,1.255,0
AST-WAT-276,Water Pump,1890,206,144.2,10,6.93,93.6,41.6,35.6,4.326,2.289,2.289,1
AST-WAT-989,Water Pump,1058,207,26.2,11,6.78,80.3,36.5,43.7,3.63,2.3,0.743,1
AST-IT -761,IT Server,111,172,0.0,0,3.73,66.9,23.0,46.3,1.663,1.911,0.0,1
AST-LAB-533,Lab Equipment,683,29,6.3,7,2.25,41.0,14.0,38.4,0.615,0.322,0.277,0
AST-MED-526,Medical,395,102,16.9,4,1.59,39.6,7.4,50.9,0.42,1.133,1.284,0
AST-LAB-178,Lab Equipment,1340,39,31.0,7,2.21,47.7,12.8,53.9,0.702,0.433,0.694,0
AST-WAT-541,Water Pump,1403,64,11.2,7,2.51,59.8,32.0,46.3,1.002,0.711,0.239,0
AST-GEN-230,Generator,1101,232,41.8,4,7.24,86.7,57.0,65.3,4.185,2.578,1.139,1
AST-LAB-140,Lab Equipment,2119,25,19.3,13,2.26,46.0,9.7,51.4,0.695,0.278,0.273,0
AST-HVA-209,HVAC,1134,136,75.9,5,5.04,86.6,21.0,47.1,2.911,1.511,2.008,1
AST-GEN-696,Generator,1843,19,65.0,8,3.46,66.8,40.7,60.3,1.542,0.211,1.058,0
AST-IT -379,IT Server,208,199,0.0,0,4.44,64.8,26.7,48.2,1.92,2.211,0.0,0
AST-IT -774,IT Server,1058,64,24.4,2,1.49,54.7,14.3,43.1,0.543,0.711,0.692,0
AST-WAT-409,Water Pump,2298,171,164.4,13,7.04,86.2,35.3,44.9,4.049,1.9,2.146,1
AST-WAT-763,Water Pump,519,208,9.0,1,7.17,78.1,34.0,47.3,3.733,2.311,0.52,1
AST-LAB-627,Lab Equipment,480,125,1.4,3,3.39,52.7,18.4,50.7,1.19,1.389,0.087,0
AST-IT -355,IT Server,63,187,6.9,1,3.81,71.3,24.8,45.0,1.81,2.078,3.286,1
AST-WAT-118,Water Pump,1355,132,29.3,6,4.33,59.2,29.0,25.2,1.711,1.467,0.649,0
AST-IT -722,IT Server,78,85,0.0,0,1.35,42.2,14.6,48.2,0.379,0.944,0.0,0
AST-IT -142,IT Server,2268,31,56.5,13,2.16,52.5,17.0,41.4,0.755,0.344,0.747,0
AST-GEN-321,Generator,1187,183,16.7,14,4.53,95.0,41.4,73.1,2.867,2.033,0.422,0
AST-MED-134,Medical,2294,215,48.6,14,5.89,73.2,18.4,38.7,2.874,2.389,0.636,1
AST-ELE-839,Elevator,227,87,8.8,3,1.96,57.1,31.4,61.7,0.746,0.967,1.163,0
AST-ELE-326,Elevator,1427,165,48.6,3,5.59,76.6,32.3,39.0,2.855,1.833,1.022,1
AST-WAT-773,Water Pump,1799,208,47.3,14,7.53,85.4,36.6,60.6,4.288,2.311,0.789,1
AST-IT -138,IT Server,785,28,5.1,8,0.94,35.9,13.8,74.7,0.225,0.311,0.195,0
AST-HVA-199,HVAC,1713,180,5.9,7,4.73,71.8,34.3,36.6,2.265,2.0,0.103,1
AST-MED-528,Medical,120,228,12.8,1,5.05,70.3,17.4,65.7,2.368,2.533,3.2,1
AST-ELE-176,Elevator,688,234,4.8,4,6.81,86.8,46.6,45.7,3.944,2.6,0.209,0
AST-MED-540,Medical,1865,213,32.8,16,6.07,70.3,17.9,43.0,2.846,2.367,0.528,1
AST-MED-247,Medical,2101,30,82.0,10,2.22,50.4,7.7,50.2,0.748,0.333,1.171,0
AST-ELE-841,Elevator,1450,145,46.7,12,5.01,71.1,32.7,48.6,2.375,1.611,0.966,1
AST-GEN-506,Generator,680,14,5.5,4,3.1,74.5,35.6,33.3,1.542,0.156,0.243,0
AST-WAT-373,Water Pump,2115,211,6.2,8,7.42,98.9,44.0,65.0,4.897,2.344,0.088,1
AST-WAT-369,Water Pump,2425,231,141.2,10,8.08,103.6,47.2,56.4,5.579,2.567,1.747,1
AST-MED-713,Medical,336,217,7.5,3,5.01,64.3,19.3,40.2,2.146,2.411,0.67,1
AST-HVA-982,HVAC,2400,39,74.5,13,3.29,50.3,23.6,42.8,1.104,0.433,0.931,1
AST-GEN-180,Generator,1093,191,3.4,8,5.41,86.8,53.7,28.6,3.129,2.122,0.093,1
AST-LAB-803,Lab Equipment,1479,127,23.5,6,3.55,60.8,12.7,64.0,1.439,1.411,0.477,0
AST-WAT-222,Water Pump,1748,101,78.1,11,3.45,71.0,26.7,72.4,1.632,1.122,1.34,1
AST-WAT-981,Water Pump,2128,162,124.3,10,6.02,92.1,39.9,63.1,3.695,1.8,1.752,1
AST-HVA-392,HVAC,2383,160,22.2,14,4.86,74.2,29.4,60.6,2.401,1.778,0.279,1
AST-HVA-410,HVAC,993,238,16.7,4,6.6,85.6,37.4,21.6,3.766,2.644,0.505,1
AST-ELE-871,Elevator,1652,75,48.1,5,4.95,59.1,28.5,60.5,1.949,0.833,0.873,0
AST-LAB-377,Lab Equipment,1470,11,118.3,9,2.69,48.5,11.9,39.3,0.871,0.122,2.414,0
AST-GEN-996,Generator,2338,225,12.8,11,7.69,99.1,65.4,44.1,5.079,2.5,0.164,1
AST-WAT-233,Water Pump,550,217,9.4,3,7.19,74.1,44.2,52.4,3.551,2.411,0.513,1
AST-LAB-251,Lab Equipment,1140,229,23.8,6,6.73,73.6,23.0,51.4,3.304,2.544,0.626,1
AST-IT -600,IT Server,1609,66,25.9,15,1.75,41.3,12.7,51.9,0.482,0.733,0.483,0
AST-GEN-523,Generator,434,229,1.0,1,6.5,90.2,65.3,57.2,3.909,2.544,0.069,1
AST-WAT-682,Water Pump,1521,209,115.6,12,8.02,86.3,40.7,30.1,4.61,2.322,2.28,1
AST-WAT-471,Water Pump,2037,65,4.7,12,3.86,70.0,35.8,39.2,1.803,0.722,0.069,0
AST-LAB-221,Lab Equipment,2094,191,7.7,8,4.96,70.9,18.1,55.5,2.343,2.122,0.11,1
AST-MED-975,Medical,2094,52,41.6,9,1.86,47.6,8.3,61.2,0.589,0.578,0.596,0
AST-MED-137,Medical,2152,57,219.2,11,2.85,52.1,8.0,56.3,0.99,0.633,3.056,1
AST-ELE-935,Elevator,1173,216,47.5,8,6.49,78.7,42.0,37.8,3.402,2.4,1.215,1
AST-ELE-585,Elevator,2139,136,59.1,12,3.51,77.9,35.2,45.6,1.823,1.511,0.829,1
AST-IT -622,IT Server,541,151,3.3,2,3.04,57.7,20.7,55.4,1.168,1.678,0.183,0
AST-LAB-726,Lab Equipment,1599,96,44.2,9,2.61,58.8,15.0,39.9,1.022,1.067,0.829,0
AST-GEN-282,Generator,1547,171,11.0,8,4.44,97.7,53.3,45.3,2.894,1.9,0.213,0
AST-LAB-929,Lab Equipment,611,118,5.9,1,2.36,53.7,15.1,32.9,0.846,1.311,0.29,0
AST-GEN-242,Generator,1013,107,28.9,10,3.99,73.8,48.3,49.1,1.963,1.189,0.856,0
AST-HVA-925,HVAC,742,121,44.7,9,3.68,51.6,24.6,56.8,1.266,1.344,1.807,0
AST-MED-225,Medical,2210,53,18.4,12,2.04,40.8,8.8,83.1,0.555,0.589,0.25,0
AST-IT -820,IT Server,1440,87,23.4,9,1.61,52.9,8.7,59.2,0.566,0.967,0.487,0
AST-LAB-955,Lab Equipment,2327,211,37.6,17,6.76,77.5,23.9,42.8,3.49,2.344,0.485,1
AST-HVA-264,HVAC,579,229,4.3,1,6.1,67.3,34.8,35.6,2.74,2.544,0.223,1
AST-HVA-981,HVAC,1891,128,72.7,10,3.46,70.2,25.7,46.8,1.616,1.422,1.153,1
AST-HVA-530,HVAC,562,145,19.2,4,3.24,69.8,26.9,68.3,1.51,1.611,1.025,0
AST-WAT-118,Water Pump,576,192,58.3,3,5.17,88.8,45.1,51.9,3.059,2.133,3.036,1
AST-WAT-685,Water Pump,1202,69,13.4,8,2.59,72.5,25.8,39.0,1.252,0.767,0.334,0
AST-WAT-473,Water Pump,904,72,85.7,5,3.04,72.2,38.1,30.7,1.465,0.8,2.844,1
AST-WAT-757,Water Pump,1184,179,20.2,7,4.48,71.1,33.3,70.7,2.123,1.989,0.512,1
AST-HVA-131,HVAC,918,48,0.7,3,2.38,46.7,17.5,35.6,0.741,0.533,0.023,0
AST-ELE-817,Elevator,536,212,0.0,0,5.74,79.0,36.9,47.0,3.024,2.356,0.0,1
AST-WAT-778,Water Pump,1778,120,42.4,13,4.63,76.7,24.5,20.0,2.367,1.333,0.715,0
AST-ELE-151,Elevator,1768,109,67.0,10,4.21,67.3,27.4,60.7,1.889,1.211,1.137,0
AST-ELE-363,Elevator,1957,124,4.7,14,2.35,73.7,27.7,36.7,1.155,1.378,0.072,0
AST-GEN-869,Generator,241,183,7.2,2,4.85,78.2,44.0,59.4,2.527,2.033,0.896,0
AST-HVA-777,HVAC,281,76,9.3,1,1.92,58.2,22.3,52.9,0.746,0.844,0.993,1
AST-GEN-621,Generator,1055,64,33.7,8,3.49,68.9,50.5,51.0,1.605,0.711,0.958,0
AST-WAT-671,Water Pump,740,101,34.9,6,3.28,67.9,28.8,56.8,1.482,1.122,1.415,1
AST-HVA-757,HVAC,2267,115,46.2,14,2.94,69.4,28.3,48.1,1.359,1.278,0.611,0
AST-LAB-904,Lab Equipment,1446,165,53.4,6,4.27,63.9,18.2,34.0,1.819,1.833,1.108,1
AST-WAT-864,Water Pump,1187,37,38.2,7,3.47,60.9,33.6,55.8,1.407,0.411,0.965,0
AST-GEN-705,Generator,955,158,5.8,5,5.07,87.4,52.4,42.0,2.954,1.756,0.182,1
AST-MED-231,Medical,1504,227,9.0,8,5.53,76.1,20.7,74.0,2.807,2.522,0.18,1
AST-LAB-561,Lab Equipment,773,117,109.0,4,3.07,61.0,14.2,51.1,1.249,1.3,4.23,0
AST-MED-556,Medical,1418,13,6.0,9,1.44,46.6,7.7,67.4,0.447,0.144,0.127,0
AST-HVA-774,HVAC,2164,135,148.8,13,5.41,67.4,27.4,58.4,2.429,1.5,2.063,1
AST-GEN-195,Generator,438,240,0.0,0,7.59,92.6,54.1,53.7,4.682,2.667,0.0,1
AST-IT -416,IT Server,1799,9,8.1,7,1.12,40.7,17.4,53.2,0.305,0.1,0.135,0
AST-LAB-294,Lab Equipment,2205,59,114.8,14,3.18,55.5,11.6,61.9,1.176,0.656,1.562,0
AST-LAB-828,Lab Equipment,2218,126,60.5,17,3.3,60.7,13.8,50.6,1.336,1.4,0.818,0
AST-IT -994,IT Server,1249,46,9.6,6,1.31,56.3,13.0,47.3,0.494,0.511,0.231,0
AST-HVA-876,HVAC,1198,119,63.5,6,4.47,56.7,24.9,31.0,1.691,1.322,1.59,0
AST-ELE-740,Elevator,2437,198,241.5,18,7.24,90.8,37.9,43.7,4.383,2.2,2.973,1
AST-MED-779,Medical,2090,203,32.6,9,5.17,62.2,16.8,39.7,2.142,2.256,0.468,1
AST-LAB-870,Lab Equipment,1974,15,97.0,10,2.59,53.2,9.1,60.1,0.917,0.167,1.474,0
AST-IT -818,IT Server,1031,175,37.7,3,4.41,59.1,19.6,54.9,1.74,1.944,1.097,0
AST-IT -448,IT Server,1018,34,10.9,3,1.54,37.2,18.0,48.0,0.382,0.378,0.321,0
AST-HVA-253,HVAC,1329,80,19.2,8,2.34,63.3,20.4,51.3,0.987,0.889,0.433,0
AST-WAT-529,Water Pump,1972,152,59.6,8,3.97,80.4,35.7,46.2,2.127,1.689,0.907,0
AST-LAB-864,Lab Equipment,1853,166,24.8,9,4.01,64.7,18.1,42.0,1.732,1.844,0.402,0
AST-ELE-912,Elevator,309,134,0.0,0,3.29,63.8,32.5,66.8,1.401,1.489,0.0,0
AST-IT -629,IT Server,1809,56,1.9,6,1.47,44.4,10.4,53.3,0.436,0.622,0.032,0
AST-ELE-180,Elevator,950,223,21.2,3,5.09,85.5,49.0,55.1,2.902,2.478,0.669,1
AST-IT -835,IT Server,1220,200,0.6,3,4.79,68.7,28.4,44.7,2.194,2.222,0.015,0
AST-WAT-699,Water Pump,583,181,60.8,4,4.7,88.5,40.3,35.9,2.772,2.011,3.129,0
AST-HVA-829,HVAC,2324,86,61.1,14,2.4,58.3,24.8,35.5,0.934,0.956,0.789,0
AST-GEN-335,Generator,1390,162,83.7,7,5.64,100.6,51.6,36.3,3.785,1.8,1.806,1
AST-IT -387,IT Server,1916,55,99.9,12,2.79,62.5,13.9,41.3,1.162,0.611,1.564,0
AST-IT -532,IT Server,593,103,1.0,2,1.65,44.1,14.5,42.7,0.485,1.144,0.051,0
AST-IT -900,IT Server,2419,98,32.7,9,2.06,50.2,16.4,52.4,0.689,1.089,0.406,0
AST-MED-399,Medical,2334,160,138.1,12,5.14,73.0,13.5,45.0,2.501,1.778,1.775,1
AST-ELE-575,Elevator,2365,22,41.7,14,2.53,56.1,29.4,24.8,0.946,0.244,0.529,0
AST-IT -742,IT Server,659,208,108.4,7,6.02,82.9,25.5,39.9,3.33,2.311,4.935,1
AST-GEN-120,Generator,210,141,0.0,0,4.64,88.8,63.7,49.4,2.744,1.567,0.0,0
AST-HVA-123,HVAC,153,25,10.4,4,2.24,50.0,19.3,36.3,0.747,0.278,2.039,0
AST-GEN-616,Generator,1700,171,14.7,13,6.21,88.5,55.9,55.7,3.668,1.9,0.259,1
AST-HVA-504,HVAC,776,82,8.6,4,1.98,56.3,24.2,36.8,0.744,0.911,0.332,0
AST-LAB-431,Lab Equipment,2430,88,3.6,9,2.16,48.4,11.6,35.0,0.698,0.978,0.044,0
AST-WAT-696,Water Pump,205,145,0.0,0,2.56,65.4,41.9,37.6,1.116,1.611,0.0,0
AST-LAB-200,Lab Equipment,87,170,0.0,0,3.49,57.2,19.2,44.8,1.332,1.889,0.0,0
AST-HVA-830,HVAC,1116,162,36.1,7,4.6,78.1,31.4,62.6,2.398,1.8,0.97,0
AST-IT -811,IT Server,2011,231,57.9,14,6.45,88.3,26.2,36.7,3.796,2.567,0.864,1
AST-GEN-774,Generator,744,124,118.8,5,4.87,75.7,41.6,58.8,2.459,1.378,4.79,0
AST-ELE-400,Elevator,2443,101,11.5,9,4.56,71.3,27.1,48.7,2.168,1.122,0.141,0
AST-ELE-775,Elevator,556,159,21.6,2,4.94,67.0,34.2,60.2,2.207,1.767,1.165,0
AST-IT -303,IT Server,213,89,9.8,1,1.28,58.3,14.2,49.1,0.499,0.989,1.38,0
AST-HVA-700,HVAC,1933,40,37.4,6,3.08,51.9,28.8,53.4,1.065,0.444,0.58,0
AST-HVA-284,HVAC,919,222,46.6,4,6.68,83.9,34.1,55.4,3.734,2.467,1.521,1
AST-GEN-877,Generator,992,84,8.5,9,2.26,89.0,39.8,42.8,1.339,0.933,0.257,0
AST-LAB-574,Lab Equipment,1558,173,61.2,8,5.15,66.6,19.3,49.4,2.286,1.922,1.178,1
AST-LAB-609,Lab Equipment,1849,55,54.6,11,2.37,46.6,10.5,54.7,0.736,0.611,0.886,0
AST-ELE-905,Elevator,562,100,23.1,2,3.33,74.1,30.8,48.7,1.643,1.111,1.233,0
AST-WAT-442,Water Pump,2209,219,40.9,13,7.67,86.9,42.7,52.4,4.443,2.433,0.555,1
AST-HVA-311,HVAC,315,3,0.0,0,2.46,46.0,18.1,30.1,0.755,0.033,0.0,0
AST-ELE-704,Elevator,1822,154,171.9,9,5.96,79.7,34.8,48.4,3.171,1.711,2.83,1
AST-HVA-581,HVAC,1985,20,5.9,12,1.53,57.6,23.6,53.8,0.586,0.222,0.089,0
AST-ELE-742,Elevator,776,223,3.1,6,6.01,78.6,34.7,36.1,3.15,2.478,0.12,1
AST-WAT-522,Water Pump,379,170,0.0,0,5.84,74.4,37.7,56.4,2.9,1.889,0.0,0
AST-IT -136,IT Server,2001,216,209.3,19,6.1,75.0,21.7,46.8,3.052,2.4,3.138,1
AST-LAB-502,Lab Equipment,1718,155,57.4,11,4.88,71.4,16.0,50.7,2.322,1.722,1.002,0
AST-WAT-784,Water Pump,1148,122,110.8,7,3.67,81.4,38.3,55.5,1.993,1.356,2.895,1
AST-WAT-867,Water Pump,399,118,1.4,2,4.02,63.3,33.9,32.9,1.695,1.311,0.105,0
AST-GEN-396,Generator,973,95,2.5,3,3.16,89.9,45.3,54.2,1.894,1.056,0.077,0
AST-IT -772,IT Server,1033,201,23.2,5,4.95,72.3,28.1,65.2,2.385,2.233,0.674,0
AST-HVA-323,HVAC,659,90,73.9,4,3.66,68.4,27.6,47.1,1.672,1.0,3.364,0
AST-LAB-967,Lab Equipment,2376,96,13.7,11,2.83,51.2,12.5,42.7,0.965,1.067,0.173,0
AST-MED-433,Medical,2209,115,69.7,11,3.05,48.4,9.6,35.5,0.984,1.278,0.947,0
AST-LAB-601,Lab Equipment,877,82,6.7,6,1.7,53.4,10.1,67.1,0.605,0.911,0.229,0
AST-LAB-673,Lab Equipment,413,192,15.1,3,5.18,65.9,20.2,46.7,2.277,2.133,1.097,1
AST-LAB-280,Lab Equipment,2170,177,143.4,10,5.95,74.9,16.9,35.4,2.971,1.967,1.982,1
AST-IT -404,IT Server,1919,216,106.9,18,6.44,83.8,24.4,69.1,3.597,2.4,1.671,1
AST-ELE-525,Elevator,324,47,1.4,3,1.4,62.7,26.2,52.5,0.584,0.522,0.13,0
AST-HVA-366,HVAC,868,169,2.4,5,4.92,76.5,29.8,60.8,2.511,1.878,0.083,1
AST-GEN-209,Generator,2377,102,69.0,12,4.25,84.7,44.9,58.4,2.398,1.133,0.871,1
AST-LAB-441,Lab Equipment,1645,179,78.5,10,5.61,60.6,16.7,49.7,2.266,1.989,1.432,1
AST-GEN-694,Generator,186,150,1.4,3,4.85,79.5,51.0,40.4,2.573,1.667,0.226,0
AST-ELE-719,Elevator,1409,101,8.0,5,2.78,53.4,29.6,28.2,0.99,1.122,0.17,0
AST-LAB-322,Lab Equipment,97,16,0.0,0,1.39,48.2,13.3,41.7,0.447,0.178,0.0,0
AST-GEN-499,Generator,624,183,11.1,4,6.1,85.2,52.6,56.6,3.469,2.033,0.534,0
AST-WAT-155,Water Pump,1499,174,111.5,12,6.77,74.1,39.6,47.5,3.342,1.933,2.231,1
AST-MED-157,Medical,1854,131,83.4,10,3.95,55.8,9.9,30.4,1.471,1.456,1.35,0
AST-ELE-929,Elevator,257,224,8.9,1,6.64,88.6,36.9,22.8,3.923,2.489,1.039,1
AST-IT -210,IT Server,400,53,2.8,1,0.95,41.4,10.4,70.5,0.261,0.589,0.21,0
AST-MED-883,Medical,830,224,1.6,6,5.75,67.0,21.2,68.7,2.567,2.489,0.058,0
AST-ELE-587,Elevator,1039,155,2.7,3,3.76,82.4,39.2,45.9,2.064,1.722,0.078,0
AST-GEN-594,Generator,698,196,3.8,1,6.93,116.3,60.6,50.1,5.368,2.178,0.163,1
AST-MED-694,Medical,2258,101,0.7,11,2.38,43.9,9.6,70.5,0.697,1.122,0.009,0
AST-LAB-813,Lab Equipment,280,86,2.1,1,1.5,42.2,14.7,58.5,0.422,0.956,0.225,0
AST-IT -706,IT Server,2425,183,82.6,12,5.02,73.2,22.1,55.2,2.453,2.033,1.022,1
AST-LAB-191,Lab Equipment,776,178,10.7,4,4.38,65.7,25.8,62.0,1.917,1.978,0.414,0
AST-IT -493,IT Server,2493,239,3.1,15,6.31,78.9,29.7,50.3,3.322,2.656,0.037,1
AST-MED-820,Medical,2279,47,49.1,8,2.29,42.3,8.2,44.7,0.645,0.522,0.646,0
AST-LAB-109,Lab Equipment,233,169,0.7,2,3.74,57.5,17.8,20.5,1.434,1.878,0.09,0
AST-GEN-322,Generator,459,55,122.0,5,2.4,86.6,61.1,26.6,1.388,0.611,7.974,0
AST-LAB-621,Lab Equipment,2372,50,15.6,11,2.21,41.4,11.3,32.0,0.61,0.556,0.197,0
AST-MED-530,Medical,110,41,0.0,0,0.98,38.8,7.5,58.8,0.255,0.456,0.0,0
AST-LAB-876,Lab Equipment,2262,217,142.1,11,6.47,75.9,20.9,63.7,3.274,2.411,1.885,1
AST-HVA-468,HVAC,2076,124,105.6,11,4.43,67.7,26.6,53.1,1.999,1.378,1.526,1
AST-GEN-859,Generator,306,135,7.8,2,4.29,77.8,44.9,62.2,2.225,1.5,0.765,0
AST-ELE-740,Elevator,1563,17,43.0,8,2.5,61.3,32.9,48.3,1.021,0.189,0.825,0
AST-MED-915,Medical,1724,193,36.6,13,5.24,63.3,15.6,54.1,2.211,2.144,0.637,1
AST-LAB-782,Lab Equipment,1523,87,164.8,11,3.94,52.3,15.2,70.6,1.373,0.967,3.246,1
AST-GEN-258,Generator,931,178,3.5,5,3.55,78.7,55.3,41.6,1.864,1.978,0.113,0
AST-GEN-807,Generator,2269,83,65.2,13,3.31,79.5,50.8,53.9,1.756,0.922,0.862,0
AST-ELE-126,Elevator,1820,50,8.7,17,3.22,55.2,28.9,57.3,1.186,0.556,0.143,1
AST-ELE-254,Elevator,635,141,10.1,6,3.84,58.9,38.5,52.8,1.509,1.567,0.477,0
AST-ELE-281,Elevator,942,205,133.2,5,8.25,85.5,35.7,28.4,4.703,2.278,4.242,1
AST-GEN-656,Generator,1827,135,94.3,7,4.26,84.5,48.3,49.8,2.398,1.5,1.548,1
AST-HVA-483,HVAC,824,90,12.8,2,1.72,54.0,29.3,55.9,0.618,1.0,0.466,0
AST-IT -764,IT Server,1709,77,74.7,5,1.91,46.3,16.6,46.5,0.588,0.856,1.311,0
AST-GEN-520,Generator,2185,171,121.5,15,5.79,85.1,52.4,36.1,3.286,1.9,1.668,1
AST-ELE-610,Elevator,1119,106,1.6,7,2.34,56.6,32.0,29.0,0.883,1.178,0.043,0
AST-MED-428,Medical,168,117,0.0,0,2.01,49.9,10.4,63.1,0.668,1.3,0.0,0
AST-IT -351,IT Server,450,195,3.9,1,4.02,75.1,24.9,48.0,2.01,2.167,0.26,1
AST-HVA-663,HVAC,1477,186,146.0,14,5.95,87.9,31.9,55.2,3.485,2.067,2.965,1
AST-IT -659,IT Server,231,240,0.5,1,5.19,75.8,28.8,52.9,2.622,2.667,0.065,1
AST-MED-512,Medical,1301,210,33.8,7,5.33,63.7,19.1,28.7,2.263,2.333,0.779,0
AST-MED-868,Medical,134,192,12.0,1,4.66,61.7,14.2,63.9,1.918,2.133,2.687,0
AST-IT -213,IT Server,79,82,0.0,0,0.98,46.9,15.9,64.4,0.308,0.911,0.0,0
AST-HVA-101,HVAC,2332,232,249.0,13,7.39,79.2,33.8,76.0,3.902,2.578,3.203,1
AST-ELE-943,Elevator,1752,125,1.8,9,2.91,54.1,29.7,38.1,1.047,1.389,0.031,0
AST-WAT-366,Water Pump,1068,128,74.8,5,4.94,82.2,31.6,39.5,2.707,1.422,2.101,1
AST-IT -317,IT Server,1859,137,45.6,12,3.43,67.8,21.5,80.8,1.55,1.522,0.736,0
AST-ELE-661,Elevator,1778,97,4.9,10,2.46,61.1,24.4,39.5,1.001,1.078,0.083,0
AST-LAB-904,Lab Equipment,1241,100,17.8,6,1.72,46.4,12.3,60.4,0.532,1.111,0.43,0
AST-GEN-324,Generator,988,77,9.3,3,3.31,80.1,50.9,63.1,1.77,0.856,0.282,0
AST-LAB-383,Lab Equipment,2381,105,14.1,13,2.68,50.5,13.7,53.9,0.904,1.167,0.178,0
AST-GEN-591,Generator,2394,229,18.2,11,7.37,102.4,55.4,23.8,5.033,2.544,0.228,1
AST-GEN-912,Generator,1792,236,6.1,9,7.31,96.0,63.3,40.3,4.68,2.622,0.102,1
AST-IT -217,IT Server,334,89,5.2,2,1.31,53.0,10.6,41.1,0.464,0.989,0.467,1
AST-GEN-596,Generator,1218,53,36.1,5,3.2,68.2,54.0,73.4,1.458,0.589,0.889,0
AST-ELE-610,Elevator,1033,74,12.0,5,1.48,61.0,36.8,39.3,0.601,0.822,0.348,0
AST-HVA-430,HVAC,704,30,25.1,4,2.82,55.7,24.8,37.2,1.046,0.333,1.07,0
AST-HVA-427,HVAC,45,65,0.0,0,2.23,67.5,17.7,47.5,1.002,0.722,0.0,0
AST-WAT-526,Water Pump,138,160,0.0,0,3.8,73.0,35.9,71.0,1.85,1.778,0.0,0
AST-ELE-677,Elevator,1779,42,153.8,9,4.74,66.2,36.1,56.9,2.091,0.467,2.594,1
AST-MED-463,Medical,2436,125,13.5,13,2.75,52.9,10.9,33.9,0.969,1.389,0.166,0
AST-LAB-486,Lab Equipment,95,147,0.0,0,2.25,54.8,17.0,42.4,0.821,1.633,0.0,0
AST-ELE-424,Elevator,2408,30,93.7,13,3.68,65.1,26.7,42.0,1.594,0.333,1.167,0
AST-HVA-549,HVAC,1250,125,74.8,7,4.29,67.3,25.2,30.5,1.924,1.389,1.795,0
AST-GEN-498,Generator,1815,94,23.5,3,2.78,53.2,37.7,38.6,0.988,1.044,0.388,0
AST-LAB-761,Lab Equipment,2195,135,17.6,9,3.48,63.3,16.7,55.6,1.469,1.5,0.241,0
AST-LAB-925,Lab Equipment,1256,130,77.7,8,2.99,57.0,18.3,38.0,1.135,1.444,1.856,0
AST-ELE-796,Elevator,1448,232,32.4,7,7.26,83.9,33.8,55.9,4.058,2.578,0.671,1
AST-MED-563,Medical,507,63,13.3,1,1.56,39.0,7.9,46.6,0.406,0.7,0.787,0
AST-ELE-726,Elevator,2222,65,4.1,5,2.58,52.5,26.6,60.7,0.904,0.722,0.055,0
AST-MED-911,Medical,2491,239,49.6,16,7.03,78.2,21.1,45.6,3.661,2.656,0.597,1
AST-LAB-348,Lab Equipment,2342,82,139.1,15,3.31,55.5,15.3,67.0,1.225,0.911,1.782,1
AST-LAB-356,Lab Equipment,1985,123,56.8,14,2.97,59.5,10.0,31.6,1.177,1.367,0.858,0
AST-GEN-549,Generator,676,21,3.0,3,2.16,73.3,38.1,57.3,1.056,0.233,0.133,0
AST-IT -380,IT Server,2140,117,56.1,15,2.82,58.9,15.4,56.3,1.109,1.3,0.786,0
AST-LAB-934,Lab Equipment,327,202,0.0,0,5.77,50.9,20.4,52.3,1.958,2.244,0.0,0
AST-IT -183,IT Server,2275,194,34.0,11,5.28,73.1,23.9,63.6,2.574,2.156,0.448,1
AST-IT -580,IT Server,1390,96,0.2,6,1.44,48.3,18.2,53.5,0.462,1.067,0.004,0
AST-WAT-784,Water Pump,2233,218,13.3,8,9.16,104.2,44.1,35.0,6.361,2.422,0.179,1
AST-GEN-848,Generator,797,209,20.7,6,6.67,110.0,47.3,39.5,4.89,2.322,0.779,1
AST-ELE-897,Elevator,146,236,4.7,1,6.77,87.3,40.9,23.5,3.938,2.622,0.966,1
AST-IT -112,IT Server,1339,74,72.6,7,1.85,60.6,13.8,37.6,0.749,0.822,1.627,0
AST-HVA-548,HVAC,972,98,1.2,3,3.57,67.2,18.3,50.4,1.598,1.089,0.037,0
AST-MED-391,Medical,162,83,7.6,1,1.57,40.3,7.3,51.9,0.422,0.922,1.407,0
AST-HVA-685,HVAC,947,71,7.0,3,2.78,56.7,22.3,26.2,1.052,0.789,0.222,0
AST-GEN-397,Generator,1704,33,111.6,9,2.4,74.3,46.9,36.1,1.19,0.367,1.965,0
AST-ELE-990,Elevator,1952,27,6.8,5,2.57,59.3,30.1,49.5,1.016,0.3,0.105,0
AST-GEN-724,Generator,989,64,16.3,2,1.2,68.2,41.0,56.0,0.547,0.711,0.494,0
AST-HVA-893,HVAC,1694,87,46.9,16,2.45,67.4,17.0,35.7,1.101,0.967,0.831,0
AST-MED-998,Medical,827,225,17.2,3,5.84,65.1,18.5,79.8,2.533,2.5,0.624,0
AST-IT -583,IT Server,1315,239,27.0,11,6.21,81.3,26.4,39.5,3.368,2.656,0.616,1
AST-IT -786,IT Server,2248,6,146.3,18,3.21,59.8,18.7,55.7,1.28,0.067,1.952,0
AST-WAT-260,Water Pump,2093,48,1.5,12,2.65,55.4,27.1,63.3,0.979,0.533,0.022,0
AST-HVA-708,HVAC,1682,235,138.2,11,7.62,91.0,40.8,42.4,4.624,2.611,2.465,1
AST-LAB-673,Lab Equipment,2032,196,98.0,9,6.32,69.7,21.3,54.9,2.938,2.178,1.447,1
AST-ELE-581,Elevator,2095,167,157.4,15,5.92,83.6,39.2,58.2,3.301,1.856,2.254,1
AST-GEN-896,Generator,1980,49,78.2,5,3.17,90.7,46.0,48.1,1.92,0.544,1.185,1
AST-LAB-353,Lab Equipment,224,151,4.9,1,4.18,59.2,15.4,47.7,1.648,1.678,0.656,0
AST-LAB-324,Lab Equipment,2409,165,51.6,14,4.37,67.2,16.8,38.3,1.956,1.833,0.643,0
AST-ELE-353,Elevator,1821,217,2.6,6,4.78,84.0,38.6,27.4,2.678,2.411,0.043,1
AST-HVA-682,HVAC,2076,169,3.5,8,5.19,76.3,29.4,57.8,2.639,1.878,0.051,1
AST-LAB-615,Lab Equipment,1364,239,86.5,5,6.62,79.3,23.9,48.8,3.497,2.656,1.902,1
AST-HVA-909,HVAC,256,176,9.6,2,4.39,72.9,27.5,41.5,2.132,1.956,1.125,0
AST-MED-472,Medical,219,114,0.0,0,1.84,45.7,13.2,48.2,0.561,1.267,0.0,0
AST-IT -509,IT Server,673,157,4.7,7,2.82,62.0,19.8,61.5,1.167,1.744,0.21,0
AST-ELE-891,Elevator,141,176,0.0,0,5.45,79.7,38.5,55.3,2.896,1.956,0.0,1
AST-LAB-726,Lab Equipment,977,182,13.6,8,4.12,69.9,20.9,53.0,1.918,2.022,0.418,1
AST-GEN-514,Generator,1486,38,127.8,13,4.35,91.6,45.2,33.6,2.655,0.422,2.58,1
AST-GEN-453,Generator,1216,99,1.4,6,2.88,70.1,48.4,50.4,1.348,1.1,0.035,0
AST-MED-736,Medical,1276,172,3.8,4,4.0,52.6,15.7,54.9,1.404,1.911,0.089,1
AST-MED-535,Medical,2077,31,125.8,12,2.98,55.5,5.9,31.0,1.102,0.344,1.817,1
AST-LAB-427,Lab Equipment,862,150,168.9,11,4.28,71.2,15.7,49.1,2.032,1.667,5.878,1
AST-WAT-842,Water Pump,1841,43,68.6,9,4.28,67.6,38.3,56.7,1.93,0.478,1.118,1
AST-ELE-423,Elevator,2297,24,165.0,16,3.56,64.9,14.2,52.0,1.542,0.267,2.155,0
AST-IT -905,IT Server,2295,118,68.8,21,3.0,65.6,15.9,59.0,1.314,1.311,0.899,0
AST-IT -787,IT Server,2081,78,38.4,10,1.87,55.9,15.4,47.0,0.697,0.867,0.554,1
AST-MED-828,Medical,1321,196,89.0,12,6.04,74.4,18.7,46.8,2.993,2.178,2.021,1
AST-IT -925,IT Server,39,94,0.0,0,0.89,48.8,11.6,57.1,0.29,1.044,0.0,0
AST-LAB-446,Lab Equipment,1984,37,9.7,11,2.02,46.4,12.5,34.1,0.626,0.411,0.147,0
AST-GEN-991,Generator,1549,9,35.2,8,3.22,84.6,38.3,63.1,1.816,0.1,0.682,0
AST-ELE-814,Elevator,128,90,2.5,4,1.32,55.5,40.5,43.0,0.491,1.0,0.586,0
AST-GEN-972,Generator,216,105,11.6,1,4.28,69.2,48.3,44.2,1.977,1.167,1.611,0
AST-LAB-286,Lab Equipment,295,200,29.4,4,4.99,75.4,21.5,64.7,2.506,2.222,2.99,1
AST-HVA-425,HVAC,1619,141,0.0,9,3.9,74.9,25.9,38.3,1.946,1.567,0.0,1
AST-LAB-900,Lab Equipment,145,212,0.0,0,5.86,63.9,19.0,53.6,2.497,2.356,0.0,0
AST-LAB-985,Lab Equipment,2162,240,93.9,12,7.46,83.7,24.2,43.1,4.165,2.667,1.303,1
AST-LAB-682,Lab Equipment,2310,198,20.7,15,5.03,67.6,21.0,52.5,2.267,2.2,0.269,1
AST-MED-842,Medical,2379,44,30.2,18,2.59,44.7,9.0,30.6,0.772,0.489,0.381,0
AST-GEN-584,Generator,453,123,52.2,4,3.97,74.1,33.8,65.1,1.963,1.367,3.457,1
AST-WAT-536,Water Pump,817,145,20.0,6,4.06,70.3,34.7,50.4,1.903,1.611,0.734,1
AST-IT -480,IT Server,2203,56,21.4,15,1.53,44.6,10.5,61.2,0.455,0.622,0.291,0
AST-IT -367,IT Server,2085,53,44.8,11,1.96,48.2,14.6,59.1,0.63,0.589,0.645,0
AST-LAB-897,Lab Equipment,2143,238,22.6,12,6.73,70.0,23.0,71.8,3.144,2.644,0.316,1
AST-LAB-265,Lab Equipment,844,138,0.0,0,2.69,53.9,15.5,42.6,0.968,1.533,0.0,0
AST-MED-782,Medical,1724,12,18.3,10,1.5,43.5,6.6,54.4,0.436,0.133,0.318,0
AST-LAB-592,Lab Equipment,1551,240,18.1,8,7.07,75.1,25.3,54.5,3.538,2.667,0.35,1
AST-MED-559,Medical,1027,189,2.3,2,4.77,58.2,17.4,53.4,1.853,2.1,0.067,0
AST-WAT-434,Water Pump,1220,26,5.2,3,4.02,67.7,36.6,44.8,1.814,0.289,0.128,0
AST-MED-862,Medical,1840,124,44.2,17,2.64,49.1,11.7,53.0,0.865,1.378,0.721,0
AST-GEN-462,Generator,78,76,0.0,0,2.72,60.9,43.8,70.7,1.105,0.844,0.0,0
AST-MED-804,Medical,2213,167,32.7,15,4.42,55.7,14.9,35.7,1.64,1.856,0.443,0
AST-IT -661,IT Server,294,7,5.9,2,1.2,41.0,12.1,72.0,0.329,0.078,0.602,0
AST-MED-925,Medical,1362,136,11.6,6,2.86,45.8,11.9,53.6,0.873,1.511,0.256,0
AST-GEN-450,Generator,2014,129,37.1,7,4.31,92.3,34.6,49.3,2.651,1.433,0.553,1
AST-MED-903,Medical,1965,162,5.0,4,3.83,54.8,16.7,67.0,1.399,1.8,0.076,0
AST-IT -121,IT Server,656,74,5.6,1,1.41,52.9,15.8,33.3,0.498,0.822,0.256,0
AST-HVA-912,HVAC,1202,22,3.0,1,3.26,59.7,24.2,33.5,1.299,0.244,0.075,0
AST-WAT-578,Water Pump,1270,149,70.6,9,5.53,78.4,32.0,56.0,2.889,1.656,1.668,1
AST-LAB-488,Lab Equipment,86,134,5.8,1,3.4,51.9,15.5,55.1,1.176,1.489,2.023,0
AST-LAB-884,Lab Equipment,499,23,8.2,6,1.34,36.8,10.5,71.6,0.33,0.256,0.493,0
AST-MED-744,Medical,1596,112,99.0,15,3.72,53.0,10.6,62.5,1.315,1.244,1.861,1
AST-ELE-391,Elevator,98,181,0.0,0,4.8,75.3,31.9,59.4,2.411,2.011,0.0,1
AST-ELE-770,Elevator,1489,12,4.7,4,2.08,58.1,28.0,43.6,0.807,0.133,0.095,0
AST-WAT-949,Water Pump,1307,86,18.1,5,1.87,63.6,29.4,64.6,0.794,0.956,0.415,0
AST-HVA-756,HVAC,2298,151,120.8,14,4.85,73.2,26.1,51.8,2.367,1.678,1.577,1
AST-ELE-589,Elevator,124,104,0.0,0,2.99,66.7,30.5,56.6,1.33,1.156,0.0,0
AST-IT -737,IT Server,182,238,3.6,1,5.44,71.5,31.6,59.8,2.594,2.644,0.593,0
AST-MED-721,Medical,1290,160,7.1,9,3.44,50.1,15.5,58.2,1.148,1.778,0.165,0
AST-LAB-764,Lab Equipment,1456,190,31.6,9,5.41,64.5,22.1,50.7,2.326,2.111,0.651,0
AST-ELE-944,Elevator,2103,11,198.9,12,3.22,70.6,33.2,34.8,1.516,0.122,2.837,0
AST-GEN-907,Generator,1642,55,131.6,11,3.61,73.8,42.0,48.7,1.774,0.611,2.404,1
AST-LAB-399,Lab Equipment,2025,36,10.2,8,2.58,43.8,10.2,66.1,0.753,0.4,0.151,0
AST-MED-471,Medical,1362,198,5.5,11,4.68,68.1,14.4,37.5,2.127,2.2,0.121,0
AST-ELE-199,Elevator,2014,10,69.9,13,1.85,80.4,27.8,56.4,0.99,0.111,1.041,0
AST-GEN-341,Generator,1461,17,36.2,12,2.48,77.6,49.7,55.6,1.281,0.189,0.743,0
AST-WAT-403,Water Pump,783,67,19.8,2,1.5,62.5,31.1,47.8,0.626,0.744,0.759,0
AST-ELE-992,Elevator,1696,103,38.3,4,2.98,64.4,26.1,36.9,1.278,1.144,0.677,0
AST-ELE-722,Elevator,174,198,18.0,2,4.81,78.7,36.6,58.7,2.523,2.2,3.103,1
AST-HVA-366,HVAC,1492,55,6.8,8,3.61,47.2,28.2,72.5,1.137,0.611,0.137,0
AST-ELE-661,Elevator,104,70,2.8,1,1.82,53.9,32.0,42.6,0.655,0.778,0.808,0
AST-WAT-841,Water Pump,2283,223,22.6,15,6.63,94.5,48.0,36.2,4.173,2.478,0.297,1
AST-WAT-854,Water Pump,1738,127,13.4,9,4.66,65.4,29.9,57.4,2.033,1.411,0.231,0
AST-WAT-423,Water Pump,457,78,22.8,3,2.06,56.6,22.9,28.9,0.777,0.867,1.497,0
AST-IT -485,IT Server,478,190,9.3,3,4.1,67.8,26.8,47.6,1.854,2.111,0.584,0
AST-IT -693,IT Server,2086,115,4.2,6,2.44,54.2,19.2,50.3,0.88,1.278,0.06,0
AST-LAB-944,Lab Equipment,86,152,16.3,1,3.25,52.4,17.3,62.2,1.134,1.689,5.686,0
AST-HVA-507,HVAC,1694,137,29.2,10,5.22,58.0,26.4,57.4,2.018,1.522,0.517,0
AST-HVA-328,HVAC,102,59,1.8,1,1.47,41.5,21.3,55.5,0.407,0.656,0.529,0
AST-IT -401,IT Server,1585,155,120.5,9,4.66,73.2,18.9,48.9,2.276,1.722,2.281,1
AST-GEN-662,Generator,422,94,5.2,1,3.43,86.8,40.4,40.6,1.986,1.044,0.37,1
AST-LAB-358,Lab Equipment,1363,67,1.4,5,1.42,55.8,14.1,42.2,0.53,0.744,0.031,0
AST-LAB-257,Lab Equipment,1544,113,214.3,9,3.61,63.3,12.4,67.1,1.524,1.256,4.164,1
AST-GEN-986,Generator,1460,57,14.1,11,1.74,67.9,44.4,51.4,0.789,0.633,0.29,0
AST-GEN-551,Generator,1678,152,7.9,9,5.92,72.8,46.7,50.5,2.874,1.689,0.141,1
AST-LAB-276,Lab Equipment,692,202,5.9,5,4.54,68.3,22.3,50.7,2.069,2.244,0.256,0
AST-IT -463,IT Server,2070,203,11.2,10,5.01,77.1,20.0,64.1,2.574,2.256,0.162,1
AST-IT -416,IT Server,2030,72,38.8,10,1.91,52.5,13.3,46.1,0.67,0.8,0.573,0
AST-IT -161,IT Server,2340,166,99.3,12,5.12,73.9,18.5,40.7,2.525,1.844,1.273,1
AST-WAT-562,Water Pump,520,120,0.8,2,3.85,69.3,38.6,62.2,1.777,1.333,0.046,0
AST-ELE-325,Elevator,396,195,8.8,1,5.61,83.2,34.8,59.6,3.112,2.167,0.667,1
AST-LAB-196,Lab Equipment,1767,10,20.9,7,1.14,41.0,15.1,61.6,0.311,0.111,0.355,0
AST-GEN-491,Generator,367,68,10.2,1,2.13,68.6,47.9,57.9,0.974,0.756,0.834,0
AST-WAT-358,Water Pump,1864,23,38.5,12,3.08,70.9,33.4,29.5,1.457,0.256,0.62,0
AST-MED-137,Medical,1115,68,28.3,3,1.9,41.8,8.9,56.8,0.53,0.756,0.761,0
AST-MED-289,Medical,1791,67,11.3,11,1.72,48.5,3.6,38.6,0.556,0.744,0.189,0
AST-MED-798,Medical,2078,190,86.5,12,4.99,65.6,16.5,43.1,2.183,2.111,1.249,1
AST-IT -910,IT Server,1726,190,33.7,7,4.68,76.9,23.9,53.7,2.4,2.111,0.586,1
AST-ELE-477,Elevator,1082,23,8.4,5,3.96,57.5,32.8,54.0,1.519,0.256,0.233,0
AST-WAT-687,Water Pump,499,214,7.2,2,7.28,93.9,40.4,46.7,4.554,2.378,0.433,1
AST-ELE-937,Elevator,1926,143,5.1,9,4.23,78.0,34.0,61.2,2.199,1.589,0.079,1
AST-IT -618,IT Server,2016,213,14.5,13,5.31,73.1,27.9,53.4,2.588,2.367,0.216,1
AST-HVA-717,HVAC,805,208,83.8,4,6.34,81.4,36.5,66.0,3.44,2.311,3.123,1
AST-GEN-554,Generator,1039,153,3.5,4,4.36,84.8,51.6,50.8,2.467,1.7,0.101,1
AST-MED-853,Medical,704,80,3.8,4,1.45,42.9,10.4,44.4,0.415,0.889,0.162,0
AST-WAT-586,Water Pump,1737,1,9.6,9,2.86,63.9,34.5,67.5,1.217,0.011,0.166,0
AST-LAB-388,Lab Equipment,525,80,80.0,3,1.53,45.7,12.2,62.2,0.465,0.889,4.571,0
AST-WAT-881,Water Pump,1136,1,43.9,8,1.44,64.4,29.1,25.5,0.616,0.011,1.159,0
AST-LAB-810,Lab Equipment,537,49,18.8,3,0.97,40.3,12.7,43.8,0.26,0.544,1.05,0
AST-MED-258,Medical,1363,91,35.1,5,2.12,41.8,7.6,57.6,0.59,1.011,0.773,0
AST-HVA-670,HVAC,838,37,39.1,5,2.83,62.2,16.2,65.7,1.175,0.411,1.4,0
AST-LAB-837,Lab Equipment,654,213,1.7,2,4.88,65.1,23.1,67.0,2.117,2.367,0.078,1
AST-IT -361,IT Server,533,221,34.5,3,5.13,86.5,25.4,64.7,2.959,2.456,1.942,1
AST-MED-174,Medical,66,148,2.5,1,2.88,48.3,15.4,48.1,0.927,1.644,1.136,0
AST-MED-235,Medical,1512,198,4.9,12,4.45,71.0,15.5,77.2,2.108,2.2,0.097,1
AST-LAB-447,Lab Equipment,57,95,0.0,0,1.78,35.1,17.0,73.1,0.417,1.056,0.0,0
AST-IT -615,IT Server,282,131,19.2,3,2.54,56.8,15.2,54.9,0.961,1.456,2.043,0
AST-ELE-997,Elevator,2182,237,9.7,13,6.1,94.4,45.0,55.4,3.838,2.633,0.133,1
AST-HVA-549,HVAC,670,121,0.5,1,2.98,54.2,15.9,57.0,1.075,1.344,0.022,0
AST-LAB-292,Lab Equipment,871,79,117.1,5,3.19,58.3,13.3,37.7,1.237,0.878,4.033,1
AST-ELE-288,Elevator,897,126,9.0,2,3.25,61.7,30.9,49.1,1.338,1.4,0.301,0
AST-HVA-850,HVAC,1046,39,44.4,7,2.82,47.9,19.7,53.8,0.902,0.433,1.273,0
AST-GEN-562,Generator,1043,63,17.8,6,3.05,64.9,55.7,37.0,1.317,0.7,0.512,0
AST-LAB-228,Lab Equipment,1868,115,48.8,8,2.93,59.5,11.3,40.4,1.165,1.278,0.784,0
AST-LAB-549,Lab Equipment,1223,112,2.8,3,2.22,50.9,17.3,48.1,0.753,1.244,0.069,0
AST-MED-618,Medical,2113,221,11.6,8,6.07,70.2,18.1,58.7,2.84,2.456,0.165,1
AST-ELE-964,Elevator,1229,196,4.4,4,5.51,86.9,41.6,58.9,3.193,2.178,0.107,1
AST-LAB-755,Lab Equipment,1905,193,14.3,13,5.49,66.8,17.1,63.0,2.446,2.144,0.225,1
AST-ELE-254,Elevator,2385,75,572.9,18,4.15,59.7,34.6,48.6,1.653,0.833,7.206,1
AST-IT -298,IT Server,328,52,19.2,1,1.08,47.6,15.2,20.0,0.342,0.578,1.756,0
AST-MED-752,Medical,2057,41,27.0,11,2.31,44.1,9.1,49.0,0.681,0.456,0.394,0
AST-WAT-845,Water Pump,1681,105,4.1,11,3.7,61.9,39.9,27.4,1.526,1.167,0.073,0
AST-ELE-934,Elevator,48,233,0.0,0,5.28,87.9,33.6,34.1,3.094,2.589,0.0,1
AST-GEN-514,Generator,1761,230,80.7,8,9.31,108.8,62.6,36.1,6.754,2.556,1.375,1
AST-IT -314,IT Server,794,9,76.4,6,2.18,46.5,14.9,71.1,0.674,0.1,2.887,0
AST-LAB-226,Lab Equipment,875,224,14.4,4,5.5,75.5,22.4,71.3,2.767,2.489,0.494,1
AST-LAB-711,Lab Equipment,90,88,0.0,0,1.98,41.5,8.6,45.8,0.549,0.978,0.0,0
AST-HVA-312,HVAC,2301,175,99.1,19,5.9,79.8,29.7,46.5,3.136,1.944,1.292,1
AST-GEN-304,Generator,447,168,24.3,2,5.53,95.2,52.7,60.4,3.507,1.867,1.631,1
AST-ELE-845,Elevator,422,132,12.6,5,3.96,58.8,27.0,39.3,1.553,1.467,0.896,1
AST-LAB-512,Lab Equipment,1175,139,27.4,9,3.89,64.0,15.9,25.3,1.66,1.544,0.7,0
AST-GEN-355,Generator,1764,35,45.1,6,4.25,68.8,35.6,51.0,1.952,0.389,0.767,0
AST-WAT-222,Water Pump,2475,57,85.4,15,3.29,67.3,20.2,37.2,1.478,0.633,1.035,0
AST-WAT-809,Water Pump,1526,50,12.3,5,2.99,62.1,26.6,43.3,1.237,0.556,0.242,0
AST-MED-382,Medical,1017,145,23.3,7,3.44,57.5,13.0,67.3,1.318,1.611,0.687,0
AST-HVA-468,HVAC,2015,63,202.9,13,4.0,57.4,30.8,34.5,1.531,0.7,3.021,1
AST-HVA-980,HVAC,1330,149,2.3,3,4.76,55.3,24.9,47.5,1.756,1.656,0.052,0
AST-HVA-789,HVAC,1576,199,13.6,7,5.87,71.9,32.0,69.5,2.812,2.211,0.259,1
AST-IT -530,IT Server,781,61,9.7,2,1.07,58.2,14.5,47.1,0.414,0.678,0.373,0
AST-MED-161,Medical,1216,102,6.4,6,2.15,45.6,7.3,52.4,0.654,1.133,0.158,0
AST-GEN-520,Generator,745,208,8.0,5,6.56,97.1,53.7,62.5,4.246,2.311,0.322,1
AST-WAT-606,Water Pump,2291,164,47.1,18,5.05,87.9,44.5,45.0,2.961,1.822,0.617,1
AST-GEN-444,Generator,459,164,18.5,1,5.08,88.3,58.0,68.8,2.989,1.822,1.209,0
AST-ELE-249,Elevator,1775,165,56.3,8,5.32,73.8,37.1,48.5,2.62,1.833,0.952,1
AST-WAT-894,Water Pump,1032,87,4.1,5,2.95,53.3,30.9,47.6,1.05,0.967,0.119,0
AST-LAB-228,Lab Equipment,296,16,0.0,0,1.08,39.1,12.7,41.3,0.282,0.178,0.0,0
AST-HVA-179,HVAC,1353,222,58.7,6,6.1,94.2,33.3,42.0,3.83,2.467,1.302,1
AST-IT -695,IT Server,2063,237,146.6,9,7.13,83.7,27.6,71.8,3.98,2.633,2.132,1
AST-LAB-239,Lab Equipment,2174,17,282.9,13,3.53,52.9,12.4,42.2,1.244,0.189,3.904,1
AST-IT -589,IT Server,1479,48,18.2,11,1.44,34.2,12.7,32.0,0.329,0.533,0.369,0
AST-LAB-643,Lab Equipment,1650,108,45.0,8,3.25,50.4,9.7,38.3,1.092,1.2,0.818,0
AST-HVA-646,HVAC,908,108,29.6,5,3.08,64.9,26.4,59.7,1.333,1.2,0.978,0
AST-WAT-500,Water Pump,2312,239,37.5,11,8.81,103.3,41.0,61.7,6.07,2.656,0.487,1
AST-GEN-216,Generator,1221,11,12.5,8,1.58,81.6,40.2,33.2,0.859,0.122,0.307,0
AST-GEN-582,Generator,832,14,5.5,5,3.05,73.1,55.0,65.6,1.489,0.156,0.198,0
AST-LAB-184,Lab Equipment,1179,194,8.2,2,4.24,65.7,22.2,52.3,1.856,2.156,0.209,1
AST-HVA-299,HVAC,71,155,1.8,1,4.18,61.7,31.8,31.4,1.719,1.722,0.761,0
AST-GEN-126,Generator,243,88,19.4,2,2.2,48.4,39.6,57.4,0.711,0.978,2.395,0
AST-ELE-780,Elevator,1632,46,17.5,9,2.95,57.4,17.8,77.9,1.131,0.511,0.322,0
AST-HVA-593,HVAC,59,162,3.6,1,3.8,56.9,27.4,47.8,1.442,1.8,1.831,0
AST-ELE-391,Elevator,2047,74,159.6,9,3.75,61.2,30.3,55.2,1.528,0.822,2.339,1
AST-MED-768,Medical,1868,160,40.4,18,4.52,65.7,11.7,63.3,1.978,1.778,0.649,1
AST-IT -963,IT Server,2199,158,94.6,17,4.25,67.8,22.0,34.8,1.92,1.756,1.291,1
AST-GEN-272,Generator,1921,59,33.9,10,2.8,73.9,37.8,48.4,1.381,0.656,0.529,0
AST-MED-278,Medical,655,153,21.9,4,3.79,50.1,11.9,47.9,1.268,1.7,1.003,0
AST-GEN-277,Generator,583,148,46.0,4,4.46,80.0,54.9,54.0,2.377,1.644,2.367,1
AST-ELE-278,Elevator,1373,66,29.3,5,3.47,63.6,31.1,52.2,1.471,0.733,0.64,1
AST-MED-706,Medical,1049,141,6.3,6,3.05,53.7,11.5,54.6,1.093,1.567,0.18,0
AST-WAT-402,Water Pump,2034,198,42.8,10,5.98,85.0,45.3,69.8,3.391,2.2,0.631,1
AST-MED-340,Medical,379,130,1.0,3,2.34,52.3,14.3,40.5,0.817,1.444,0.079,0
AST-WAT-418,Water Pump,1508,154,65.9,5,5.01,68.8,38.6,40.3,2.298,1.711,1.311,1
AST-IT -153,IT Server,265,122,0.0,0,1.98,58.6,15.4,55.5,0.775,1.356,0.0,0
AST-WAT-950,Water Pump,2381,45,130.4,9,2.67,89.7,29.9,59.0,1.596,0.5,1.643,1
AST-MED-871,Medical,1785,56,2.8,4,1.95,49.0,6.7,40.6,0.637,0.622,0.047,0
AST-IT -955,IT Server,2173,62,104.0,13,2.27,60.6,18.1,46.5,0.918,0.689,1.436,0
AST-MED-468,Medical,1527,166,8.0,10,4.22,60.4,14.8,37.7,1.697,1.844,0.157,1
AST-WAT-444,Water Pump,2258,63,0.5,17,3.04,58.3,28.6,46.9,1.183,0.7,0.007,0
AST-MED-139,Medical,85,224,0.0,0,4.77,62.6,19.5,36.1,1.99,2.489,0.0,0
AST-ELE-575,Elevator,158,158,2.8,1,4.57,64.0,27.8,47.5,1.95,1.756,0.532,0
AST-ELE-292,Elevator,503,114,9.7,8,3.49,59.7,26.8,41.9,1.391,1.267,0.579,0
AST-HVA-745,HVAC,348,204,5.2,1,4.6,85.3,25.8,21.1,2.616,2.267,0.448,1
AST-MED-701,Medical,2079,1,6.8,7,2.03,45.7,7.5,49.3,0.618,0.011,0.098,0
AST-GEN-342,Generator,480,207,0.0,0,5.37,88.1,56.4,43.8,3.154,2.3,0.0,1
AST-ELE-530,Elevator,2408,108,171.3,17,4.48,75.8,27.5,42.7,2.264,1.2,2.134,1
AST-HVA-149,HVAC,371,80,100.5,6,2.76,61.9,22.6,37.2,1.138,0.889,8.127,0
AST-HVA-732,HVAC,848,236,35.5,2,7.94,81.3,35.0,48.5,4.305,2.622,1.256,1
AST-MED-290,Medical,59,218,0.0,0,4.86,65.9,17.7,34.2,2.139,2.422,0.0,0
AST-GEN-278,Generator,1599,14,55.2,11,1.63,73.5,39.8,42.1,0.796,0.156,1.036,0
AST-GEN-179,Generator,1618,191,43.7,6,6.04,108.2,56.7,65.4,4.357,2.122,0.81,1
AST-WAT-495,Water Pump,1662,215,3.4,10,7.7,79.2,36.6,44.4,4.069,2.389,0.061,1
AST-GEN-219,Generator,1582,25,21.8,9,2.31,73.8,44.9,29.6,1.138,0.278,0.413,0
AST-IT -259,IT Server,809,27,1.1,5,0.81,51.8,16.2,60.4,0.279,0.3,0.041,1
AST-LAB-187,Lab Equipment,1868,31,11.0,6,1.75,54.7,12.5,47.9,0.637,0.344,0.177,0
AST-IT -402,IT Server,1326,120,5.3,5,2.06,63.3,18.6,58.0,0.87,1.333,0.12,0
AST-MED-147,Medical,1399,196,4.9,13,4.46,66.7,16.6,49.8,1.983,2.178,0.105,1
AST-ELE-752,Elevator,2375,93,3.6,8,2.9,55.4,26.3,43.2,1.072,1.033,0.045,1
AST-HVA-712,HVAC,77,2,0.0,0,1.75,51.0,16.4,43.1,0.594,0.022,0.0,0
AST-WAT-933,Water Pump,1392,106,85.8,6,3.12,61.1,35.7,45.8,1.27,1.178,1.849,0
AST-WAT-928,Water Pump,983,164,5.3,5,5.48,72.4,36.0,45.4,2.648,1.822,0.162,1
AST-WAT-527,Water Pump,955,94,20.5,5,2.91,66.7,37.5,31.6,1.294,1.044,0.644,0
AST-HVA-583,HVAC,1800,62,68.2,9,3.05,70.7,21.0,44.9,1.441,0.689,1.137,0
AST-MED-212,Medical,1012,167,62.2,6,4.49,52.4,14.3,51.0,1.569,1.856,1.844,0
AST-GEN-821,Generator,790,207,19.4,5,5.2,96.2,51.8,53.6,3.336,2.3,0.737,0
AST-IT -902,IT Server,1571,123,50.1,7,2.95,57.9,20.4,49.3,1.138,1.367,0.957,0
AST-HVA-506,HVAC,1726,84,51.7,8,2.16,67.5,24.7,54.1,0.97,0.933,0.899,0
AST-HVA-272,HVAC,1237,149,40.4,5,3.56,69.9,26.8,47.3,1.66,1.656,0.98,1
AST-GEN-475,Generator,1855,113,110.4,6,4.15,89.5,51.7,47.1,2.48,1.256,1.785,1
AST-HVA-780,HVAC,1262,149,14.2,6,3.96,60.2,26.3,40.2,1.59,1.656,0.338,1
AST-LAB-187,Lab Equipment,2071,87,192.4,10,3.44,47.5,13.6,42.1,1.09,0.967,2.787,1
AST-GEN-830,Generator,2061,222,13.9,13,6.0,94.7,62.9,64.1,3.791,2.467,0.202,1
AST-IT -967,IT Server,2050,178,17.4,18,4.59,55.1,21.8,40.6,1.687,1.978,0.255,0
AST-WAT-456,Water Pump,698,101,54.1,8,3.35,79.4,34.1,45.2,1.772,1.122,2.325,0
AST-MED-639,Medical,1932,234,29.6,7,6.4,70.9,20.2,68.2,3.029,2.6,0.46,1
AST-ELE-964,Elevator,2176,153,12.1,10,5.03,72.4,37.4,53.5,2.428,1.7,0.167,0
AST-HVA-510,HVAC,2298,221,78.9,10,7.12,86.7,38.8,56.9,4.111,2.456,1.03,1
AST-LAB-208,Lab Equipment,1329,222,2.8,6,5.71,73.9,22.3,41.2,2.812,2.467,0.063,0
AST-HVA-168,HVAC,1087,42,14.9,4,2.83,60.5,18.9,39.0,1.14,0.467,0.411,0
AST-HVA-260,HVAC,1229,180,42.7,8,5.65,77.1,31.3,49.1,2.904,2.0,1.042,1
AST-MED-473,Medical,1280,107,11.2,3,1.72,51.3,6.8,63.7,0.588,1.189,0.263,0
AST-HVA-788,HVAC,865,114,1.9,1,3.36,61.1,22.2,42.4,1.369,1.267,0.066,0
AST-ELE-581,Elevator,1110,24,7.2,7,1.94,53.7,34.5,59.3,0.694,0.267,0.195,0
AST-HVA-798,HVAC,1708,103,18.1,10,3.25,63.8,20.8,55.5,1.382,1.144,0.318,0
AST-MED-425,Medical,249,139,20.3,4,3.24,46.1,12.5,48.3,0.994,1.544,2.446,0
AST-ELE-933,Elevator,50,50,10.4,1,1.93,53.0,31.1,33.1,0.681,0.556,6.24,0
AST-HVA-765,HVAC,401,239,8.6,3,7.56,88.8,38.6,45.0,4.475,2.656,0.643,1
AST-HVA-572,HVAC,148,100,2.8,1,2.23,57.6,17.4,50.1,0.857,1.111,0.568,0
AST-ELE-997,Elevator,180,30,3.1,1,1.95,62.5,29.8,42.2,0.811,0.333,0.517,0
AST-GEN-562,Generator,903,137,19.9,10,4.76,75.4,46.4,55.4,2.392,1.522,0.661,1
AST-HVA-780,HVAC,2169,162,90.2,13,5.67,76.6,33.4,66.7,2.898,1.8,1.248,1
AST-HVA-565,HVAC,694,8,0.0,0,1.91,61.6,15.9,48.4,0.782,0.089,0.0,0
AST-MED-581,Medical,2434,98,5.4,11,2.18,44.7,7.1,62.5,0.65,1.089,0.067,0
AST-WAT-532,Water Pump,1093,4,8.7,6,3.51,53.3,21.8,58.5,1.249,0.044,0.239,0
AST-IT -165,IT Server,1329,75,35.2,5,1.83,60.5,13.2,67.0,0.74,0.833,0.795,0
AST-WAT-508,Water Pump,264,182,0.0,0,6.38,73.8,34.4,53.4,3.138,2.022,0.0,0
AST-LAB-666,Lab Equipment,638,219,61.1,5,6.39,74.6,23.7,65.0,3.178,2.433,2.873,1
AST-HVA-531,HVAC,1177,53,8.0,5,2.72,60.5,24.7,53.3,1.097,0.589,0.204,0
AST-ELE-276,Elevator,1270,170,3.4,7,5.61,74.9,38.3,46.9,2.801,1.889,0.08,0
AST-WAT-171,Water Pump,530,65,7.0,2,1.45,38.5,28.1,32.0,0.372,0.722,0.396,0
AST-LAB-424,Lab Equipment,1224,169,16.8,3,3.93,50.3,19.6,62.3,1.319,1.878,0.412,0
AST-LAB-247,Lab Equipment,1155,233,24.4,6,6.27,69.1,28.9,54.5,2.887,2.589,0.634,1
AST-GEN-229,Generator,967,216,5.7,3,7.33,105.7,56.0,52.9,5.168,2.4,0.177,1
AST-LAB-400,Lab Equipment,547,191,18.3,3,4.86,70.3,19.5,38.6,2.279,2.122,1.004,1
AST-HVA-532,HVAC,2123,67,212.8,20,3.7,61.1,23.6,37.1,1.506,0.744,3.007,1
AST-GEN-630,Generator,2477,208,58.7,19,7.15,96.1,65.8,67.0,4.578,2.311,0.711,1
AST-ELE-818,Elevator,1414,158,3.7,7,3.41,67.8,32.0,28.5,1.543,1.756,0.079,0
AST-MED-805,Medical,1760,101,15.7,11,2.1,49.2,7.9,58.5,0.689,1.122,0.268,0
AST-HVA-965,HVAC,2058,74,24.5,8,3.95,63.4,22.3,51.7,1.671,0.822,0.357,0
AST-MED-292,Medical,986,26,77.7,3,1.85,41.1,9.3,47.5,0.507,0.289,2.364,0
AST-WAT-986,Water Pump,1137,149,57.0,4,4.85,91.2,34.0,62.5,2.953,1.656,1.504,1
AST-HVA-540,HVAC,168,200,0.0,0,5.26,73.3,34.3,46.7,2.569,2.222,0.0,1
AST-WAT-394,Water Pump,453,25,41.5,2,2.48,52.5,43.2,32.2,0.869,0.278,2.748,0
AST-GEN-587,Generator,456,239,10.3,2,7.35,86.3,56.3,63.2,4.227,2.656,0.678,1
AST-ELE-397,Elevator,1771,191,36.9,16,6.3,85.7,34.1,67.2,3.597,2.122,0.625,1
AST-GEN-747,Generator,460,194,34.4,5,5.14,105.3,46.9,50.5,3.605,2.156,2.243,1
AST-LAB-656,Lab Equipment,2481,218,19.0,15,5.2,73.5,24.6,56.6,2.548,2.422,0.23,1
AST-ELE-595,Elevator,2223,110,12.6,11,2.69,76.9,24.2,42.9,1.38,1.222,0.17,0
AST-ELE-867,Elevator,1345,116,38.9,9,5.24,76.3,28.9,68.7,2.666,1.289,0.868,0
AST-HVA-214,HVAC,2313,205,42.3,17,6.33,84.0,32.3,33.8,3.543,2.278,0.549,1
AST-GEN-114,Generator,1153,28,80.2,9,2.48,74.1,47.9,62.4,1.226,0.311,2.087,0
AST-MED-749,Medical,1169,164,4.4,5,4.0,60.0,14.6,62.1,1.603,1.822,0.113,0
AST-MED-957,Medical,2071,62,8.2,6,1.91,47.3,9.2,42.1,0.604,0.689,0.119,0
AST-ELE-328,Elevator,1550,168,17.6,8,4.86,64.1,27.1,57.0,2.077,1.867,0.341,0
AST-WAT-723,Water Pump,1950,64,20.3,13,2.13,51.2,25.0,46.5,0.725,0.711,0.312,0
AST-IT -589,IT Server,171,25,15.5,4,1.08,42.5,16.4,59.2,0.307,0.278,2.719,0
AST-IT -890,IT Server,1505,40,57.8,7,1.69,56.0,14.0,61.9,0.629,0.444,1.152,0
AST-MED-956,Medical,1018,20,19.9,6,1.53,36.7,7.9,55.0,0.374,0.222,0.586,0
AST-WAT-819,Water Pump,2011,205,30.3,12,7.01,93.4,44.3,58.7,4.363,2.278,0.452,1
AST-HVA-360,HVAC,46,204,0.0,0,5.09,84.2,33.8,34.7,2.856,2.267,0.0,0
AST-LAB-118,Lab Equipment,368,234,17.9,2,6.34,73.9,22.9,55.0,3.121,2.6,1.459,1
AST-IT -435,IT Server,1659,143,49.7,7,3.82,53.2,19.1,39.9,1.353,1.589,0.899,0
AST-LAB-375,Lab Equipment,103,189,4.6,1,4.5,56.0,21.4,72.6,1.677,2.1,1.34,0
AST-GEN-678,Generator,117,84,3.0,1,1.81,62.5,56.6,73.9,0.756,0.933,0.769,0
AST-ELE-462,Elevator,163,154,0.0,0,4.44,72.2,29.6,56.1,2.139,1.711,0.0,0
AST-IT -256,IT Server,2086,18,267.2,10,2.75,52.3,13.9,66.9,0.96,0.2,3.843,1
AST-LAB-847,Lab Equipment,657,100,14.3,2,2.12,54.9,12.4,59.2,0.774,1.111,0.653,0
AST-HVA-506,HVAC,871,190,42.2,6,5.91,78.7,29.3,45.8,3.101,2.111,1.454,0
AST-IT -750,IT Server,734,74,22.6,3,1.44,49.9,14.0,27.4,0.479,0.822,0.924,0
AST-ELE-197,Elevator,400,153,0.1,1,3.64,63.2,41.6,62.9,1.534,1.7,0.007,0
AST-MED-136,Medical,1591,46,23.3,12,1.84,46.9,8.4,46.3,0.575,0.511,0.439,0
AST-IT -761,IT Server,136,131,3.0,1,1.84,53.1,16.8,45.2,0.652,1.456,0.662,0
AST-ELE-863,Elevator,250,101,2.0,1,2.25,48.5,26.0,61.7,0.726,1.122,0.24,0
AST-GEN-191,Generator,532,39,61.1,5,2.05,80.3,40.8,46.5,1.099,0.433,3.445,0
AST-WAT-220,Water Pump,1915,240,11.8,8,7.44,89.3,51.5,50.1,4.424,2.667,0.185,1
AST-IT -242,IT Server,2300,39,60.8,16,2.31,34.2,15.0,65.5,0.525,0.433,0.793,0
AST-GEN-314,Generator,1018,21,75.1,5,3.05,58.6,48.1,48.9,1.194,0.233,2.213,0
AST-LAB-597,Lab Equipment,2071,36,33.7,9,1.36,49.9,11.9,67.8,0.452,0.4,0.488,0
AST-WAT-806,Water Pump,907,133,40.2,7,5.57,86.1,32.4,49.2,3.201,1.478,1.33,0
AST-WAT-539,Water Pump,534,109,49.8,3,3.25,65.5,38.9,58.4,1.421,1.211,2.798,0
AST-LAB-816,Lab Equipment,505,67,17.4,4,1.21,42.4,10.2,61.0,0.342,0.744,1.034,0
AST-MED-910,Medical,744,128,19.2,3,3.14,45.9,11.2,64.9,0.962,1.422,0.774,0
AST-LAB-293,Lab Equipment,619,52,26.0,2,1.71,44.7,13.6,37.5,0.51,0.578,1.26,0
AST-LAB-338,Lab Equipment,2037,221,21.8,14,6.95,72.1,25.4,45.3,3.342,2.456,0.321,1
AST-WAT-203,Water Pump,1297,185,95.2,14,7.32,78.9,43.1,69.1,3.852,2.056,2.202,1
AST-IT -358,IT Server,788,9,59.3,6,1.6,44.4,17.7,67.5,0.474,0.1,2.258,0
AST-GEN-592,Generator,1098,29,9.2,2,2.18,82.3,48.7,32.0,1.198,0.322,0.251,0
AST-IT -566,IT Server,298,159,0.0,0,3.16,59.1,22.7,44.7,1.245,1.767,0.0,0
AST-MED-246,Medical,1432,13,69.4,11,1.81,48.3,9.0,38.8,0.582,0.144,1.454,0
AST-ELE-437,Elevator,2350,35,60.7,10,3.57,82.8,22.4,66.2,1.971,0.389,0.775,0
AST-WAT-912,Water Pump,1381,58,36.5,4,2.3,72.8,34.3,77.2,1.117,0.644,0.793,0
AST-ELE-926,Elevator,38,222,0.0,0,5.74,79.6,45.4,43.2,3.047,2.467,0.0,0
AST-MED-467,Medical,2272,126,61.0,13,3.26,51.8,11.3,36.5,1.126,1.4,0.805,0
AST-WAT-823,Water Pump,946,102,31.9,2,4.06,50.8,23.6,50.0,1.374,1.133,1.012,0
AST-WAT-286,Water Pump,2031,54,22.2,9,4.31,76.8,30.1,56.2,2.208,0.6,0.328,0
AST-MED-564,Medical,640,57,54.9,4,1.34,38.7,7.6,46.2,0.346,0.633,2.573,0
AST-ELE-201,Elevator,1759,175,18.0,9,5.22,75.7,36.7,55.2,2.633,1.944,0.307,0
AST-HVA-230,HVAC,2417,39,113.3,9,3.83,67.8,25.2,63.1,1.733,0.433,1.406,1
AST-MED-206,Medical,447,169,2.2,3,3.93,50.7,14.5,43.3,1.327,1.878,0.148,0
AST-HVA-345,HVAC,879,13,0.3,8,1.56,49.7,22.1,71.9,0.518,0.144,0.01,0
AST-LAB-436,Lab Equipment,798,96,31.6,2,2.18,40.4,11.5,60.4,0.588,1.067,1.188,0
AST-ELE-145,Elevator,759,223,49.6,5,7.31,86.6,43.7,55.2,4.218,2.478,1.96,1
AST-IT -385,IT Server,2181,214,120.9,16,6.4,83.4,21.5,42.0,3.557,2.378,1.663,1
AST-MED-828,Medical,454,44,2.7,1,1.45,34.1,7.0,24.4,0.331,0.489,0.178,0
AST-WAT-846,Water Pump,546,47,4.2,2,1.93,62.0,38.1,60.5,0.8,0.522,0.231,0
AST-GEN-134,Generator,2314,124,89.0,14,4.39,93.9,45.7,56.4,2.751,1.378,1.154,1
AST-IT -870,IT Server,1347,227,41.0,4,5.78,85.4,25.5,36.0,3.291,2.522,0.913,1
AST-WAT-585,Water Pump,272,197,0.6,1,5.87,88.2,37.1,37.9,3.45,2.189,0.066,1
AST-ELE-689,Elevator,1276,54,76.1,9,3.27,64.4,35.1,44.0,1.402,0.6,1.789,0
AST-WAT-207,Water Pump,1048,123,149.5,5,4.33,79.5,37.1,51.9,2.294,1.367,4.28,1
AST-IT -461,IT Server,2331,225,132.8,18,7.07,92.4,22.9,55.0,4.355,2.5,1.709,1
AST-IT -310,IT Server,1994,159,88.5,6,4.38,60.6,22.5,48.7,1.771,1.767,1.331,1
AST-GEN-214,Generator,1767,209,20.7,7,6.31,94.4,52.4,49.6,3.967,2.322,0.351,1
AST-IT -290,IT Server,605,97,48.8,5,1.76,43.0,17.4,30.6,0.505,1.078,2.42,0
AST-IT -106,IT Server,2471,54,96.9,18,2.45,53.9,15.3,61.2,0.88,0.6,1.176,0
AST-MED-209,Medical,979,20,14.8,5,1.6,39.0,8.2,49.3,0.415,0.222,0.454,0
AST-WAT-656,Water Pump,1265,70,38.5,6,4.07,56.4,42.4,39.5,1.533,0.778,0.913,0
AST-IT -672,IT Server,1039,139,7.1,2,2.69,62.7,16.9,66.4,1.125,1.544,0.205,1
AST-LAB-753,Lab Equipment,1169,167,4.3,3,4.36,65.4,15.4,27.9,1.901,1.856,0.11,0
AST-ELE-923,Elevator,977,140,51.3,4,3.96,77.0,32.6,40.8,2.034,1.556,1.575,1
AST-GEN-912,Generator,885,115,39.6,6,3.76,73.4,48.4,61.4,1.839,1.278,1.342,1
AST-MED-688,Medical,1121,102,7.0,4,2.26,49.4,9.9,41.3,0.746,1.133,0.187,0
AST-WAT-475,Water Pump,1312,79,8.5,3,5.26,50.6,32.7,51.3,1.772,0.878,0.194,1
AST-WAT-599,Water Pump,92,4,0.0,0,2.18,57.1,40.6,60.4,0.83,0.044,0.0,0
AST-GEN-464,Generator,1348,167,7.5,5,5.03,85.7,42.5,43.9,2.872,1.856,0.167,0
AST-IT -233,IT Server,867,235,5.3,7,5.54,95.9,25.7,34.9,3.539,2.611,0.183,1
AST-ELE-203,Elevator,539,200,0.5,2,4.37,81.4,34.6,22.2,2.371,2.222,0.028,0
AST-ELE-668,Elevator,763,145,14.9,2,3.65,70.9,31.0,38.7,1.724,1.611,0.586,0
AST-GEN-629,Generator,1348,15,4.1,3,2.44,74.5,43.5,43.3,1.214,0.167,0.091,0
AST-GEN-846,Generator,2221,72,14.7,13,4.37,68.9,56.7,52.4,2.01,0.8,0.199,0
AST-IT -666,IT Server,709,88,13.3,1,1.23,47.6,19.0,35.3,0.392,0.978,0.563,0
AST-ELE-462,Elevator,927,119,13.6,7,4.33,65.4,35.8,28.6,1.888,1.322,0.44,1
AST-MED-536,Medical,1237,26,22.6,11,1.58,42.8,8.0,53.3,0.451,0.289,0.548,0
AST-WAT-926,Water Pump,991,56,5.8,7,2.18,50.7,26.0,67.1,0.736,0.622,0.176,0
AST-LAB-890,Lab Equipment,96,98,4.9,1,1.17,53.7,11.4,52.9,0.418,1.089,1.531,0
AST-ELE-605,Elevator,279,166,1.4,1,3.86,67.0,34.7,53.9,1.723,1.844,0.151,0
AST-ELE-511,Elevator,903,196,34.0,8,6.43,85.9,39.8,61.3,3.685,2.178,1.13,1
AST-HVA-202,HVAC,2377,202,69.9,8,5.81,72.1,31.9,50.2,2.797,2.244,0.882,0
AST-ELE-541,Elevator,412,27,14.9,3,2.51,55.3,27.7,68.5,0.925,0.3,1.085,0
AST-IT -440,IT Server,1410,191,13.1,6,4.42,68.7,23.2,48.2,2.027,2.122,0.279,1
AST-IT -350,IT Server,2037,53,115.0,10,2.69,60.3,12.5,49.2,1.083,0.589,1.694,0
AST-WAT-294,Water Pump,1077,176,19.4,6,5.35,79.7,28.2,27.7,2.846,1.956,0.54,1
AST-LAB-604,Lab Equipment,346,120,2.4,2,2.41,49.9,13.6,52.2,0.8,1.333,0.208,1
AST-GEN-597,Generator,2373,162,45.5,15,6.18,108.2,42.5,43.5,4.455,1.8,0.575,1
AST-HVA-524,HVAC,429,208,40.3,2,6.25,73.4,25.0,61.3,3.059,2.311,2.818,1
AST-GEN-152,Generator,89,74,8.7,1,2.89,73.2,44.3,61.6,1.407,0.822,2.933,0
AST-MED-629,Medical,560,12,59.3,3,1.77,38.9,6.8,58.2,0.46,0.133,3.177,0
AST-WAT-198,Water Pump,1632,47,56.6,9,4.41,84.7,36.6,32.4,2.491,0.522,1.04,0
AST-LAB-809,Lab Equipment,1252,33,5.5,3,1.53,48.4,16.6,36.8,0.494,0.367,0.132,0
AST-IT -376,IT Server,1988,63,168.0,9,2.99,59.9,11.4,59.9,1.193,0.7,2.535,1
AST-WAT-428,Water Pump,278,197,10.0,2,6.85,87.6,47.4,52.5,3.999,2.189,1.079,1
AST-MED-954,Medical,580,148,18.0,3,2.88,60.5,14.7,48.5,1.163,1.644,0.931,0
AST-HVA-443,HVAC,926,99,23.2,3,1.93,64.3,23.2,54.9,0.827,1.1,0.752,0
AST-LAB-739,Lab Equipment,520,34,50.4,6,1.99,52.1,12.2,59.4,0.689,0.378,2.908,0
AST-LAB-262,Lab Equipment,170,160,0.0,0,2.96,54.9,19.4,55.7,1.082,1.778,0.0,0
AST-IT -932,IT Server,122,217,0.0,0,4.66,65.3,24.2,67.9,2.029,2.411,0.0,0
AST-ELE-818,Elevator,1344,3,7.1,4,2.25,63.5,23.0,66.5,0.953,0.033,0.158,0
AST-IT -201,IT Server,2358,155,195.5,13,4.52,80.9,18.0,45.9,2.436,1.722,2.487,1
AST-WAT-970,Water Pump,1727,139,31.2,6,5.5,68.9,28.9,83.8,2.524,1.544,0.542,0
AST-ELE-369,Elevator,1167,83,10.3,8,2.0,64.9,30.2,53.5,0.865,0.922,0.265,0
AST-ELE-557,Elevator,2236,200,0.5,16,6.23,78.5,39.7,40.3,3.26,2.222,0.007,1
AST-ELE-557,Elevator,1109,76,88.6,5,3.94,55.8,26.2,49.7,1.464,0.844,2.397,0
AST-HVA-422,HVAC,1096,15,6.9,5,1.5,56.7,26.5,54.6,0.566,0.167,0.189,0
AST-ELE-470,Elevator,377,229,14.0,3,7.32,81.3,43.7,29.3,3.969,2.544,1.114,1
AST-ELE-781,Elevator,1364,108,30.6,8,4.56,62.7,33.1,20.0,1.906,1.2,0.673,0
AST-MED-109,Medical,2340,202,198.8,17,5.93,69.5,16.9,52.9,2.748,2.244,2.549,1
AST-HVA-846,HVAC,1642,166,5.1,5,3.83,76.2,31.1,30.5,1.946,1.844,0.093,0
AST-MED-715,Medical,2474,174,4.0,17,4.8,64.4,16.7,54.6,2.061,1.933,0.049,1
AST-HVA-173,HVAC,947,227,7.0,7,6.05,83.7,35.8,31.4,3.377,2.522,0.222,1
AST-ELE-180,Elevator,1271,224,54.0,5,6.63,94.6,36.5,53.4,4.183,2.489,1.275,1
AST-ELE-744,Elevator,2237,14,35.5,12,1.83,63.8,23.7,42.1,0.779,0.156,0.476,0
AST-LAB-119,Lab Equipment,2368,19,51.6,12,2.51,56.5,12.1,32.8,0.948,0.211,0.654,0
AST-WAT-904,Water Pump,1143,111,25.1,5,3.18,68.0,31.9,22.2,1.441,1.233,0.659,0
AST-IT -363,IT Server,52,13,0.0,0,0.76,46.6,15.2,23.7,0.237,0.144,0.0,0
AST-MED-138,Medical,122,75,10.3,1,1.09,44.6,8.9,43.2,0.325,0.833,2.533,0
AST-MED-969,Medical,1499,65,62.3,7,2.15,45.6,9.0,46.1,0.652,0.722,1.247,0
AST-LAB-641,Lab Equipment,894,76,62.6,6,2.84,56.2,10.4,46.8,1.064,0.844,2.101,0
AST-IT -929,IT Server,1835,90,35.3,13,2.23,49.5,15.6,46.7,0.737,1.0,0.577,0
AST-LAB-119,Lab Equipment,1185,230,18.9,4,6.1,71.2,23.2,61.2,2.895,2.556,0.478,1
AST-IT -245,IT Server,1185,102,12.0,9,1.63,59.3,13.6,63.1,0.644,1.133,0.304,0
AST-MED-554,Medical,1758,16,31.4,7,2.01,39.6,8.0,25.2,0.53,0.178,0.536,0
AST-GEN-643,Generator,191,179,0.0,0,4.15,77.5,41.4,44.1,2.145,1.989,0.0,0
AST-MED-856,Medical,354,23,37.7,3,1.76,41.6,8.1,37.4,0.487,0.256,3.195,0
AST-HVA-274,HVAC,467,203,17.2,6,6.04,67.6,29.0,55.1,2.724,2.256,1.105,0
AST-MED-281,Medical,1557,16,133.4,12,3.07,44.8,8.4,41.5,0.918,0.178,2.57,0
AST-HVA-476,HVAC,2348,85,82.6,11,2.21,58.8,15.8,43.7,0.865,0.944,1.055,0
AST-MED-346,Medical,475,87,15.5,1,1.08,30.4,7.3,54.5,0.219,0.967,0.979,0
AST-LAB-988,Lab Equipment,319,199,3.9,1,5.35,68.0,23.2,59.4,2.429,2.211,0.367,0
AST-HVA-747,HVAC,1802,176,49.4,11,5.64,79.8,36.9,52.8,2.997,1.956,0.822,1
AST-WAT-595,Water Pump,1616,225,9.4,8,6.41,84.9,37.5,41.0,3.628,2.5,0.175,1
AST-WAT-953,Water Pump,445,161,4.2,1,3.25,65.7,38.8,45.9,1.422,1.789,0.283,1
AST-GEN-895,Generator,670,180,41.4,6,3.72,99.6,45.4,50.8,2.467,2.0,1.854,1
AST-IT -569,IT Server,1676,121,73.7,9,2.98,59.9,19.8,50.4,1.19,1.344,1.319,1
AST-MED-414,Medical,1569,26,76.1,7,2.26,43.1,5.0,46.7,0.651,0.289,1.455,0
AST-MED-399,Medical,1168,98,27.5,8,2.16,43.2,8.1,54.7,0.622,1.089,0.706,0
AST-MED-474,Medical,2098,156,43.2,9,3.99,60.4,15.1,41.9,1.608,1.733,0.618,0
AST-GEN-357,Generator,1292,22,52.5,8,2.93,72.9,42.6,45.3,1.422,0.244,1.219,0
AST-IT -333,IT Server,788,131,12.0,6,2.48,51.9,18.1,40.6,0.858,1.456,0.457,0
AST-HVA-987,HVAC,390,220,10.6,1,6.3,83.2,32.1,50.2,3.498,2.444,0.815,1
AST-GEN-984,Generator,1848,162,18.6,10,6.67,89.0,59.1,50.1,3.956,1.8,0.302,1
AST-ELE-799,Elevator,1172,197,104.2,9,6.4,76.5,33.1,43.4,3.262,2.189,2.667,1
AST-ELE-709,Elevator,673,200,11.9,2,5.77,60.6,46.7,58.1,2.331,2.222,0.53,0
AST-ELE-834,Elevator,1359,148,5.2,8,5.31,74.9,27.8,43.8,2.654,1.644,0.115,1
AST-WAT-372,Water Pump,1256,136,27.2,4,4.79,76.7,41.4,57.4,2.452,1.511,0.65,0
AST-IT -413,IT Server,111,228,5.8,1,5.06,79.1,28.4,76.4,2.669,2.533,1.568,1
AST-ELE-416,Elevator,1604,87,4.7,7,2.81,57.9,28.5,58.9,1.084,0.967,0.088,0
AST-WAT-657,Water Pump,1074,230,14.1,4,6.86,83.8,42.1,62.7,3.835,2.556,0.394,1
AST-WAT-693,Water Pump,663,165,25.8,3,4.58,73.1,39.5,42.9,2.233,1.833,1.167,0
AST-IT -859,IT Server,2090,127,142.8,10,3.78,68.1,17.5,39.1,1.717,1.411,2.05,1
AST-ELE-588,Elevator,1029,123,16.8,8,3.11,63.8,25.0,30.3,1.322,1.367,0.49,0
AST-ELE-789,Elevator,1985,108,132.0,9,3.69,70.9,30.6,51.2,1.743,1.2,1.995,1
AST-WAT-685,Water Pump,1955,237,12.2,7,8.7,88.0,40.1,53.4,5.102,2.633,0.187,1
AST-IT -146,IT Server,1347,64,42.4,8,1.74,41.5,16.5,51.4,0.482,0.711,0.944,0
AST-GEN-459,Generator,486,145,15.9,2,3.45,64.5,47.8,49.1,1.485,1.611,0.981,0
AST-IT -565,IT Server,532,109,11.0,2,1.76,62.5,17.1,30.4,0.735,1.211,0.62,0
AST-IT -685,IT Server,1858,79,4.9,8,1.69,40.9,15.8,68.2,0.461,0.878,0.079,0
AST-WAT-568,Water Pump,1801,109,34.9,9,4.05,91.7,26.1,45.6,2.476,1.211,0.581,0
AST-LAB-871,Lab Equipment,264,178,0.0,0,3.87,54.8,20.5,67.7,1.416,1.978,0.0,0
AST-IT -223,IT Server,2493,49,5.3,21,1.61,54.4,13.7,61.8,0.584,0.544,0.064,0
AST-GEN-489,Generator,1066,33,48.3,6,2.69,87.8,51.2,40.5,1.576,0.367,1.359,0
AST-ELE-764,Elevator,892,29,52.0,5,3.47,59.7,29.0,33.4,1.382,0.322,1.749,0
AST-WAT-693,Water Pump,2062,217,23.7,12,6.57,93.6,39.9,31.5,4.104,2.411,0.345,1
AST-HVA-643,HVAC,1484,108,2.2,5,2.59,58.5,21.0,54.2,1.01,1.2,0.044,0
AST-LAB-426,Lab Equipment,2385,30,14.4,9,2.4,53.8,13.3,44.9,0.861,0.333,0.181,0
AST-MED-966,Medical,1816,188,26.3,10,5.27,58.2,14.4,73.7,2.044,2.089,0.434,0
AST-WAT-851,Water Pump,2451,167,52.4,7,5.38,81.5,43.4,47.9,2.922,1.856,0.641,1
AST-LAB-596,Lab Equipment,220,170,0.0,0,3.99,60.3,18.8,51.0,1.604,1.889,0.0,0
AST-MED-903,Medical,1854,123,44.1,11,3.35,56.7,10.8,47.4,1.268,1.367,0.714,0
AST-WAT-213,Water Pump,1142,9,40.2,3,5.05,48.7,31.2,49.1,1.64,0.1,1.056,0
AST-LAB-966,Lab Equipment,1947,237,15.0,10,6.77,81.5,20.7,53.6,3.677,2.633,0.231,1
AST-MED-867,Medical,104,179,0.0,0,4.12,56.8,14.9,55.1,1.563,1.989,0.0,0
AST-MED-388,Medical,1078,159,16.9,7,3.77,59.5,14.3,44.3,1.495,1.767,0.47,0
AST-ELE-950,Elevator,2234,83,75.9,18,2.71,62.8,18.1,59.3,1.134,0.922,1.019,0
AST-MED-235,Medical,1546,100,5.3,10,2.21,43.5,9.6,70.6,0.642,1.111,0.103,0
AST-GEN-602,Generator,1088,233,36.8,6,5.38,96.1,51.7,47.0,3.451,2.589,1.015,1
AST-ELE-662,Elevator,1132,92,0.7,3,1.79,53.8,30.8,84.2,0.643,1.022,0.019,0
AST-MED-826,Medical,1969,100,104.6,15,3.1,54.9,9.1,63.6,1.135,1.111,1.594,0
AST-WAT-789,Water Pump,1709,54,0.4,7,1.94,68.1,28.1,40.3,0.88,0.6,0.007,0
AST-MED-806,Medical,1142,48,4.4,9,1.46,34.4,6.1,63.4,0.336,0.533,0.116,1
AST-MED-127,Medical,2345,231,217.0,15,7.99,69.3,19.0,63.2,3.691,2.567,2.776,1
AST-GEN-899,Generator,70,176,0.0,0,4.82,83.4,37.4,53.8,2.678,1.956,0.0,0
AST-LAB-851,Lab Equipment,1955,34,30.6,13,2.37,48.4,14.3,52.4,0.765,0.378,0.47,0
AST-ELE-812,Elevator,615,122,2.4,1,3.35,44.4,28.9,30.5,0.992,1.356,0.117,0
AST-MED-788,Medical,2108,226,75.9,10,6.2,70.6,20.8,59.9,2.921,2.511,1.08,1
AST-HVA-834,HVAC,2304,149,12.4,15,3.13,75.5,30.4,77.4,1.577,1.656,0.161,0
AST-WAT-984,Water Pump,675,189,49.9,4,6.49,73.2,45.0,45.1,3.166,2.1,2.218,1
AST-LAB-936,Lab Equipment,1681,6,24.4,13,2.31,50.0,10.6,55.6,0.771,0.067,0.435,0
AST-LAB-930,Lab Equipment,2243,8,86.9,10,2.94,57.3,9.7,47.0,1.123,0.089,1.162,0
AST-GEN-896,Generator,1933,112,65.8,12,4.16,84.5,50.1,38.5,2.343,1.244,1.021,1
AST-MED-370,Medical,2245,45,16.0,13,2.06,39.2,7.4,39.8,0.537,0.5,0.214,0
AST-WAT-714,Water Pump,1199,51,0.9,4,3.06,52.0,39.9,32.5,1.062,0.567,0.023,0
AST-HVA-157,HVAC,2004,155,130.4,9,6.45,83.8,28.1,54.7,3.6,1.722,1.952,1
AST-WAT-205,Water Pump,1800,91,31.4,9,2.02,68.3,32.6,40.1,0.921,1.011,0.523,0
AST-LAB-991,Lab Equipment,1942,175,40.5,5,4.61,65.7,18.8,50.4,2.017,1.944,0.626,1
AST-GEN-384,Generator,2041,28,27.2,9,2.47,74.2,43.5,61.7,1.224,0.311,0.4,0
AST-MED-677,Medical,294,151,0.0,0,3.26,44.6,12.2,41.3,0.97,1.678,0.0,0
AST-GEN-796,Generator,1784,149,32.6,7,4.35,94.2,48.3,69.9,2.731,1.656,0.548,1
AST-WAT-956,Water Pump,1958,206,76.1,11,8.32,86.4,39.4,37.2,4.792,2.289,1.166,1
AST-IT -280,IT Server,1440,10,1.5,12,1.55,41.8,13.4,48.3,0.433,0.111,0.031,0
AST-IT -175,IT Server,1458,110,164.0,4,3.33,54.6,15.5,41.3,1.213,1.222,3.374,1
AST-IT -163,IT Server,1997,160,14.5,8,4.04,59.5,21.1,72.3,1.601,1.778,0.218,0
AST-GEN-154,Generator,1988,172,49.7,10,7.01,102.2,43.9,57.1,4.774,1.911,0.75,1
AST-IT -164,IT Server,835,56,27.3,4,1.56,53.1,15.3,57.0,0.552,0.622,0.981,0
AST-ELE-415,Elevator,2403,5,145.4,13,4.96,72.7,23.3,35.5,2.404,0.056,1.815,1
AST-WAT-591,Water Pump,1257,60,26.5,7,1.55,70.4,25.2,70.5,0.725,0.667,0.632,0
AST-LAB-687,Lab Equipment,749,195,2.8,3,4.85,59.3,21.3,70.6,1.92,2.167,0.112,0
AST-IT -388,IT Server,430,142,1.3,1,2.57,58.8,23.3,66.1,1.007,1.578,0.091,1
AST-ELE-488,Elevator,2394,164,6.1,10,5.29,64.2,41.5,48.7,2.263,1.822,0.076,1
AST-IT -727,IT Server,512,31,4.8,2,1.21,50.9,8.4,59.6,0.412,0.344,0.281,0
AST-GEN-686,Generator,1260,108,52.5,4,3.35,76.1,35.2,50.1,1.702,1.2,1.25,0
AST-HVA-353,HVAC,309,28,4.4,2,0.54,56.4,22.9,44.9,0.202,0.311,0.427,0
AST-IT -573,IT Server,2485,232,114.7,13,6.75,81.0,25.8,53.6,3.643,2.578,1.385,1
AST-LAB-465,Lab Equipment,2447,90,17.2,19,2.5,42.6,14.3,52.2,0.71,1.0,0.211,0
AST-HVA-769,HVAC,624,8,20.7,2,2.94,65.0,20.5,33.5,1.275,0.089,0.995,0
AST-WAT-336,Water Pump,2335,209,323.8,10,7.63,93.8,42.2,24.6,4.773,2.322,4.16,1
AST-HVA-476,HVAC,2498,99,406.1,16,3.56,71.9,25.8,42.5,1.706,1.1,4.877,1
AST-ELE-543,Elevator,2404,65,64.7,18,3.05,60.6,27.2,51.0,1.231,0.722,0.807,1
AST-IT -397,IT Server,803,143,25.1,4,2.9,53.4,19.7,35.1,1.033,1.589,0.938,0
AST-ELE-593,Elevator,1493,226,102.9,9,8.8,90.6,45.4,58.5,5.318,2.511,2.068,1
AST-ELE-393,Elevator,681,136,36.1,2,4.09,57.7,32.7,38.3,1.574,1.511,1.59,0
AST-LAB-348,Lab Equipment,1971,185,3.9,8,4.82,59.0,21.2,70.4,1.896,2.056,0.059,0
AST-MED-742,Medical,2282,162,19.2,10,3.89,67.5,13.9,24.1,1.75,1.8,0.252,0
AST-HVA-852,HVAC,1027,3,51.4,5,2.95,52.7,22.9,68.8,1.036,0.033,1.501,0
AST-ELE-283,Elevator,1867,122,0.5,9,2.25,72.2,28.1,45.9,1.082,1.356,0.008,0
AST-ELE-911,Elevator,354,117,0.5,2,3.81,69.6,31.0,60.0,1.766,1.3,0.042,0
AST-WAT-176,Water Pump,1672,41,20.2,7,1.68,67.5,29.8,45.1,0.757,0.456,0.362,0
AST-WAT-437,Water Pump,1473,51,118.8,11,3.92,65.5,29.9,45.2,1.711,0.567,2.42,1
AST-LAB-732,Lab Equipment,626,72,2.8,5,1.17,45.4,10.4,60.5,0.354,0.8,0.134,0
AST-ELE-748,Elevator,1280,173,14.5,9,4.16,63.1,30.2,63.9,1.751,1.922,0.34,0
AST-IT -351,IT Server,1938,37,84.2,9,2.39,61.9,19.6,43.7,0.986,0.411,1.303,0
AST-IT -835,IT Server,1919,196,16.4,8,4.71,67.1,22.2,66.6,2.106,2.178,0.256,0
AST-IT -346,IT Server,2119,226,1.7,14,5.76,76.3,25.5,44.8,2.931,2.511,0.024,1
AST-IT -952,IT Server,1129,221,77.6,9,6.12,84.3,22.1,62.2,3.443,2.456,2.062,1
AST-WAT-275,Water Pump,2186,112,24.0,14,4.01,72.9,32.1,71.3,1.947,1.244,0.329,0
AST-IT -599,IT Server,1996,66,15.7,11,1.74,49.9,11.2,45.5,0.578,0.733,0.236,0
AST-IT -492,IT Server,371,14,8.5,1,1.26,40.4,12.7,68.1,0.339,0.156,0.687,0
AST-LAB-488,Lab Equipment,707,153,41.2,3,3.84,55.3,16.8,46.5,1.416,1.7,1.748,0
AST-IT -913,IT Server,1590,81,9.9,6,1.73,44.2,18.8,70.4,0.509,0.9,0.187,0
AST-ELE-388,Elevator,440,191,1.3,3,5.45,77.0,37.5,39.3,2.798,2.122,0.089,1
AST-GEN-176,Generator,2134,13,23.8,13,1.46,78.2,43.4,35.9,0.759,0.144,0.335,0
AST-MED-120,Medical,1110,20,7.6,5,0.93,35.6,8.5,63.4,0.22,0.222,0.205,0
AST-HVA-571,HVAC,448,146,4.3,3,3.43,62.8,33.9,55.7,1.435,1.622,0.288,0
AST-IT -894,IT Server,1176,64,15.7,2,1.8,48.5,17.3,54.1,0.582,0.711,0.401,0
AST-GEN-567,Generator,260,238,56.7,2,7.7,92.7,60.4,51.5,4.757,2.644,6.542,1
AST-MED-548,Medical,2197,237,19.6,15,6.64,68.6,21.3,60.6,3.037,2.633,0.268,1
AST-IT -505,IT Server,939,205,3.9,2,4.34,77.1,25.3,54.0,2.227,2.278,0.125,1
AST-HVA-180,HVAC,2415,54,106.4,10,3.49,71.1,22.8,54.9,1.654,0.6,1.322,1
AST-HVA-777,HVAC,355,8,0.9,1,1.01,43.4,17.1,61.5,0.293,0.089,0.076,0
AST-ELE-431,Elevator,2123,78,86.7,11,4.67,68.2,26.8,53.0,2.126,0.867,1.225,1
AST-LAB-963,Lab Equipment,952,225,44.0,3,5.87,68.3,24.0,61.0,2.672,2.5,1.387,1
AST-GEN-588,Generator,265,178,0.0,0,5.62,71.9,59.3,73.6,2.695,1.978,0.0,1
AST-ELE-833,Elevator,298,171,19.3,1,3.91,73.0,34.3,51.4,1.903,1.9,1.943,0
AST-MED-680,Medical,810,24,51.7,3,1.93,39.5,9.2,42.4,0.508,0.267,1.915,0
AST-LAB-468,Lab Equipment,1729,8,17.5,8,2.63,51.6,11.6,59.2,0.903,0.089,0.304,0
AST-GEN-106,Generator,787,27,12.8,5,3.15,59.9,56.8,49.3,1.258,0.3,0.488,0
AST-ELE-970,Elevator,1853,55,19.9,5,2.76,60.1,31.1,31.5,1.106,0.611,0.322,0
AST-GEN-953,Generator,2469,124,156.6,19,4.27,92.7,46.9,50.9,2.637,1.378,1.903,1
AST-ELE-145,Elevator,371,216,7.0,1,6.63,77.5,35.0,49.7,3.425,2.4,0.566,0
AST-HVA-200,HVAC,1215,145,70.9,3,4.99,62.8,25.6,47.9,2.091,1.611,1.751,1
AST-GEN-178,Generator,2289,158,453.3,13,5.91,98.7,43.1,53.9,3.886,1.756,5.941,1
AST-WAT-263,Water Pump,1099,4,4.1,7,3.68,64.1,35.7,49.6,1.573,0.044,0.112,0
AST-LAB-179,Lab Equipment,884,135,16.2,7,2.55,49.6,18.6,56.7,0.841,1.5,0.55,0
AST-MED-966,Medical,2461,110,49.5,13,2.65,48.9,9.9,48.5,0.863,1.222,0.603,0
AST-HVA-275,HVAC,1312,219,4.5,5,5.89,90.8,29.5,60.3,3.566,2.433,0.103,1
AST-MED-355,Medical,1428,139,28.2,10,3.37,50.3,11.9,42.5,1.131,1.544,0.592,0
AST-WAT-383,Water Pump,1959,22,91.4,11,5.39,67.3,35.1,39.7,2.418,0.244,1.4,1
AST-IT -828,IT Server,156,202,0.0,0,4.4,80.2,22.6,63.4,2.353,2.244,0.0,1
AST-MED-447,Medical,245,22,18.0,4,1.69,39.3,8.2,38.0,0.443,0.244,2.204,0
AST-ELE-348,Elevator,316,182,1.4,1,3.27,79.6,31.0,45.8,1.735,2.022,0.133,1
AST-MED-725,Medical,1694,15,24.3,7,2.07,45.6,5.4,64.1,0.63,0.167,0.43,0
AST-GEN-593,Generator,1693,154,174.9,11,5.26,90.6,30.1,45.8,3.18,1.711,3.099,1
AST-WAT-819,Water Pump,1152,204,52.7,13,5.34,110.0,42.0,48.2,3.919,2.267,1.372,1
AST-WAT-606,Water Pump,2015,156,206.9,11,5.37,72.9,29.8,30.8,2.611,1.733,3.08,1
AST-HVA-967,HVAC,1370,66,42.9,10,3.14,55.4,27.2,40.4,1.161,0.733,0.939,0
AST-WAT-440,Water Pump,1570,39,43.4,9,3.98,54.9,41.9,62.7,1.457,0.433,0.829,0
AST-MED-108,Medical,1149,44,19.4,5,1.31,45.8,9.7,41.2,0.4,0.489,0.507,0
AST-LAB-985,Lab Equipment,1098,194,48.1,8,4.51,78.6,18.8,59.8,2.362,2.156,1.314,1
AST-IT -997,IT Server,1109,170,14.3,6,3.7,58.7,21.0,62.4,1.448,1.889,0.387,0
AST-IT -524,IT Server,479,200,10.9,5,4.49,56.2,23.6,51.3,1.682,2.222,0.683,0
AST-LAB-445,Lab Equipment,1086,226,49.8,2,6.18,75.0,19.5,41.6,3.09,2.511,1.376,1
AST-IT -263,IT Server,2072,199,9.4,5,5.15,67.2,23.5,71.1,2.305,2.211,0.136,1
AST-WAT-218,Water Pump,1259,144,73.2,6,5.85,77.2,33.9,55.0,3.012,1.6,1.744,1
AST-WAT-199,Water Pump,1597,15,102.2,11,3.91,77.6,36.2,64.4,2.021,0.167,1.92,1
AST-IT -121,IT Server,339,146,6.2,2,2.72,56.8,17.8,54.7,1.029,1.622,0.549,0
AST-WAT-983,Water Pump,1382,91,9.3,7,2.83,64.6,31.2,70.0,1.218,1.011,0.202,0
AST-HVA-670,HVAC,727,103,14.6,6,2.47,47.9,17.2,41.4,0.789,1.144,0.602,0
AST-IT -490,IT Server,1365,228,8.6,6,5.13,80.1,27.6,61.3,2.74,2.533,0.189,1
AST-MED-851,Medical,1216,24,13.8,4,1.37,41.4,8.6,47.3,0.377,0.267,0.34,0
AST-MED-864,Medical,592,160,16.5,2,3.15,62.6,15.6,49.2,1.317,1.778,0.836,0
AST-MED-884,Medical,623,192,59.1,4,4.93,62.3,14.5,56.3,2.047,2.133,2.846,1
AST-WAT-744,Water Pump,106,136,0.0,0,2.94,72.7,34.9,49.5,1.428,1.511,0.0,0
AST-ELE-454,Elevator,208,17,0.0,0,1.41,55.8,33.5,42.5,0.526,0.189,0.0,0
AST-HVA-332,HVAC,1825,172,40.2,9,5.27,73.6,28.1,54.7,2.583,1.911,0.661,1
AST-LAB-889,Lab Equipment,754,106,12.6,4,2.73,43.1,12.6,40.1,0.786,1.178,0.501,0
AST-IT -554,IT Server,206,76,0.0,0,1.13,49.6,12.1,31.6,0.374,0.844,0.0,0
AST-HVA-520,HVAC,2337,171,82.7,11,5.63,85.3,28.5,71.7,3.204,1.9,1.062,1
AST-MED-253,Medical,52,114,0.0,0,2.1,38.1,12.3,43.4,0.533,1.267,0.0,0
AST-ELE-651,Elevator,351,113,25.3,5,4.01,67.3,30.2,33.3,1.798,1.256,2.162,0
AST-HVA-539,HVAC,2220,20,55.7,12,3.12,62.3,27.5,55.1,1.295,0.222,0.753,0
AST-GEN-536,Generator,1504,148,212.8,13,5.93,99.5,53.5,67.2,3.934,1.644,4.245,1
AST-ELE-331,Elevator,2471,192,0.5,14,6.08,83.1,29.8,49.0,3.37,2.133,0.006,1
AST-LAB-500,Lab Equipment,1713,189,38.0,11,5.91,72.2,18.9,36.7,2.844,2.1,0.665,1
AST-HVA-420,HVAC,1060,32,17.6,4,1.18,64.5,19.7,56.2,0.506,0.356,0.498,0
AST-WAT-185,Water Pump,1350,10,22.0,8,1.9,61.2,28.6,32.5,0.776,0.111,0.489,0
AST-LAB-542,Lab Equipment,86,21,1.5,1,0.51,38.7,13.5,75.6,0.131,0.233,0.523,0
AST-WAT-568,Water Pump,1454,194,33.2,6,5.88,90.3,36.2,54.0,3.538,2.156,0.685,0
AST-ELE-860,Elevator,2229,226,136.0,9,8.48,106.1,40.3,49.6,6.001,2.511,1.83,1
AST-LAB-584,Lab Equipment,2297,65,67.2,10,2.55,49.6,12.1,36.3,0.845,0.722,0.878,0
AST-MED-476,Medical,1515,117,75.3,8,3.09,58.7,11.1,68.5,1.208,1.3,1.491,0
AST-IT -740,IT Server,1782,236,29.4,11,5.83,71.5,27.4,56.4,2.78,2.622,0.495,1
AST-WAT-146,Water Pump,1805,110,49.0,16,5.71,68.2,33.6,61.1,2.593,1.222,0.814,1
AST-ELE-194,Elevator,682,205,0.1,3,5.37,75.3,36.1,41.2,2.695,2.278,0.004,0
AST-IT -877,IT Server,982,77,14.0,4,1.35,42.9,12.5,77.5,0.384,0.856,0.428,0
AST-HVA-365,HVAC,870,3,16.9,3,2.9,53.3,19.8,41.0,1.032,0.033,0.583,0
AST-IT -914,IT Server,648,29,65.5,5,1.78,58.9,15.4,33.6,0.699,0.322,3.032,0
AST-LAB-280,Lab Equipment,1519,160,6.0,6,3.68,65.7,15.7,30.1,1.612,1.778,0.118,0
AST-GEN-300,Generator,1761,213,67.5,12,6.16,98.3,55.4,60.7,4.035,2.367,1.15,1
AST-MED-903,Medical,252,230,57.7,4,5.84,75.7,20.0,49.8,2.946,2.556,6.869,1
AST-IT -204,IT Server,728,176,0.8,2,3.63,64.1,20.9,61.7,1.552,1.956,0.033,0
AST-MED-707,Medical,2422,207,7.4,11,4.74,68.8,17.4,42.9,2.171,2.3,0.092,1
AST-MED-804,Medical,1935,161,9.7,12,3.53,61.5,15.0,57.1,1.447,1.789,0.15,0
AST-LAB-705,Lab Equipment,2214,221,17.3,7,5.73,71.6,20.8,62.8,2.737,2.456,0.234,1
AST-HVA-280,HVAC,706,88,5.6,1,1.8,55.1,28.0,53.3,0.662,0.978,0.238,0
AST-WAT-232,Water Pump,279,137,0.0,0,3.41,59.6,32.3,48.5,1.354,1.522,0.0,0
AST-HVA-860,HVAC,89,221,19.2,2,5.33,69.4,32.5,41.1,2.464,2.456,6.472,0
AST-HVA-252,HVAC,1495,126,88.1,13,4.73,71.4,21.5,30.4,2.249,1.4,1.768,0
AST-HVA-911,HVAC,316,218,0.0,0,5.9,77.2,28.5,64.6,3.035,2.422,0.0,1
AST-ELE-272,Elevator,223,189,9.4,2,4.38,83.9,37.2,37.4,2.451,2.1,1.265,0
AST-ELE-346,Elevator,1904,16,285.1,19,3.96,72.1,28.9,43.2,1.907,0.178,4.492,1
AST-MED-445,Medical,1470,227,55.2,11,6.22,77.8,17.6,48.6,3.223,2.522,1.127,1
AST-HVA-425,HVAC,534,101,15.0,2,2.54,58.0,22.1,49.9,0.982,1.122,0.843,0
AST-LAB-871,Lab Equipment,344,112,8.1,1,1.5,48.1,14.7,47.2,0.48,1.244,0.706,0
AST-GEN-686,Generator,1692,225,37.2,8,6.75,118.4,54.5,41.3,5.333,2.5,0.66,1
AST-MED-654,Medical,1654,237,1.3,6,6.25,70.1,22.1,61.4,2.92,2.633,0.024,0
AST-GEN-495,Generator,252,34,16.6,2,2.29,74.3,36.8,46.0,1.134,0.378,1.976,0
AST-GEN-982,Generator,1568,132,41.6,10,4.62,68.9,38.6,67.8,2.124,1.467,0.796,0
AST-GEN-928,Generator,278,159,6.7,1,4.66,69.8,52.8,54.3,2.166,1.767,0.723,1
AST-MED-994,Medical,1160,93,43.0,6,1.47,43.9,9.4,62.1,0.429,1.033,1.112,0
AST-IT -120,IT Server,1616,158,80.3,5,4.27,71.6,17.7,57.8,2.037,1.756,1.491,1
AST-IT -549,IT Server,2320,205,33.8,12,5.39,72.1,24.7,43.5,2.589,2.278,0.437,0
AST-WAT-309,Water Pump,2319,128,29.3,11,5.04,79.1,34.9,55.6,2.655,1.422,0.379,0
AST-WAT-960,Water Pump,2224,235,57.9,20,9.58,95.2,43.0,61.2,6.08,2.611,0.781,1
AST-MED-220,Medical,259,14,5.4,4,1.55,44.7,8.2,65.3,0.461,0.156,0.625,0
AST-LAB-498,Lab Equipment,1351,139,84.6,4,3.93,59.8,11.4,34.5,1.564,1.544,1.879,1
AST-MED-346,Medical,2338,60,10.7,12,1.84,45.9,6.2,28.2,0.564,0.667,0.137,0
AST-WAT-105,Water Pump,1163,111,8.3,2,2.16,67.2,42.1,41.6,0.969,1.233,0.214,0
AST-ELE-931,Elevator,1312,215,50.5,7,5.98,79.9,29.4,49.8,3.183,2.389,1.155,1
AST-LAB-101,Lab Equipment,2215,156,30.8,11,4.55,62.0,18.5,57.8,1.881,1.733,0.417,0
AST-ELE-608,Elevator,186,99,1.9,2,1.96,58.2,29.1,50.4,0.758,1.1,0.306,0
AST-WAT-969,Water Pump,1033,121,77.4,8,3.4,63.9,38.8,58.4,1.451,1.344,2.248,0
AST-WAT-105,Water Pump,1195,73,6.6,6,1.64,69.1,29.7,58.8,0.755,0.811,0.166,0
AST-IT -152,IT Server,1319,192,97.6,8,5.04,73.0,24.7,50.0,2.455,2.133,2.22,1
AST-GEN-159,Generator,1106,121,39.1,5,4.65,92.5,56.3,58.1,2.869,1.344,1.061,1
AST-LAB-770,Lab Equipment,2199,148,62.3,12,4.42,67.6,16.9,38.6,1.991,1.644,0.85,1
AST-WAT-566,Water Pump,1772,68,117.7,11,3.02,65.0,34.1,34.9,1.308,0.756,1.993,1
AST-GEN-104,Generator,225,83,0.0,0,2.19,71.8,47.1,57.3,1.046,0.922,0.0,0
AST-WAT-151,Water Pump,514,230,11.1,1,7.75,102.9,44.6,57.1,5.318,2.556,0.648,1
AST-MED-602,Medical,1375,77,51.2,9,2.05,43.5,7.0,44.0,0.594,0.856,1.117,0
AST-IT -620,IT Server,30,139,0.0,0,2.28,65.9,21.7,53.5,1.004,1.544,0.0,0
AST-LAB-414,Lab Equipment,129,98,3.4,1,1.96,43.0,12.0,37.4,0.562,1.089,0.791,0
AST-GEN-613,Generator,1363,201,46.3,6,6.8,106.6,60.6,57.7,4.83,2.233,1.019,1
AST-GEN-452,Generator,1319,58,14.6,5,2.76,87.2,44.8,69.6,1.606,0.644,0.332,0
AST-MED-810,Medical,603,138,6.8,2,3.12,48.6,12.9,54.7,1.009,1.533,0.338,0
AST-MED-962,Medical,1544,230,0.1,5,6.17,75.5,18.5,52.7,3.109,2.556,0.002,1
AST-GEN-437,Generator,673,65,11.4,2,1.04,69.4,48.9,45.2,0.482,0.722,0.508,0
AST-HVA-920,HVAC,1822,142,0.5,12,4.39,62.0,29.1,43.3,1.816,1.578,0.008,0
AST-ELE-879,Elevator,1445,4,21.9,9,1.97,72.1,27.4,45.2,0.946,0.044,0.455,0
AST-HVA-313,HVAC,523,225,1.8,1,5.86,94.1,37.6,58.8,3.673,2.5,0.103,1
AST-MED-189,Medical,2130,7,80.0,16,2.71,43.4,8.0,51.7,0.783,0.078,1.127,0
AST-HVA-941,HVAC,1215,27,29.5,7,2.64,59.3,27.8,60.9,1.046,0.3,0.728,0
AST-ELE-944,Elevator,43,127,0.0,0,2.14,52.6,35.2,34.1,0.749,1.411,0.0,0
AST-HVA-381,HVAC,1560,18,1.6,6,1.38,54.4,19.6,50.8,0.502,0.2,0.031,0
AST-IT -718,IT Server,901,56,92.2,4,1.88,63.0,17.5,29.2,0.787,0.622,3.07,0
AST-GEN-584,Generator,1697,180,3.7,11,6.74,90.9,55.6,42.8,4.079,2.0,0.065,1
AST-WAT-892,Water Pump,1597,144,51.2,7,5.12,80.2,37.3,55.7,2.735,1.6,0.962,1
AST-IT -371,IT Server,1865,58,14.8,7,1.8,46.3,13.1,35.6,0.555,0.644,0.238,0
AST-WAT-726,Water Pump,861,11,22.8,5,4.5,66.4,30.0,66.4,1.992,0.122,0.794,0
AST-GEN-790,Generator,1544,46,1.5,4,2.62,68.5,36.7,44.3,1.198,0.511,0.029,0
AST-IT -149,IT Server,1567,14,21.2,4,1.39,55.0,17.2,67.6,0.508,0.156,0.406,0
AST-GEN-521,Generator,215,113,3.9,1,3.31,70.7,42.3,52.9,1.559,1.256,0.544,0
AST-MED-949,Medical,534,53,25.1,1,1.37,45.2,6.2,33.7,0.412,0.589,1.41,0
AST-IT -965,IT Server,1246,158,16.9,5,3.71,49.7,21.2,73.1,1.231,1.756,0.407,0
AST-ELE-420,Elevator,2222,209,31.2,7,5.98,83.6,36.0,42.6,3.329,2.322,0.421,1
AST-GEN-540,Generator,1624,149,22.9,4,5.27,97.6,40.7,36.3,3.431,1.656,0.423,1
AST-GEN-541,Generator,1248,54,35.2,8,4.44,67.4,53.8,48.0,1.993,0.6,0.846,0
AST-MED-794,Medical,828,22,26.7,11,1.47,40.4,8.2,59.1,0.396,0.244,0.967,0
AST-ELE-422,Elevator,2471,203,275.5,19,7.48,95.4,31.0,50.1,4.758,2.256,3.345,1
AST-LAB-665,Lab Equipment,510,95,80.3,5,2.93,50.3,10.3,52.3,0.982,1.056,4.724,1
AST-IT -697,IT Server,1339,28,83.7,9,1.96,57.7,13.4,59.2,0.756,0.311,1.875,0
AST-LAB-818,Lab Equipment,983,203,18.5,6,4.29,60.4,21.9,64.1,1.726,2.256,0.565,0
AST-HVA-646,HVAC,1863,159,59.9,15,4.67,89.3,29.3,47.1,2.779,1.767,0.965,1
AST-LAB-998,Lab Equipment,1712,200,51.2,24,5.21,71.3,21.8,45.0,2.476,2.222,0.897,1
AST-ELE-877,Elevator,219,33,34.2,2,2.12,60.8,36.8,57.0,0.86,0.367,4.685,0
AST-MED-259,Medical,890,62,42.4,10,1.6,47.1,10.0,58.3,0.503,0.689,1.429,0
AST-ELE-630,Elevator,2181,162,440.7,14,6.59,88.3,26.5,61.7,3.88,1.8,6.062,1
AST-HVA-777,HVAC,2364,99,9.5,13,2.88,64.9,22.4,43.5,1.247,1.1,0.121,1
AST-GEN-432,Generator,140,157,0.0,0,4.39,83.9,55.2,53.5,2.457,1.744,0.0,0
AST-ELE-257,Elevator,2060,5,54.3,19,2.37,60.0,26.4,37.6,0.947,0.056,0.791,0
AST-HVA-896,HVAC,1301,63,30.4,17,2.2,46.1,26.9,67.8,0.676,0.7,0.701,0
AST-IT -545,IT Server,1584,110,9.7,8,2.29,54.3,15.0,45.7,0.83,1.222,0.184,0
AST-LAB-141,Lab Equipment,2076,167,63.9,13,4.12,72.1,19.4,39.1,1.98,1.856,0.923,1
AST-HVA-855,HVAC,686,119,17.6,2,3.3,57.1,22.9,42.6,1.258,1.322,0.77,0
AST-ELE-618,Elevator,1744,110,12.4,7,2.66,62.8,35.3,45.2,1.115,1.222,0.213,0
AST-IT -129,IT Server,1491,53,24.9,13,1.77,52.9,17.2,49.9,0.624,0.589,0.501,0
AST-LAB-298,Lab Equipment,2200,15,23.3,6,2.18,48.6,9.8,44.4,0.707,0.167,0.318,0
AST-WAT-638,Water Pump,633,52,17.1,7,1.9,65.4,26.6,51.7,0.828,0.578,0.81,0
AST-WAT-144,Water Pump,2341,118,290.3,18,4.74,79.2,34.8,53.7,2.502,1.311,3.72,1
AST-IT -916,IT Server,2408,139,56.5,20,3.67,78.6,20.2,51.0,1.923,1.544,0.704,1
AST-LAB-611,Lab Equipment,236,162,4.0,2,2.71,54.9,16.8,46.6,0.991,1.8,0.508,0
AST-MED-201,Medical,2174,178,41.5,16,5.02,63.8,16.4,66.1,2.132,1.978,0.573,0
AST-GEN-206,Generator,43,145,0.0,0,4.5,67.7,45.8,47.3,2.032,1.611,0.0,0
AST-ELE-997,Elevator,1725,215,45.3,10,7.87,74.8,34.4,53.6,3.923,2.389,0.788,1
AST-LAB-640,Lab Equipment,742,130,6.1,5,2.96,57.2,13.8,39.0,1.129,1.444,0.247,0
AST-HVA-533,HVAC,2260,147,126.6,12,5.48,77.4,22.3,49.7,2.828,1.633,1.681,1
AST-HVA-487,HVAC,1664,219,27.7,11,6.75,81.8,39.5,55.5,3.678,2.433,0.499,1
AST-ELE-636,Elevator,289,225,0.5,1,5.61,91.4,31.5,57.7,3.415,2.5,0.052,0
AST-LAB-702,Lab Equipment,222,80,0.1,1,0.53,36.1,14.2,51.6,0.129,0.889,0.014,0
AST-GEN-478,Generator,733,140,18.4,2,4.02,79.0,38.0,47.6,2.116,1.556,0.753,0
AST-LAB-430,Lab Equipment,2092,238,15.1,5,6.17,80.9,20.4,45.1,3.329,2.644,0.217,1
AST-IT -894,IT Server,337,174,57.8,3,4.07,64.9,21.5,33.1,1.763,1.933,5.145,0
AST-GEN-260,Generator,1199,26,34.7,5,1.59,81.5,41.0,31.3,0.865,0.289,0.868,0
AST-IT -905,IT Server,1899,155,21.8,4,3.6,72.6,17.0,65.4,1.742,1.722,0.344,0
AST-GEN-226,Generator,199,143,0.0,0,5.18,90.9,34.8,64.6,3.14,1.589,0.0,1
AST-GEN-370,Generator,2318,186,41.4,15,6.13,102.4,62.0,51.1,4.187,2.067,0.536,1
AST-IT -970,IT Server,1446,227,19.5,8,5.68,72.1,25.3,25.2,2.729,2.522,0.405,1
AST-MED-643,Medical,1897,142,19.3,8,3.18,59.6,13.7,22.9,1.264,1.578,0.305,0
AST-WAT-917,Water Pump,1142,230,74.4,8,7.87,76.5,55.4,61.4,4.016,2.556,1.954,1
AST-GEN-297,Generator,1074,107,47.7,7,3.1,81.4,54.4,47.7,1.684,1.189,1.332,0
AST-MED-652,Medical,1574,235,20.9,7,6.05,72.5,21.3,49.6,2.922,2.611,0.398,1
AST-ELE-749,Elevator,584,100,12.7,4,2.02,66.1,30.3,62.9,0.891,1.111,0.652,0
AST-HVA-321,HVAC,317,172,40.5,2,4.46,62.1,27.4,64.6,1.849,1.911,3.833,0
AST-ELE-130,Elevator,1759,181,15.6,5,4.73,83.0,40.0,50.5,2.619,2.011,0.266,1
AST-ELE-524,Elevator,1249,15,6.5,7,2.36,60.7,28.3,55.5,0.953,0.167,0.156,0
AST-ELE-720,Elevator,2397,122,35.4,12,4.3,83.6,27.6,25.3,2.4,1.356,0.443,1
AST-MED-327,Medical,129,136,0.0,0,3.21,47.2,10.3,42.8,1.01,1.511,0.0,0
AST-IT -108,IT Server,896,114,25.2,6,2.2,67.5,19.2,54.5,0.989,1.267,0.844,0
AST-ELE-894,Elevator,1399,181,20.6,4,4.74,87.7,36.7,57.1,2.771,2.011,0.442,0
AST-GEN-549,Generator,467,33,0.6,3,2.17,64.2,37.3,65.5,0.93,0.367,0.039,0
AST-WAT-638,Water Pump,2190,128,32.5,13,4.45,77.3,27.1,44.4,2.294,1.422,0.445,1
AST-HVA-441,HVAC,1340,125,94.8,8,4.87,81.8,31.4,57.4,2.659,1.389,2.122,1
AST-ELE-200,Elevator,992,162,3.6,4,4.14,79.2,30.7,66.9,2.186,1.8,0.109,0
AST-GEN-831,Generator,348,73,18.7,2,3.9,86.2,48.9,23.3,2.241,0.811,1.612,0
AST-HVA-960,HVAC,1987,172,3.5,9,4.13,69.7,27.2,51.4,1.921,1.911,0.053,1
AST-GEN-376,Generator,1998,153,19.0,6,5.72,66.4,46.6,45.1,2.531,1.7,0.285,1
AST-ELE-358,Elevator,1038,51,2.7,5,2.44,62.5,27.3,85.0,1.016,0.567,0.078,0
AST-LAB-657,Lab Equipment,681,116,5.9,5,2.7,43.5,13.8,44.1,0.783,1.289,0.26,0
AST-WAT-139,Water Pump,1471,167,31.5,14,4.71,79.6,47.3,54.7,2.499,1.856,0.642,0
AST-LAB-518,Lab Equipment,1810,35,105.1,6,3.14,54.1,14.3,39.1,1.132,0.389,1.742,1
AST-MED-944,Medical,87,236,1.9,1,5.14,65.9,21.1,27.9,2.26,2.622,0.655,0
AST-IT -380,IT Server,1672,65,87.2,13,2.79,74.4,13.6,48.4,1.384,0.722,1.565,0
AST-WAT-217,Water Pump,1390,114,82.7,12,4.12,78.1,36.9,49.9,2.142,1.267,1.785,1
AST-LAB-495,Lab Equipment,598,30,8.7,3,1.54,50.6,8.0,21.3,0.52,0.333,0.436,0
AST-ELE-597,Elevator,2123,170,17.1,14,5.13,75.7,32.6,80.7,2.589,1.889,0.242,1
AST-LAB-451,Lab Equipment,542,81,8.2,2,1.43,39.2,10.5,26.8,0.375,0.9,0.454,0
AST-ELE-974,Elevator,1261,39,16.9,5,1.13,59.7,25.5,52.5,0.45,0.433,0.402,0
AST-IT -907,IT Server,1758,103,98.2,10,2.35,56.0,12.3,48.5,0.879,1.144,1.676,0
AST-IT -282,IT Server,2375,156,49.6,10,4.06,67.9,20.6,51.7,1.837,1.733,0.627,1
AST-LAB-265,Lab Equipment,584,184,2.7,4,3.9,54.3,20.2,49.1,1.411,2.044,0.139,0
AST-IT -377,IT Server,208,111,0.0,0,1.72,44.6,14.5,56.2,0.512,1.233,0.0,0
AST-HVA-421,HVAC,1094,27,1.7,1,2.39,56.1,21.5,60.6,0.893,0.3,0.047,0
AST-GEN-548,Generator,985,143,7.3,7,5.7,66.9,48.3,56.3,2.543,1.589,0.222,0
AST-IT -638,IT Server,925,61,7.6,3,1.07,53.5,11.4,45.9,0.383,0.678,0.246,0
AST-WAT-307,Water Pump,2227,171,27.8,12,6.72,79.9,38.5,42.7,3.58,1.9,0.374,1
AST-IT -499,IT Server,594,40,4.4,1,0.96,52.9,16.2,33.5,0.339,0.444,0.222,0
AST-MED-533,Medical,2082,190,120.2,12,6.11,71.9,14.5,48.2,2.929,2.111,1.732,1
AST-IT -522,IT Server,1794,23,29.2,17,1.47,65.6,13.7,48.0,0.645,0.256,0.488,0
AST-MED-511,Medical,1557,128,27.1,16,3.04,46.4,10.2,54.3,0.939,1.422,0.522,0
AST-IT -153,IT Server,2321,234,58.4,10,6.57,84.0,25.8,59.8,3.68,2.6,0.755,1
AST-LAB-767,Lab Equipment,354,181,1.7,1,4.54,66.4,18.2,51.2,2.01,2.011,0.144,0
AST-WAT-693,Water Pump,689,106,23.0,5,3.91,62.6,33.9,52.2,1.632,1.178,1.001,0
AST-GEN-741,Generator,1527,2,44.2,7,2.46,89.5,44.1,41.4,1.469,0.022,0.868,0
AST-HVA-153,HVAC,346,39,5.6,2,1.07,58.6,23.1,34.5,0.418,0.433,0.486,0
AST-LAB-982,Lab Equipment,1198,219,36.5,6,5.89,75.0,23.3,73.4,2.947,2.433,0.914,1
AST-WAT-137,Water Pump,2428,205,194.0,10,6.65,97.7,36.9,50.0,4.334,2.278,2.397,1
AST-MED-719,Medical,178,146,2.9,1,3.0,41.4,13.1,47.3,0.83,1.622,0.489,0
AST-HVA-106,HVAC,222,153,13.0,2,2.97,60.7,15.9,55.6,1.204,1.7,1.757,0
AST-LAB-464,Lab Equipment,2458,224,91.0,12,6.61,77.4,25.3,31.0,3.409,2.489,1.111,1
AST-MED-418,Medical,1048,10,8.7,4,1.21,38.6,10.7,42.4,0.311,0.111,0.249,0
AST-LAB-631,Lab Equipment,1130,219,102.5,9,6.31,75.0,23.8,44.7,3.153,2.433,2.721,1
AST-ELE-852,Elevator,2040,187,17.3,9,5.48,77.1,39.9,56.1,2.818,2.078,0.254,1
AST-WAT-766,Water Pump,670,206,108.4,4,8.18,95.9,49.1,45.9,5.232,2.289,4.854,1
AST-ELE-422,Elevator,770,211,15.2,3,6.86,78.7,35.9,41.8,3.602,2.344,0.592,1
AST-MED-781,Medical,2282,147,10.3,12,3.69,61.2,11.3,52.5,1.507,1.633,0.135,0
AST-LAB-802,Lab Equipment,838,15,7.0,4,1.13,44.6,10.4,34.8,0.335,0.167,0.251,0
AST-GEN-261,Generator,476,106,6.0,3,1.61,68.1,50.0,37.3,0.729,1.178,0.378,0
AST-MED-940,Medical,1667,146,191.1,8,4.59,59.3,11.1,20.0,1.815,1.622,3.439,1
AST-HVA-867,HVAC,1862,16,121.7,11,4.33,74.4,23.1,76.9,2.15,0.178,1.961,1
AST-ELE-783,Elevator,1684,193,9.0,11,5.51,67.7,39.6,66.4,2.487,2.144,0.16,0
AST-WAT-220,Water Pump,2056,24,25.4,5,3.3,62.1,29.7,44.1,1.367,0.267,0.371,0
AST-MED-100,Medical,631,92,1.2,3,1.76,29.5,7.2,52.2,0.346,1.022,0.057,0
AST-HVA-516,HVAC,1134,46,56.8,7,3.12,60.3,23.9,49.3,1.255,0.511,1.503,0
AST-LAB-530,Lab Equipment,1083,63,61.0,3,2.24,43.9,12.4,38.0,0.655,0.7,1.69,0
AST-IT -761,IT Server,1285,196,6.0,5,4.61,81.1,27.2,38.2,2.492,2.178,0.14,0
AST-MED-243,Medical,1795,173,49.6,13,4.5,58.9,15.0,58.0,1.766,1.922,0.829,0
AST-MED-162,Medical,1340,50,89.8,6,2.65,41.9,6.5,59.0,0.739,0.556,2.01,0
AST-LAB-788,Lab Equipment,1108,21,12.8,5,1.51,47.3,9.7,45.5,0.477,0.233,0.347,0
AST-LAB-115,Lab Equipment,672,131,4.3,1,2.57,47.4,13.2,42.3,0.813,1.456,0.192,0
AST-IT -998,IT Server,1473,50,15.5,6,1.38,60.8,17.2,65.6,0.56,0.556,0.316,0
AST-IT -650,IT Server,2071,88,2.8,9,1.49,48.0,16.7,31.3,0.475,0.978,0.041,0
AST-ELE-674,Elevator,2051,237,71.9,14,7.94,96.9,42.0,38.0,5.128,2.633,1.052,1
AST-ELE-291,Elevator,273,67,4.5,1,1.79,50.0,22.2,35.7,0.596,0.744,0.495,0
AST-ELE-452,Elevator,1353,42,26.0,5,3.41,61.5,30.0,56.9,1.399,0.467,0.576,0
AST-IT -855,IT Server,704,196,103.8,7,5.29,70.2,23.6,50.8,2.475,2.178,4.423,1
AST-WAT-982,Water Pump,435,103,24.4,2,3.42,74.8,33.8,51.7,1.706,1.144,1.683,0
AST-MED-846,Medical,976,6,38.2,3,1.74,41.7,6.1,54.0,0.482,0.067,1.174,0
AST-GEN-742,Generator,578,155,32.3,6,4.57,80.6,47.4,73.1,2.456,1.722,1.676,0
AST-LAB-821,Lab Equipment,1173,76,15.2,10,1.69,52.9,13.4,54.6,0.595,0.844,0.389,0
AST-MED-332,Medical,963,199,23.1,7,5.0,72.1,16.4,27.4,2.406,2.211,0.72,0
AST-GEN-707,Generator,1296,89,9.9,10,1.31,66.6,60.0,52.3,0.583,0.989,0.229,0
AST-IT -538,IT Server,2073,178,9.8,11,4.19,50.4,19.8,44.5,1.406,1.978,0.142,0
AST-MED-999,Medical,250,76,9.6,2,1.13,41.6,8.7,49.9,0.315,0.844,1.152,0
AST-LAB-565,Lab Equipment,560,68,3.2,2,1.61,44.1,12.5,68.9,0.473,0.756,0.171,0
AST-WAT-502,Water Pump,1152,234,1.8,6,7.79,89.3,43.2,51.8,4.635,2.6,0.047,1
AST-GEN-905,Generator,2118,55,65.0,7,2.52,66.7,46.4,57.6,1.12,0.611,0.921,0
AST-MED-205,Medical,2335,204,154.4,19,6.5,71.8,16.9,49.2,3.112,2.267,1.984,1
AST-LAB-742,Lab Equipment,335,6,0.0,0,1.65,45.7,7.5,49.4,0.503,0.067,0.0,0
AST-IT -552,IT Server,2319,75,50.2,16,2.05,49.3,14.5,49.2,0.674,0.833,0.649,0
AST-GEN-728,Generator,2110,43,56.9,13,3.51,79.1,48.8,67.1,1.85,0.478,0.809,0
AST-GEN-167,Generator,1583,163,7.2,6,6.13,82.2,31.2,31.9,3.36,1.811,0.136,1
AST-HVA-231,HVAC,2089,33,60.2,9,3.14,66.8,17.0,68.6,1.4,0.367,0.865,0
AST-IT -457,IT Server,1954,199,34.9,10,5.4,71.7,24.2,60.6,2.584,2.211,0.536,1
AST-WAT-884,Water Pump,767,73,13.8,3,2.73,65.3,26.4,45.7,1.188,0.811,0.54,0
AST-HVA-101,HVAC,1432,165,212.8,10,5.59,78.1,34.6,48.0,2.909,1.833,4.458,1
AST-IT -686,IT Server,2356,23,40.0,13,2.1,48.1,14.3,51.1,0.674,0.256,0.509,0
AST-WAT-948,Water Pump,2195,191,10.5,13,5.49,89.8,46.0,64.7,3.285,2.122,0.144,1
AST-MED-794,Medical,1466,229,35.5,5,5.91,60.4,19.1,33.1,2.378,2.544,0.726,1
AST-HVA-766,HVAC,633,198,61.5,5,6.34,60.0,30.8,44.1,2.537,2.2,2.915,1
AST-GEN-371,Generator,1157,15,57.5,4,3.33,75.7,44.5,51.5,1.679,0.167,1.491,0
AST-LAB-808,Lab Equipment,139,132,7.4,1,2.87,51.7,11.3,51.0,0.988,1.467,1.597,0
AST-LAB-973,Lab Equipment,916,19,2.8,7,1.76,43.0,13.2,52.9,0.505,0.211,0.092,0
AST-GEN-705,Generator,1376,157,157.4,11,6.29,96.0,50.4,62.7,4.029,1.744,3.432,1
AST-GEN-430,Generator,1872,139,11.3,10,4.89,77.0,49.4,35.9,2.51,1.544,0.181,0
AST-ELE-375,Elevator,1365,159,29.2,10,5.16,76.9,39.6,45.6,2.643,1.767,0.642,1
AST-LAB-314,Lab Equipment,535,40,16.7,4,1.74,48.1,11.9,54.2,0.558,0.444,0.936,0
AST-HVA-752,HVAC,442,204,5.7,3,5.47,75.5,29.4,48.2,2.753,2.267,0.387,1
AST-LAB-415,Lab Equipment,653,25,9.3,1,1.38,34.9,13.3,42.9,0.321,0.278,0.427,0
AST-IT -180,IT Server,1338,66,76.6,9,2.15,49.7,14.6,45.1,0.713,0.733,1.717,0
AST-LAB-666,Lab Equipment,2099,150,119.8,13,4.8,67.4,16.8,29.9,2.156,1.667,1.712,1
AST-LAB-750,Lab Equipment,1896,14,162.3,12,2.96,54.6,11.2,47.0,1.079,0.156,2.568,0
AST-MED-976,Medical,145,114,2.7,1,1.91,38.6,10.7,41.6,0.491,1.267,0.559,0
AST-MED-760,Medical,111,164,0.0,0,3.32,54.3,15.8,29.2,1.2,1.822,0.0,0
AST-GEN-494,Generator,920,48,7.0,3,3.76,70.3,50.7,64.2,1.764,0.533,0.228,0
AST-GEN-361,Generator,858,34,91.8,7,3.34,72.8,37.0,49.9,1.621,0.378,3.21,0
AST-LAB-256,Lab Equipment,43,197,0.0,0,4.92,67.1,17.8,57.3,2.201,2.189,0.0,0
AST-IT -153,IT Server,1075,190,48.1,3,4.86,64.8,24.7,42.5,2.099,2.111,1.342,1
AST-LAB-625,Lab Equipment,1019,113,22.7,2,1.63,56.5,12.5,36.4,0.614,1.256,0.668,0
AST-IT -610,IT Server,2056,170,28.7,6,4.46,69.2,21.0,40.0,2.056,1.889,0.419,1
AST-ELE-767,Elevator,811,159,4.1,1,4.76,72.2,29.2,39.5,2.292,1.767,0.152,0
AST-LAB-955,Lab Equipment,829,100,17.1,5,1.79,53.3,14.9,57.1,0.638,1.111,0.619,0
AST-HVA-930,HVAC,2156,77,18.4,12,2.05,53.9,24.7,43.2,0.738,0.856,0.256,0
AST-MED-210,Medical,2431,140,89.8,14,4.62,66.1,12.4,44.7,2.037,1.556,1.108,1
AST-IT -471,IT Server,1882,184,8.5,13,4.07,65.6,21.8,51.1,1.779,2.044,0.135,0
AST-GEN-639,Generator,708,103,5.3,2,1.65,60.9,32.4,71.4,0.67,1.144,0.225,0
AST-ELE-719,Elevator,103,26,1.0,1,1.09,71.8,22.5,32.0,0.52,0.289,0.291,0
AST-MED-207,Medical,1323,155,47.0,11,3.86,55.9,12.5,61.1,1.439,1.722,1.066,0
AST-MED-269,Medical,2002,238,96.7,10,6.71,80.9,21.9,45.5,3.617,2.644,1.449,1
AST-WAT-920,Water Pump,2255,213,180.6,12,8.41,111.1,36.1,34.3,6.232,2.367,2.403,1
AST-LAB-201,Lab Equipment,1509,165,115.4,10,5.45,69.0,19.6,63.1,2.507,1.833,2.294,1
AST-GEN-297,Generator,868,19,13.7,4,2.61,72.6,43.6,66.0,1.265,0.211,0.474,0
AST-LAB-687,Lab Equipment,962,19,12.9,7,1.53,42.2,10.2,67.3,0.431,0.211,0.402,0
AST-GEN-756,Generator,1253,210,43.8,5,6.07,112.4,50.8,41.7,4.547,2.333,1.049,1
AST-LAB-165,Lab Equipment,1762,192,25.0,13,4.96,70.0,15.7,52.8,2.312,2.133,0.426,1
AST-LAB-488,Lab Equipment,1507,162,28.7,6,4.18,64.0,19.1,47.4,1.781,1.8,0.571,1
AST-HVA-921,HVAC,113,206,0.0,0,5.99,69.6,29.5,55.5,2.779,2.289,0.0,1
AST-HVA-275,HVAC,2072,136,6.7,8,4.97,65.6,24.0,48.1,2.172,1.511,0.097,0
AST-ELE-725,Elevator,2336,92,6.8,11,4.3,68.1,22.7,65.4,1.953,1.022,0.087,0
AST-WAT-634,Water Pump,1930,15,26.2,14,1.93,53.0,30.7,67.8,0.684,0.167,0.407,0
AST-MED-223,Medical,542,84,17.3,3,1.77,42.2,8.1,31.4,0.498,0.933,0.958,0
AST-ELE-154,Elevator,1757,50,262.7,14,3.76,57.2,25.0,49.4,1.433,0.556,4.485,1
AST-ELE-102,Elevator,1385,231,31.3,3,6.99,92.4,35.9,52.8,4.305,2.567,0.678,1
AST-LAB-954,Lab Equipment,1599,154,21.7,7,3.42,70.5,15.5,44.4,1.607,1.711,0.407,1
AST-ELE-669,Elevator,1945,163,9.7,9,5.03,69.2,34.0,52.3,2.317,1.811,0.15,0
AST-WAT-800,Water Pump,717,182,17.3,6,5.09,75.5,37.4,35.9,2.56,2.022,0.724,0
AST-LAB-393,Lab Equipment,1606,199,5.9,9,5.1,74.2,18.6,42.9,2.524,2.211,0.11,1
AST-LAB-627,Lab Equipment,1978,82,36.8,6,2.07,57.0,11.7,26.1,0.788,0.911,0.558,0
AST-HVA-864,HVAC,1455,42,16.8,4,2.18,47.8,22.1,48.7,0.694,0.467,0.346,0
AST-WAT-912,Water Pump,875,138,4.2,4,5.38,69.4,40.1,66.4,2.488,1.533,0.144,0
AST-WAT-772,Water Pump,137,114,6.6,1,3.41,72.8,41.7,66.7,1.653,1.267,1.445,0
AST-IT -297,IT Server,427,80,24.6,2,1.49,48.1,13.1,38.0,0.476,0.889,1.728,0
AST-MED-357,Medical,1126,208,34.1,5,5.65,85.2,15.7,68.6,3.206,2.311,0.909,1
AST-HVA-707,HVAC,2342,97,123.8,15,3.7,66.8,16.2,28.1,1.648,1.078,1.586,1
AST-MED-794,Medical,2383,195,209.1,16,6.5,64.1,15.9,44.2,2.78,2.167,2.632,1
AST-LAB-280,Lab Equipment,1106,172,32.4,7,4.62,54.1,18.8,67.4,1.668,1.911,0.879,1
AST-MED-106,Medical,2383,239,153.7,12,7.63,76.0,20.1,64.4,3.869,2.656,1.935,1
AST-GEN-885,Generator,2049,115,72.9,11,4.46,96.8,45.3,53.7,2.875,1.278,1.067,0
AST-HVA-964,HVAC,1483,116,1.3,6,3.11,59.2,18.8,33.5,1.229,1.289,0.026,0
AST-GEN-781,Generator,1725,136,0.5,8,4.14,79.5,44.1,33.8,2.194,1.511,0.009,1
AST-ELE-555,Elevator,270,83,1.2,1,1.56,55.9,18.3,35.5,0.581,0.922,0.133,0
AST-IT -259,IT Server,1461,23,36.9,8,1.75,48.1,16.1,56.1,0.561,0.256,0.758,0
AST-HVA-909,HVAC,155,50,0.0,0,1.98,47.6,28.0,42.1,0.628,0.556,0.0,0
AST-IT -544,IT Server,1885,34,84.9,8,2.28,64.1,14.3,54.8,0.972,0.378,1.351,0
AST-LAB-463,Lab Equipment,2401,27,6.5,12,2.5,56.0,14.0,47.9,0.935,0.3,0.081,0
AST-WAT-859,Water Pump,1558,107,61.5,6,5.05,73.1,34.5,44.6,2.461,1.189,1.184,1
AST-HVA-734,HVAC,1701,207,8.3,5,7.29,81.3,36.4,60.1,3.949,2.3,0.146,1
AST-LAB-802,Lab Equipment,1571,204,49.5,9,6.2,64.9,20.5,45.6,2.685,2.267,0.945,1
AST-HVA-837,HVAC,1393,14,45.0,10,1.78,60.4,23.8,48.4,0.717,0.156,0.969,0
AST-GEN-378,Generator,36,197,3.3,1,5.07,101.1,60.6,53.2,3.416,2.189,2.75,1
AST-GEN-501,Generator,1553,88,28.7,4,1.91,71.3,51.7,50.5,0.906,0.978,0.554,0
AST-ELE-411,Elevator,1920,95,120.3,11,4.91,58.3,22.8,27.2,1.907,1.056,1.88,1
AST-ELE-966,Elevator,1647,93,9.5,11,2.98,57.7,29.3,27.0,1.149,1.033,0.173,0
AST-GEN-842,Generator,600,151,29.5,4,5.64,80.7,58.7,48.7,3.033,1.678,1.475,1
AST-LAB-408,Lab Equipment,372,196,3.1,1,4.43,56.7,21.5,41.0,1.676,2.178,0.25,1
AST-HVA-543,HVAC,2158,84,21.6,13,3.58,49.8,16.3,33.4,1.187,0.933,0.3,0
AST-WAT-870,Water Pump,652,62,44.8,5,3.63,77.1,35.7,66.1,1.866,0.689,2.061,0
AST-IT -902,IT Server,1246,229,0.2,7,5.37,74.6,24.7,61.1,2.669,2.544,0.005,0
AST-WAT-819,Water Pump,791,31,5.1,5,1.93,68.5,36.1,48.7,0.883,0.344,0.193,0
AST-LAB-751,Lab Equipment,125,222,0.0,0,6.08,62.7,22.6,49.8,2.54,2.467,0.0,1
AST-HVA-957,HVAC,1566,214,103.1,11,6.44,98.0,40.2,37.8,4.209,2.378,1.975,1
AST-WAT-957,Water Pump,1925,57,10.1,5,2.9,58.3,38.0,57.3,1.128,0.633,0.157,0
AST-WAT-112,Water Pump,1348,53,32.3,5,3.39,56.2,35.5,53.9,1.272,0.589,0.719,0
AST-WAT-403,Water Pump,705,140,61.2,5,4.1,86.8,36.1,42.8,2.371,1.556,2.604,1
AST-LAB-826,Lab Equipment,2193,18,86.7,11,3.63,55.1,13.8,58.5,1.331,0.2,1.186,0
AST-WAT-527,Water Pump,640,149,66.9,6,3.95,79.0,36.8,42.2,2.077,1.656,3.136,1
AST-IT -922,IT Server,1577,29,54.1,8,1.92,43.9,14.1,71.5,0.56,0.322,1.029,0
AST-HVA-590,HVAC,486,220,0.1,1,6.29,84.0,37.3,50.4,3.52,2.444,0.006,1
AST-LAB-507,Lab Equipment,528,102,0.0,4,1.79,45.7,15.9,66.4,0.545,1.133,0.0,0
AST-GEN-543,Generator,1912,15,0.6,8,1.39,69.8,49.8,53.8,0.649,0.167,0.009,0
AST-HVA-375,HVAC,515,31,15.7,1,2.49,51.7,22.6,36.0,0.857,0.344,0.915,0
AST-WAT-687,Water Pump,1952,114,115.2,16,4.19,77.9,36.6,59.1,2.174,1.267,1.77,1
AST-ELE-307,Elevator,455,153,19.0,2,2.75,68.1,36.4,37.2,1.248,1.7,1.253,0
AST-MED-522,Medical,1845,9,2.7,9,1.98,42.8,6.7,42.3,0.566,0.1,0.044,0
AST-IT -496,IT Server,229,141,25.1,2,2.74,58.9,18.6,63.7,1.077,1.567,3.288,0
AST-IT -530,IT Server,313,221,0.0,0,4.83,68.9,25.5,51.5,2.219,2.456,0.0,1
AST-IT -983,IT Server,2124,57,129.6,9,2.62,59.1,14.4,48.3,1.033,0.633,1.831,1
AST-ELE-868,Elevator,2037,139,21.2,14,4.55,65.7,24.8,51.6,1.992,1.544,0.312,0
AST-ELE-580,Elevator,1882,218,15.6,13,6.15,84.0,37.9,48.7,3.446,2.422,0.249,1
AST-IT -616,IT Server,657,66,4.3,1,0.99,44.9,17.3,64.8,0.297,0.733,0.196,0
AST-LAB-456,Lab Equipment,1681,136,60.9,9,3.08,53.1,18.1,48.7,1.089,1.511,1.087,0
AST-IT -803,IT Server,1794,46,122.6,13,2.46,56.3,14.9,61.8,0.923,0.511,2.05,0
AST-MED-614,Medical,797,179,200.5,9,5.28,70.1,15.6,56.7,2.465,1.989,7.547,1
AST-WAT-898,Water Pump,176,146,4.5,2,3.63,75.9,36.0,31.9,1.835,1.622,0.767,0
AST-HVA-432,HVAC,1084,125,3.8,3,2.62,68.4,25.7,73.2,1.195,1.389,0.105,0
AST-IT -463,IT Server,95,30,0.0,0,0.92,39.4,11.8,33.2,0.242,0.333,0.0,0
AST-GEN-972,Generator,915,99,10.3,4,3.93,74.8,34.1,41.1,1.959,1.1,0.338,0
AST-GEN-844,Generator,389,17,8.0,2,3.56,57.6,31.1,56.9,1.366,0.189,0.617,0
AST-LAB-556,Lab Equipment,2167,17,48.0,7,3.02,49.8,12.4,56.4,1.003,0.189,0.665,0
AST-IT -263,IT Server,2220,47,83.3,18,2.23,51.9,16.9,43.1,0.773,0.522,1.126,0
AST-WAT-952,Water Pump,1691,79,64.4,10,4.26,49.8,27.2,63.0,1.415,0.878,1.143,0
AST-ELE-949,Elevator,517,165,3.1,2,4.19,76.2,31.6,46.5,2.13,1.833,0.18,0
AST-HVA-530,HVAC,1365,15,22.6,4,2.37,52.3,22.6,57.3,0.826,0.167,0.497,0
AST-ELE-755,Elevator,716,170,8.4,3,4.67,59.2,37.9,60.4,1.844,1.889,0.352,0
AST-GEN-776,Generator,463,96,11.5,4,2.64,83.2,47.5,46.9,1.466,1.067,0.745,0
AST-LAB-754,Lab Equipment,995,121,5.7,12,2.51,57.1,16.1,36.2,0.955,1.344,0.172,0
AST-HVA-915,HVAC,942,31,0.0,0,1.32,50.1,18.7,44.4,0.443,0.344,0.0,0
AST-WAT-725,Water Pump,286,94,0.0,0,2.76,56.9,25.6,38.4,1.046,1.044,0.0,0
AST-ELE-176,Elevator,1018,98,51.3,5,3.03,58.5,33.3,54.0,1.182,1.089,1.512,0
AST-WAT-123,Water Pump,137,71,8.7,1,0.91,56.6,33.7,81.7,0.343,0.789,1.905,0
AST-IT -149,IT Server,1274,111,3.6,4,1.81,57.5,15.4,31.6,0.695,1.233,0.085,0
AST-MED-712,Medical,1102,16,56.8,8,2.0,46.5,6.9,28.9,0.62,0.178,1.546,0
AST-ELE-924,Elevator,2267,17,18.7,14,4.22,54.5,31.5,65.1,1.531,0.189,0.247,0
AST-IT -878,IT Server,942,158,8.1,5,3.15,60.5,17.8,28.1,1.27,1.756,0.258,0
AST-GEN-606,Generator,2322,145,131.0,9,5.88,102.9,38.0,71.7,4.035,1.611,1.693,1
AST-WAT-820,Water Pump,327,160,0.0,0,4.11,69.0,44.4,47.5,1.888,1.778,0.0,0
AST-GEN-544,Generator,2220,153,42.2,6,5.55,98.7,48.9,43.3,3.654,1.7,0.57,1
AST-IT -612,IT Server,1774,174,25.2,10,4.36,67.5,20.8,46.5,1.961,1.933,0.426,1
AST-LAB-946,Lab Equipment,2170,19,184.4,17,3.2,51.4,12.4,56.5,1.096,0.211,2.549,0
AST-WAT-398,Water Pump,1292,221,58.6,8,7.02,99.8,39.9,56.6,4.673,2.456,1.361,1
AST-ELE-536,Elevator,1622,25,218.2,16,4.05,68.5,21.6,54.6,1.85,0.278,4.036,1
AST-WAT-577,Water Pump,653,214,4.9,3,6.0,94.9,35.7,20.0,3.797,2.378,0.225,1
AST-GEN-102,Generator,1706,228,42.0,8,7.58,106.9,54.6,37.1,5.4,2.533,0.739,1
AST-HVA-670,HVAC,152,88,2.6,1,2.71,36.2,25.7,46.1,0.654,0.978,0.513,0
AST-ELE-452,Elevator,2300,40,23.9,19,2.91,70.1,32.1,53.5,1.361,0.444,0.312,0
AST-ELE-111,Elevator,1074,160,14.0,9,3.81,65.4,27.9,66.7,1.662,1.778,0.391,0
AST-LAB-828,Lab Equipment,2444,180,498.7,18,5.45,80.7,16.3,63.4,2.932,2.0,6.122,1
AST-LAB-280,Lab Equipment,1196,2,6.4,8,1.94,50.1,13.8,52.7,0.648,0.022,0.161,0
AST-HVA-302,HVAC,372,94,1.2,3,1.43,42.5,22.5,28.7,0.404,1.044,0.097,0
AST-WAT-632,Water Pump,1724,24,20.8,6,1.82,56.5,32.9,55.3,0.686,0.267,0.362,0
AST-IT -671,IT Server,1812,46,123.0,9,2.56,53.8,14.0,39.0,0.916,0.511,2.036,0
AST-ELE-417,Elevator,1274,163,24.7,8,5.41,73.4,32.2,57.9,2.644,1.811,0.582,0
AST-LAB-370,Lab Equipment,441,157,31.7,3,3.71,53.8,16.9,56.3,1.329,1.744,2.156,0
AST-WAT-454,Water Pump,2102,239,5.0,4,8.42,93.1,48.8,57.5,5.228,2.656,0.071,1
AST-MED-177,Medical,2483,147,49.0,11,4.44,55.3,14.0,31.4,1.637,1.633,0.592,1
AST-HVA-239,HVAC,1682,60,36.2,9,2.19,60.0,19.1,50.8,0.876,0.667,0.646,0
AST-IT -955,IT Server,578,38,19.0,3,1.75,44.4,18.7,59.6,0.518,0.422,0.986,0
AST-WAT-597,Water Pump,1969,15,18.4,17,1.95,61.9,33.9,42.8,0.806,0.167,0.28,0
AST-IT -413,IT Server,707,109,57.9,6,2.24,69.5,18.2,42.6,1.039,1.211,2.457,0
AST-GEN-731,Generator,1506,190,10.0,7,5.64,79.9,58.5,28.8,3.005,2.111,0.199,1
AST-GEN-810,Generator,1169,66,21.7,4,2.91,60.7,53.1,20.7,1.179,0.733,0.557,0
AST-GEN-193,Generator,1017,134,35.7,4,3.76,72.7,51.6,46.2,1.824,1.489,1.053,0
AST-HVA-223,HVAC,1313,166,4.4,12,4.28,69.5,26.6,38.9,1.982,1.844,0.101,0
AST-LAB-515,Lab Equipment,2495,71,139.8,9,4.23,55.7,8.9,50.4,1.568,0.789,1.681,0
AST-ELE-479,Elevator,450,54,17.7,4,2.33,57.0,25.1,27.3,0.887,0.6,1.18,0
AST-WAT-471,Water Pump,1539,207,49.2,6,7.37,70.9,44.4,44.7,3.484,2.3,0.959,0
AST-GEN-309,Generator,1957,93,162.1,8,4.43,52.8,51.6,60.3,1.561,1.033,2.485,1
AST-WAT-320,Water Pump,2057,63,18.9,10,2.19,53.1,28.0,57.1,0.775,0.7,0.276,0
AST-MED-270,Medical,1339,39,37.9,9,1.79,45.9,7.8,42.1,0.547,0.433,0.849,0
AST-ELE-325,Elevator,632,72,9.9,12,2.83,53.8,25.5,66.2,1.015,0.8,0.47,0
AST-ELE-248,Elevator,423,190,20.4,3,5.76,73.4,36.0,66.7,2.818,2.111,1.447,1
AST-MED-916,Medical,2006,203,145.7,14,6.31,69.5,16.6,48.9,2.923,2.256,2.179,1
AST-LAB-433,Lab Equipment,1820,43,42.3,9,2.83,61.5,10.8,50.1,1.161,0.478,0.697,0
AST-LAB-302,Lab Equipment,942,96,11.3,5,2.39,41.9,11.5,44.3,0.667,1.067,0.36,0
AST-LAB-826,Lab Equipment,1090,220,147.4,10,6.57,80.9,22.2,51.7,3.543,2.444,4.057,1
AST-WAT-433,Water Pump,2173,12,127.9,14,3.33,81.4,38.7,37.0,1.806,0.133,1.766,0
AST-MED-900,Medical,2153,44,85.8,10,2.65,45.0,6.2,61.5,0.795,0.489,1.196,0
AST-MED-142,Medical,1979,220,35.5,18,6.29,74.4,17.3,46.5,3.121,2.444,0.538,1
AST-GEN-631,Generator,1582,48,31.2,14,2.8,78.4,44.4,58.4,1.463,0.533,0.592,0
AST-MED-634,Medical,1835,192,282.0,14,6.0,73.5,16.7,58.5,2.943,2.133,4.61,1
AST-GEN-988,Generator,1880,6,19.1,5,2.9,75.7,45.3,37.5,1.465,0.067,0.305,0
AST-WAT-261,Water Pump,1509,223,10.7,5,7.54,89.6,50.6,38.7,4.504,2.478,0.213,1
AST-LAB-841,Lab Equipment,921,98,26.9,3,2.28,46.3,10.8,65.1,0.703,1.089,0.876,0
AST-HVA-476,HVAC,1472,138,33.4,10,3.74,61.3,23.1,36.5,1.529,1.533,0.681,1
AST-ELE-239,Elevator,1742,37,182.2,12,4.82,58.7,21.8,24.5,1.887,0.411,3.138,1
AST-ELE-780,Elevator,368,105,4.4,2,2.42,65.3,28.0,68.5,1.054,1.167,0.359,0
AST-MED-969,Medical,112,17,23.8,2,1.88,41.6,10.0,62.4,0.52,0.189,6.375,0
AST-GEN-970,Generator,585,163,14.5,4,4.39,82.0,54.6,66.2,2.403,1.811,0.744,0
AST-ELE-125,Elevator,910,214,18.7,6,7.56,88.2,41.0,28.4,4.446,2.378,0.616,1
AST-HVA-949,HVAC,1199,240,8.6,6,6.63,82.8,29.0,53.6,3.657,2.667,0.215,1
AST-LAB-445,Lab Equipment,1585,218,38.7,6,5.93,73.4,23.8,45.4,2.901,2.422,0.732,1
AST-IT -813,IT Server,1756,55,16.7,12,1.43,51.6,12.7,64.1,0.491,0.611,0.285,0
AST-HVA-342,HVAC,1830,152,18.3,12,3.66,70.2,29.9,50.3,1.712,1.689,0.3,0
AST-LAB-108,Lab Equipment,2180,8,60.7,10,2.66,54.4,13.3,45.2,0.967,0.089,0.835,0
AST-ELE-969,Elevator,1393,64,0.1,7,3.21,69.7,21.1,52.3,1.491,0.711,0.002,0
AST-IT -697,IT Server,2285,190,12.7,18,4.41,61.4,21.0,34.6,1.804,2.111,0.167,0
AST-WAT-280,Water Pump,644,168,1.0,1,5.06,72.0,36.7,42.3,2.428,1.867,0.047,0
AST-GEN-774,Generator,1628,206,2.0,9,5.46,90.1,47.9,45.5,3.277,2.289,0.037,1
AST-LAB-804,Lab Equipment,1519,217,1.1,10,5.21,71.9,22.3,66.1,2.5,2.411,0.022,1
AST-ELE-598,Elevator,1623,70,4.2,9,2.47,69.8,30.3,48.7,1.15,0.778,0.078,0
AST-MED-216,Medical,679,161,13.9,5,2.94,57.0,14.4,47.7,1.118,1.789,0.614,0
AST-LAB-258,Lab Equipment,722,40,29.8,3,1.27,50.4,12.2,41.0,0.427,0.444,1.238,0
AST-ELE-310,Elevator,1179,198,55.4,6,6.04,93.9,28.9,39.8,3.785,2.2,1.41,1
AST-MED-792,Medical,1131,205,64.1,7,5.65,62.7,17.5,43.7,2.364,2.278,1.7,0
AST-IT -679,IT Server,1613,32,133.3,11,2.85,58.9,16.0,49.4,1.119,0.356,2.479,1
AST-HVA-558,HVAC,337,144,0.0,0,3.19,57.3,26.5,37.3,1.217,1.6,0.0,0
AST-LAB-145,Lab Equipment,1801,146,65.4,6,3.87,61.5,17.4,50.4,1.588,1.622,1.089,0
AST-ELE-307,Elevator,2482,68,307.3,17,3.78,77.9,31.3,49.3,1.962,0.756,3.714,1
AST-HVA-493,HVAC,2197,52,13.9,4,2.28,54.0,30.7,50.6,0.821,0.578,0.19,0
AST-GEN-731,Generator,607,19,1.6,4,2.48,67.7,50.1,69.3,1.119,0.211,0.079,0
AST-IT -628,IT Server,1577,4,3.3,4,1.57,40.2,11.3,39.5,0.42,0.044,0.063,0
AST-GEN-596,Generator,2106,96,260.9,18,6.11,107.1,56.9,62.0,4.359,1.067,3.717,1
AST-WAT-917,Water Pump,463,193,2.3,1,6.13,79.4,39.9,42.5,3.243,2.144,0.149,1
AST-LAB-766,Lab Equipment,810,163,2.7,8,4.1,56.2,15.8,44.9,1.537,1.811,0.1,1
AST-LAB-712,Lab Equipment,1394,167,2.1,4,3.18,60.2,17.8,46.9,1.276,1.856,0.045,0
AST-WAT-525,Water Pump,751,81,13.7,5,0.76,61.9,27.7,52.4,0.315,0.9,0.547,0
AST-ELE-695,Elevator,1600,158,58.6,14,5.46,72.2,41.9,41.1,2.627,1.756,1.099,1
AST-GEN-319,Generator,1337,44,2.0,6,2.34,80.7,47.7,52.2,1.257,0.489,0.045,0
AST-IT -729,IT Server,2415,173,108.9,18,5.16,74.1,22.5,56.5,2.55,1.922,1.353,1
AST-HVA-793,HVAC,2276,228,31.4,16,6.54,80.2,34.5,43.8,3.496,2.533,0.414,1
AST-WAT-631,Water Pump,1601,196,7.7,10,7.04,82.7,36.4,35.7,3.882,2.178,0.144,1
AST-HVA-193,HVAC,44,118,12.3,1,1.6,76.3,31.2,43.9,0.814,1.311,8.386,0
AST-IT -862,IT Server,744,235,25.2,6,6.08,74.5,23.6,38.2,3.022,2.611,1.016,0
AST-ELE-509,Elevator,135,63,18.0,1,1.92,57.3,17.1,52.3,0.733,0.7,4.0,0
AST-LAB-623,Lab Equipment,150,130,4.0,1,3.17,55.2,16.8,53.8,1.167,1.444,0.8,0
AST-IT -778,IT Server,2100,74,41.6,13,2.17,46.4,14.4,62.7,0.671,0.822,0.594,0
AST-WAT-378,Water Pump,887,206,87.7,5,6.36,84.8,49.6,35.2,3.596,2.289,2.966,1
AST-GEN-898,Generator,492,216,15.3,5,6.8,84.7,48.0,31.2,3.84,2.4,0.933,1
AST-LAB-979,Lab Equipment,2054,127,63.6,7,3.14,65.9,14.9,53.2,1.377,1.411,0.929,0
AST-GEN-984,Generator,2319,201,12.7,14,6.4,94.0,53.2,43.7,4.011,2.233,0.164,1
AST-WAT-174,Water Pump,2435,20,17.2,12,3.62,78.4,37.5,41.7,1.893,0.222,0.212,0
AST-IT -156,IT Server,1276,60,20.3,4,1.49,49.7,13.0,61.7,0.495,0.667,0.477,0
AST-MED-815,Medical,1015,12,118.4,9,2.9,47.2,9.5,52.9,0.912,0.133,3.5,0
AST-LAB-683,Lab Equipment,2029,85,237.9,21,3.28,52.0,11.8,45.4,1.137,0.944,3.517,0
AST-LAB-624,Lab Equipment,1100,46,58.4,7,1.99,53.1,12.6,32.4,0.706,0.511,1.593,0
AST-HVA-669,HVAC,164,17,5.0,1,1.44,54.5,22.0,66.2,0.523,0.189,0.915,0
AST-WAT-864,Water Pump,1965,72,47.4,12,2.61,54.8,36.2,67.0,0.955,0.8,0.724,0
AST-IT -193,IT Server,965,27,29.6,9,1.47,52.1,12.1,39.3,0.511,0.3,0.92,0
AST-LAB-465,Lab Equipment,1835,80,37.6,15,2.18,47.2,13.8,62.1,0.688,0.889,0.615,0
AST-GEN-158,Generator,567,176,3.4,2,5.24,83.5,61.6,32.0,2.917,1.956,0.18,1
AST-GEN-173,Generator,2034,136,156.5,11,5.15,95.3,50.7,63.7,3.273,1.511,2.308,1
AST-WAT-869,Water Pump,99,79,0.0,0,0.89,60.8,31.7,46.3,0.36,0.878,0.0,0
AST-GEN-989,Generator,605,127,15.1,4,3.56,81.1,51.2,41.5,1.922,1.411,0.749,0
AST-IT -657,IT Server,2288,24,4.4,8,1.44,54.0,16.0,64.0,0.517,0.267,0.058,0
AST-IT -425,IT Server,713,7,6.1,4,1.42,46.3,15.3,42.5,0.44,0.078,0.257,0
AST-HVA-977,HVAC,1101,30,25.4,10,1.82,57.8,18.4,23.6,0.701,0.333,0.692,0
AST-GEN-986,Generator,1887,43,71.4,15,2.42,64.0,36.8,52.7,1.032,0.478,1.135,0
AST-HVA-666,HVAC,2350,27,83.6,12,2.33,69.5,20.7,50.3,1.077,0.3,1.067,1
AST-MED-330,Medical,426,240,3.1,3,6.1,65.8,20.9,72.1,2.677,2.667,0.218,1
AST-WAT-171,Water Pump,1912,155,228.8,8,6.69,65.4,45.6,78.3,2.919,1.722,3.59,1
AST-GEN-875,Generator,1356,17,3.4,5,4.09,61.0,55.8,60.6,1.664,0.189,0.075,0
AST-WAT-752,Water Pump,725,40,4.4,3,3.72,66.6,35.4,45.3,1.654,0.444,0.182,0
AST-ELE-118,Elevator,337,56,14.3,5,1.93,58.3,26.8,37.6,0.751,0.622,1.273,0
AST-HVA-280,HVAC,152,218,0.0,0,6.61,72.3,32.3,39.7,3.189,2.422,0.0,1
AST-IT -967,IT Server,402,214,6.9,4,4.89,67.8,26.2,61.4,2.212,2.378,0.515,0
AST-HVA-176,HVAC,1165,100,19.6,4,2.97,54.4,19.0,53.0,1.076,1.111,0.505,0
AST-HVA-986,HVAC,997,209,19.7,4,6.61,92.2,24.2,61.5,4.064,2.322,0.593,1
AST-LAB-607,Lab Equipment,615,229,10.2,3,5.87,62.6,19.1,43.2,2.452,2.544,0.498,1
AST-HVA-747,HVAC,1186,94,81.2,8,3.53,65.3,21.2,50.7,1.538,1.044,2.054,1
AST-ELE-685,Elevator,2288,2,7.1,10,2.41,61.2,32.4,51.6,0.982,0.022,0.093,0
AST-WAT-309,Water Pump,1467,59,85.1,8,5.1,71.8,37.2,28.7,2.44,0.656,1.74,1
AST-GEN-471,Generator,141,29,0.0,0,3.27,76.6,38.8,47.3,1.668,0.322,0.0,0
AST-ELE-291,Elevator,1755,34,12.9,14,2.57,61.7,29.3,49.1,1.058,0.378,0.221,0
AST-HVA-136,HVAC,1309,216,9.2,6,5.5,91.4,29.1,50.4,3.354,2.4,0.211,1
AST-MED-486,Medical,519,125,5.8,4,2.57,44.0,13.6,47.9,0.755,1.389,0.335,0
AST-MED-781,Medical,335,208,33.2,3,5.04,66.0,16.6,65.2,2.216,2.311,2.973,0
AST-MED-202,Medical,877,57,20.2,3,1.29,40.9,8.3,21.4,0.353,0.633,0.691,0
AST-HVA-705,HVAC,1651,114,29.2,11,2.94,61.5,19.9,56.6,1.203,1.267,0.531,0
AST-WAT-985,Water Pump,2432,214,89.7,11,6.51,96.2,39.4,41.9,4.172,2.378,1.106,1
AST-WAT-253,Water Pump,1231,1,32.3,8,2.48,77.5,35.3,51.5,1.282,0.011,0.787,0
AST-HVA-753,HVAC,855,87,6.9,2,1.74,49.4,24.5,40.7,0.573,0.967,0.242,0
AST-ELE-529,Elevator,1729,87,39.6,4,2.49,63.8,25.0,40.8,1.06,0.967,0.687,0
AST-IT -151,IT Server,940,204,1.7,2,4.72,67.0,24.1,74.2,2.107,2.267,0.054,0
AST-ELE-629,Elevator,1512,124,69.8,11,3.1,68.9,26.8,57.1,1.424,1.378,1.385,1
AST-GEN-719,Generator,444,151,10.1,2,4.51,75.5,59.3,53.1,2.272,1.678,0.682,0
AST-IT -119,IT Server,77,8,4.8,2,1.13,43.0,16.3,49.7,0.324,0.089,1.87,0
AST-MED-204,Medical,1635,37,71.9,14,2.0,48.6,8.6,62.0,0.647,0.411,1.319,0
AST-LAB-469,Lab Equipment,209,24,21.8,4,1.64,41.1,15.2,42.5,0.451,0.267,3.129,0
AST-LAB-631,Lab Equipment,1017,166,24.9,7,4.35,63.5,17.1,53.1,1.84,1.844,0.735,1
AST-LAB-471,Lab Equipment,52,213,0.0,0,5.0,78.3,21.3,31.3,2.61,2.367,0.0,0
AST-GEN-691,Generator,1077,197,36.4,4,5.94,79.5,52.0,36.2,3.149,2.189,1.014,1
AST-MED-988,Medical,1507,131,62.1,10,3.69,54.2,12.8,74.6,1.334,1.456,1.236,0
AST-ELE-835,Elevator,1219,100,18.4,4,2.47,57.7,32.2,50.3,0.951,1.111,0.453,0
AST-MED-758,Medical,690,16,2.3,2,1.19,37.2,7.4,68.5,0.296,0.178,0.1,0
AST-HVA-881,HVAC,2478,6,64.6,17,1.79,58.7,16.5,36.4,0.701,0.067,0.782,0
AST-GEN-102,Generator,418,97,2.6,2,2.09,72.6,61.7,56.1,1.013,1.078,0.187,0
AST-HVA-714,HVAC,2169,141,85.6,13,4.45,71.7,19.8,60.4,2.127,1.567,1.184,0
AST-HVA-515,HVAC,94,216,0.0,0,5.09,68.5,35.5,49.8,2.325,2.4,0.0,0
AST-WAT-598,Water Pump,1459,9,67.5,11,3.77,54.6,40.3,58.0,1.373,0.1,1.388,0
AST-MED-222,Medical,2399,237,69.1,10,7.27,79.0,21.4,37.4,3.831,2.633,0.864,1
AST-WAT-572,Water Pump,1968,163,29.6,7,5.01,85.0,40.4,35.4,2.839,1.811,0.451,1
AST-HVA-387,HVAC,1673,25,53.1,7,5.43,62.4,22.1,40.5,2.261,0.278,0.952,0
AST-ELE-263,Elevator,625,173,33.5,5,5.49,83.2,36.5,40.9,3.046,1.922,1.608,1
AST-IT -742,IT Server,1192,51,0.0,0,0.76,43.7,16.5,44.9,0.22,0.567,0.0,0
AST-ELE-541,Elevator,1446,109,11.0,4,2.73,66.8,31.9,48.6,1.216,1.211,0.228,0
AST-ELE-991,Elevator,2315,213,14.8,8,7.1,70.9,41.6,36.9,3.359,2.367,0.192,1
AST-LAB-903,Lab Equipment,704,3,5.8,6,1.14,46.7,7.2,61.6,0.353,0.033,0.247,0
AST-HVA-363,HVAC,2306,125,33.1,9,3.87,62.9,22.5,53.2,1.625,1.389,0.431,1
AST-HVA-948,HVAC,961,99,2.4,7,2.13,62.4,22.6,58.2,0.887,1.1,0.075,0
AST-MED-332,Medical,1194,125,14.3,7,3.02,44.5,10.4,47.7,0.895,1.389,0.359,0
AST-MED-190,Medical,1064,75,7.4,5,1.35,36.6,9.2,61.6,0.33,0.833,0.209,0
AST-ELE-827,Elevator,1951,30,9.9,5,3.53,59.7,25.6,53.2,1.403,0.333,0.152,0
AST-IT -548,IT Server,1240,87,4.0,6,1.68,45.7,14.9,45.0,0.511,0.967,0.097,0
AST-WAT-403,Water Pump,1518,149,130.1,10,4.91,62.1,46.2,81.9,2.031,1.656,2.571,1
AST-HVA-673,HVAC,238,13,10.8,1,1.41,50.3,20.5,37.1,0.472,0.144,1.361,0
AST-IT -118,IT Server,1777,185,135.1,8,5.4,82.1,24.6,45.8,2.955,2.056,2.281,1
AST-MED-581,Medical,831,81,65.6,6,2.36,43.4,10.6,63.8,0.684,0.9,2.368,0
AST-MED-238,Medical,1869,177,67.2,12,4.78,60.4,14.8,61.9,1.924,1.967,1.079,1
AST-MED-308,Medical,1720,162,2.7,13,4.14,58.0,11.8,60.0,1.601,1.8,0.047,1
AST-WAT-724,Water Pump,131,145,0.7,1,3.97,54.3,34.4,49.0,1.438,1.611,0.16,0
AST-GEN-367,Generator,1354,15,5.5,10,2.69,59.5,46.6,44.1,1.066,0.167,0.122,0
AST-HVA-370,HVAC,1793,171,11.4,8,4.89,71.5,24.7,41.9,2.329,1.9,0.191,1
AST-HVA-254,HVAC,841,108,79.7,10,2.84,66.3,24.4,47.2,1.256,1.2,2.843,1
AST-MED-215,Medical,2045,16,17.5,12,2.17,43.1,6.4,50.2,0.623,0.178,0.257,0
AST-HVA-271,HVAC,740,93,37.2,7,3.25,59.1,23.1,45.5,1.279,1.033,1.508,0
AST-MED-307,Medical,358,49,35.4,6,1.73,34.0,8.3,74.0,0.393,0.544,2.966,0
AST-HVA-560,HVAC,1755,48,157.3,16,3.79,48.1,26.8,47.9,1.216,0.533,2.689,0
AST-IT -128,IT Server,2389,89,318.6,15,2.96,63.9,14.2,39.1,1.262,0.989,4.001,1
AST-HVA-603,HVAC,1545,69,25.8,6,1.99,71.2,24.6,27.1,0.945,0.767,0.501,0
AST-HVA-497,HVAC,1043,115,29.6,3,3.05,72.7,30.4,49.1,1.48,1.278,0.851,0
AST-MED-889,Medical,2280,69,44.5,12,2.67,52.9,7.3,58.3,0.943,0.767,0.586,0
AST-IT -216,IT Server,1855,49,14.2,16,1.38,48.4,14.7,46.1,0.445,0.544,0.23,0
AST-GEN-873,Generator,1693,159,24.5,10,5.55,83.2,51.3,52.3,3.078,1.767,0.434,1
AST-HVA-126,HVAC,2254,42,8.0,12,3.11,56.5,24.4,62.5,1.172,0.467,0.106,0
AST-LAB-767,Lab Equipment,1479,112,9.9,8,2.31,54.7,16.3,52.9,0.841,1.244,0.201,0
AST-GEN-931,Generator,279,201,2.6,1,3.84,99.7,49.6,31.5,2.551,2.233,0.28,0
AST-LAB-391,Lab Equipment,1612,72,14.8,10,2.28,45.2,8.6,27.7,0.688,0.8,0.275,0
AST-WAT-591,Water Pump,1570,67,52.2,5,2.85,55.6,29.3,52.4,1.057,0.744,0.997,0
AST-WAT-464,Water Pump,1596,44,167.0,8,4.68,66.2,29.8,43.1,2.065,0.489,3.139,1
AST-HVA-668,HVAC,1101,236,10.4,6,6.86,94.6,42.3,58.8,4.325,2.622,0.283,1
AST-ELE-796,Elevator,348,167,2.4,4,4.44,73.3,27.8,63.7,2.169,1.856,0.207,0
AST-MED-353,Medical,2379,149,85.3,8,4.82,65.6,13.1,31.3,2.108,1.656,1.076,1
AST-MED-579,Medical,93,226,0.0,0,5.48,68.2,19.1,37.6,2.489,2.511,0.0,0
AST-GEN-626,Generator,1799,31,67.0,9,2.14,71.0,38.5,34.2,1.014,0.344,1.117,1
AST-IT -452,IT Server,1401,196,217.6,13,5.51,73.3,19.5,47.6,2.691,2.178,4.66,1
AST-MED-344,Medical,2195,174,66.7,10,4.8,65.3,14.2,60.0,2.091,1.933,0.912,0
AST-MED-799,Medical,1396,37,87.3,6,2.45,47.7,7.1,42.8,0.779,0.411,1.876,1
AST-GEN-788,Generator,2248,195,46.2,10,6.05,98.2,62.2,62.9,3.96,2.167,0.617,1
AST-WAT-677,Water Pump,512,138,1.2,2,4.49,69.9,30.2,47.5,2.09,1.533,0.07,0
AST-HVA-981,HVAC,2335,203,348.1,16,7.33,84.6,32.7,47.3,4.131,2.256,4.472,1
AST-HVA-897,HVAC,1459,48,34.3,9,2.31,67.0,20.6,58.0,1.032,0.533,0.705,0
AST-GEN-928,Generator,204,218,4.1,1,5.06,112.1,65.7,53.1,3.781,2.422,0.603,1
AST-GEN-115,Generator,1803,126,157.7,12,3.44,80.8,45.8,43.4,1.854,1.4,2.624,1
AST-HVA-851,HVAC,2247,58,7.9,11,1.3,50.8,19.6,57.9,0.442,0.644,0.105,0
AST-GEN-675,Generator,2189,75,81.6,17,3.24,65.6,40.7,34.1,1.417,0.833,1.118,1
AST-ELE-541,Elevator,1974,119,36.7,15,4.46,77.0,25.2,28.6,2.286,1.322,0.558,0
AST-IT -245,IT Server,296,149,62.9,2,3.39,61.4,18.4,35.3,1.386,1.656,6.375,0
AST-HVA-852,HVAC,101,85,1.4,1,0.98,44.8,25.1,50.2,0.293,0.944,0.416,0
AST-LAB-203,Lab Equipment,2400,118,32.3,15,3.15,53.5,12.5,61.4,1.124,1.311,0.404,1
AST-MED-596,Medical,1231,234,177.3,5,6.64,79.2,20.1,42.7,3.504,2.6,4.321,1
AST-MED-823,Medical,1166,7,41.6,7,1.61,49.2,8.5,85.0,0.528,0.078,1.07,0
AST-IT -219,IT Server,1297,64,31.6,5,1.55,36.7,13.2,37.2,0.378,0.711,0.731,0
AST-WAT-544,Water Pump,1958,54,337.5,12,5.33,71.1,36.6,47.9,2.526,0.6,5.171,1
AST-MED-351,Medical,506,198,49.0,4,5.14,72.0,18.3,57.9,2.466,2.2,2.905,1
AST-ELE-425,Elevator,1556,106,30.2,9,3.1,60.1,34.2,35.6,1.241,1.178,0.582,0
AST-IT -422,IT Server,2485,235,27.5,9,6.57,87.4,29.6,45.8,3.831,2.611,0.332,1
AST-GEN-676,Generator,1574,47,164.2,9,3.82,78.0,34.2,44.5,1.986,0.522,3.13,1
AST-GEN-268,Generator,1979,56,39.9,10,3.57,79.5,47.5,32.5,1.891,0.622,0.605,1
AST-MED-333,Medical,2033,194,174.5,11,5.9,71.4,17.7,39.6,2.81,2.156,2.575,1
AST-ELE-982,Elevator,352,147,2.4,1,2.83,64.2,32.4,70.7,1.213,1.633,0.205,0
AST-HVA-434,HVAC,1705,104,47.0,5,2.29,50.7,25.6,44.0,0.773,1.156,0.827,0
AST-ELE-925,Elevator,477,237,2.8,3,7.37,81.1,39.4,61.0,3.986,2.633,0.176,1
AST-HVA-801,HVAC,986,79,12.3,5,2.31,44.5,26.2,59.8,0.685,0.878,0.374,0
AST-LAB-506,Lab Equipment,2153,167,40.7,15,4.45,56.8,19.2,27.9,1.688,1.856,0.567,0
AST-GEN-691,Generator,2106,114,172.3,14,5.17,81.2,42.7,67.6,2.796,1.267,2.454,1
AST-ELE-660,Elevator,381,165,0.0,0,4.9,71.4,40.7,46.0,2.33,1.833,0.0,0
AST-LAB-134,Lab Equipment,1480,208,23.0,7,6.06,74.4,24.0,45.9,3.007,2.311,0.466,1
AST-HVA-697,HVAC,453,121,10.5,2,2.81,42.0,24.2,39.6,0.786,1.344,0.695,0
AST-GEN-797,Generator,1127,48,19.9,4,2.66,98.3,43.7,42.7,1.745,0.533,0.53,0
AST-LAB-867,Lab Equipment,1014,114,60.7,5,2.43,54.7,16.3,72.8,0.887,1.267,1.796,0
AST-ELE-320,Elevator,1924,64,1.4,9,2.16,60.8,34.3,53.3,0.877,0.711,0.022,0
AST-HVA-323,HVAC,338,135,4.1,3,4.55,56.1,25.8,63.7,1.702,1.5,0.364,0
AST-GEN-394,Generator,337,49,20.3,2,1.98,69.3,50.8,51.8,0.917,0.544,1.807,0
AST-ELE-593,Elevator,518,207,15.4,3,5.99,74.6,34.5,73.6,2.979,2.3,0.892,1
AST-IT -246,IT Server,1725,32,58.0,9,1.95,59.2,12.7,38.5,0.768,0.356,1.009,0
AST-ELE-393,Elevator,1919,98,176.1,12,2.87,74.1,31.9,48.9,1.416,1.089,2.753,0
AST-GEN-125,Generator,1853,53,48.9,5,3.51,68.2,41.9,56.3,1.594,0.589,0.792,0
AST-IT -593,IT Server,967,188,12.5,3,4.08,77.9,24.2,56.2,2.119,2.089,0.388,1
AST-HVA-387,HVAC,1355,239,98.5,10,7.87,92.3,32.7,39.1,4.841,2.656,2.181,1
AST-LAB-991,Lab Equipment,1280,116,33.8,4,2.76,50.8,13.5,59.6,0.936,1.289,0.792,0
AST-GEN-165,Generator,430,200,0.0,0,4.24,74.8,52.0,73.2,2.114,2.222,0.0,0
AST-IT -434,IT Server,2456,46,39.0,17,1.89,54.3,10.2,48.7,0.682,0.511,0.476,0
AST-GEN-584,Generator,107,4,0.0,0,2.41,72.1,42.7,58.9,1.161,0.044,0.0,0
AST-ELE-635,Elevator,1129,58,27.0,5,2.87,64.2,15.7,76.8,1.23,0.644,0.717,0
AST-HVA-227,HVAC,1251,141,1.9,6,2.52,67.7,27.8,60.7,1.136,1.567,0.046,0
AST-LAB-619,Lab Equipment,456,104,2.0,1,1.53,49.1,14.2,53.6,0.502,1.156,0.132,0
AST-LAB-110,Lab Equipment,2156,136,204.2,16,4.31,55.8,11.4,60.0,1.604,1.511,2.841,0
AST-ELE-911,Elevator,1113,230,47.1,8,7.1,93.7,37.1,58.9,4.433,2.556,1.27,1
AST-ELE-735,Elevator,184,193,0.0,0,5.18,75.0,36.0,58.9,2.593,2.144,0.0,0
AST-GEN-388,Generator,1194,103,10.1,7,3.77,75.8,57.2,26.9,1.907,1.144,0.254,0
AST-GEN-669,Generator,2188,201,24.7,16,6.04,98.0,53.0,39.5,3.944,2.233,0.339,1
AST-HVA-578,HVAC,870,68,2.5,3,2.37,57.7,20.7,61.8,0.911,0.756,0.086,0
AST-HVA-931,HVAC,2262,118,173.1,18,3.18,60.8,26.3,58.3,1.291,1.311,2.296,1
AST-WAT-544,Water Pump,855,21,1.0,4,2.25,68.3,25.3,69.2,1.026,0.233,0.035,0
AST-GEN-806,Generator,413,133,11.3,3,2.96,69.3,43.4,70.0,1.369,1.478,0.821,0
AST-LAB-236,Lab Equipment,651,151,2.3,4,3.23,56.0,17.8,38.3,1.208,1.678,0.106,0
AST-IT -862,IT Server,58,79,0.0,0,0.87,54.2,11.9,65.7,0.315,0.878,0.0,0
AST-ELE-334,Elevator,43,199,11.3,2,4.86,74.5,32.1,54.7,2.411,2.211,7.884,0
AST-IT -906,IT Server,971,71,4.6,3,1.35,49.2,18.8,51.7,0.444,0.789,0.142,0
AST-ELE-182,Elevator,1675,74,128.9,11,4.32,59.0,27.1,51.6,1.697,0.822,2.309,1
AST-MED-694,Medical,787,186,45.7,5,4.71,63.6,17.6,48.2,1.998,2.067,1.742,0
AST-IT -807,IT Server,1697,143,49.4,10,3.4,66.8,20.6,45.9,1.513,1.589,0.873,0
AST-GEN-998,Generator,987,238,127.8,10,8.17,100.4,60.6,54.0,5.467,2.644,3.884,1
AST-ELE-234,Elevator,690,163,27.4,4,4.0,77.9,31.5,35.1,2.076,1.811,1.191,0
AST-ELE-899,Elevator,2317,27,13.5,9,2.88,54.5,35.8,36.8,1.046,0.3,0.175,0
AST-MED-453,Medical,880,169,63.2,14,4.4,63.9,15.1,54.8,1.872,1.878,2.155,0
AST-MED-804,Medical,2093,137,43.9,15,3.43,50.9,11.0,59.4,1.166,1.522,0.629,0
AST-GEN-190,Generator,849,102,1.9,4,3.84,59.9,53.7,64.1,1.533,1.133,0.067,0
AST-LAB-152,Lab Equipment,1006,63,18.6,10,1.76,34.7,9.9,32.6,0.408,0.7,0.555,0
AST-HVA-843,HVAC,1969,195,99.1,11,7.05,93.7,35.5,49.5,4.406,2.167,1.51,1
AST-LAB-113,Lab Equipment,662,131,9.5,3,2.12,48.0,14.3,60.0,0.678,1.456,0.431,0
AST-IT -114,IT Server,1963,41,67.6,14,2.12,55.3,17.9,39.5,0.783,0.456,1.033,0
AST-ELE-802,Elevator,1057,136,22.7,5,3.54,70.5,29.1,35.3,1.662,1.511,0.644,0
AST-HVA-446,HVAC,154,64,0.0,0,1.21,57.9,26.7,70.3,0.469,0.711,0.0,0
AST-LAB-592,Lab Equipment,2229,20,15.6,9,1.62,51.5,11.8,55.9,0.555,0.222,0.21,0
AST-IT -785,IT Server,1026,114,2.9,6,1.82,53.2,16.8,56.4,0.646,1.267,0.085,0
AST-GEN-716,Generator,2242,85,4.6,10,4.39,69.7,27.9,45.0,2.038,0.944,0.062,0
AST-IT -328,IT Server,267,199,1.8,3,4.03,64.1,24.5,61.4,1.721,2.211,0.202,0
AST-GEN-911,Generator,782,202,12.4,4,4.12,85.7,35.1,48.6,2.353,2.244,0.476,1
AST-IT -198,IT Server,1151,109,115.5,4,3.24,58.3,16.1,44.5,1.26,1.211,3.01,0
AST-GEN-707,Generator,1327,63,22.8,6,2.08,70.7,54.8,38.6,0.979,0.7,0.515,0
AST-LAB-704,Lab Equipment,2145,187,5.0,10,5.29,55.7,17.4,49.6,1.964,2.078,0.07,1
AST-WAT-278,Water Pump,205,113,0.0,0,1.49,51.8,35.3,59.3,0.514,1.256,0.0,0
AST-MED-933,Medical,2125,107,31.9,9,2.54,47.9,8.2,49.7,0.812,1.189,0.45,0
AST-ELE-187,Elevator,1425,111,19.9,4,2.66,56.8,37.1,38.1,1.007,1.233,0.419,0
AST-ELE-951,Elevator,682,60,30.5,6,2.02,61.5,32.8,47.8,0.829,0.667,1.342,0
AST-WAT-811,Water Pump,1622,128,73.0,8,4.1,75.6,36.1,41.9,2.07,1.422,1.35,1
AST-HVA-795,HVAC,2389,72,136.3,22,2.78,66.8,28.6,52.3,1.236,0.8,1.712,1
AST-HVA-186,HVAC,1164,181,45.7,7,5.23,86.9,34.1,45.0,3.029,2.011,1.178,0
AST-WAT-254,Water Pump,2329,228,49.0,12,6.87,94.0,32.3,57.0,4.308,2.533,0.631,0
AST-MED-401,Medical,1822,27,71.4,6,2.51,45.1,7.2,42.5,0.755,0.3,1.176,0
AST-WAT-262,Water Pump,182,144,8.7,1,4.11,57.8,36.2,38.4,1.586,1.6,1.434,0
AST-LAB-231,Lab Equipment,1197,141,35.6,7,2.85,58.4,18.2,50.2,1.109,1.567,0.892,0
AST-IT -437,IT Server,1679,48,49.5,16,2.15,58.3,11.6,38.9,0.834,0.533,0.884,0
AST-LAB-657,Lab Equipment,2308,109,9.2,13,2.9,48.3,15.0,56.6,0.935,1.211,0.12,0
AST-LAB-326,Lab Equipment,562,205,2.9,2,5.51,65.4,23.9,68.2,2.403,2.278,0.155,0
AST-LAB-125,Lab Equipment,1733,195,171.9,15,6.44,76.3,19.3,67.2,3.274,2.167,2.976,1
AST-ELE-803,Elevator,1389,164,1.7,7,4.28,70.4,34.8,40.4,2.009,1.822,0.037,1
AST-GEN-517,Generator,2312,146,140.0,20,7.06,86.4,58.5,55.5,4.065,1.622,1.817,1
AST-HVA-536,HVAC,1503,198,40.8,13,6.09,88.0,27.8,47.8,3.57,2.2,0.814,1
AST-HVA-814,HVAC,1721,152,69.3,9,4.31,70.4,28.0,42.7,2.021,1.689,1.208,1
AST-ELE-324,Elevator,1730,104,42.3,9,3.77,61.9,29.0,66.2,1.556,1.156,0.734,0
AST-GEN-791,Generator,1040,122,48.4,4,4.44,83.8,48.4,49.4,2.48,1.356,1.396,0
AST-WAT-480,Water Pump,1735,200,95.6,10,6.19,98.2,46.7,59.7,4.051,2.222,1.653,1
AST-WAT-619,Water Pump,1145,91,15.2,2,4.02,61.8,26.4,45.5,1.655,1.011,0.398,0
AST-LAB-563,Lab Equipment,2002,183,42.7,10,5.0,71.8,21.2,66.1,2.395,2.033,0.64,1
AST-IT -470,IT Server,2335,36,12.5,9,1.62,52.8,12.3,53.5,0.571,0.4,0.161,0
AST-MED-447,Medical,2098,60,27.9,8,2.07,45.2,8.6,45.9,0.625,0.667,0.399,0
AST-IT -797,IT Server,2131,234,160.2,15,7.02,84.0,29.1,41.5,3.929,2.6,2.255,1
AST-LAB-398,Lab Equipment,1308,139,29.4,6,2.56,60.0,17.5,40.0,1.023,1.544,0.674,0
AST-GEN-294,Generator,1575,10,30.1,10,3.06,68.1,35.8,29.2,1.391,0.111,0.573,0
AST-MED-373,Medical,1358,2,8.8,9,1.98,50.5,8.8,29.0,0.667,0.022,0.194,0
AST-WAT-967,Water Pump,1627,128,83.5,15,4.87,66.3,37.1,46.9,2.153,1.422,1.54,1
AST-GEN-223,Generator,1993,208,26.4,6,5.88,103.9,46.6,63.8,4.07,2.311,0.397,1
AST-IT -440,IT Server,2437,143,156.2,22,4.51,66.5,18.3,66.6,2.002,1.589,1.923,1
AST-HVA-507,HVAC,474,186,0.0,0,4.75,63.5,28.0,65.0,2.012,2.067,0.0,1
AST-GEN-548,Generator,1713,54,100.8,13,2.31,71.3,46.5,53.8,1.1,0.6,1.765,0
AST-IT -398,IT Server,40,58,0.0,0,1.16,33.3,13.4,60.1,0.258,0.644,0.0,0
AST-IT -939,IT Server,156,78,7.2,2,0.89,44.3,14.9,41.3,0.262,0.867,1.385,0
AST-MED-192,Medical,672,112,24.2,2,1.98,47.8,10.1,42.9,0.631,1.244,1.08,0
AST-WAT-662,Water Pump,69,132,0.0,0,4.65,77.2,30.2,70.2,2.391,1.467,0.0,0
AST-MED-426,Medical,522,4,10.8,3,1.24,29.8,8.6,28.9,0.246,0.044,0.621,0
AST-WAT-973,Water Pump,446,158,12.5,3,5.65,77.3,41.4,54.1,2.908,1.756,0.841,0
AST-LAB-103,Lab Equipment,2061,218,41.7,15,6.56,78.4,21.9,39.7,3.426,2.422,0.607,1
AST-IT -311,IT Server,876,174,9.4,6,3.7,61.5,17.0,60.5,1.518,1.933,0.322,1
AST-GEN-737,Generator,1275,9,2.5,1,4.08,65.9,44.6,53.8,1.793,0.1,0.059,0
AST-LAB-913,Lab Equipment,1533,151,64.8,9,3.8,56.6,15.8,46.9,1.434,1.678,1.268,1
AST-MED-143,Medical,300,228,3.8,2,5.6,62.7,18.2,44.8,2.34,2.533,0.38,0
AST-MED-559,Medical,1522,94,27.9,7,1.44,48.7,9.4,56.3,0.467,1.044,0.55,0
AST-MED-633,Medical,1578,55,273.2,14,2.52,50.6,8.1,57.8,0.849,0.611,5.194,1
AST-IT -172,IT Server,74,176,0.0,0,3.48,62.2,20.3,50.9,1.444,1.956,0.0,0
AST-LAB-785,Lab Equipment,43,201,7.5,1,4.19,64.9,18.6,30.0,1.814,2.233,5.233,0
AST-HVA-992,HVAC,1411,81,11.3,14,3.39,53.3,23.1,69.6,1.205,0.9,0.24,0
AST-IT -834,IT Server,1192,30,26.7,8,1.61,45.4,17.5,62.6,0.487,0.333,0.672,0
AST-LAB-106,Lab Equipment,147,192,1.8,1,4.73,63.3,18.9,60.7,1.995,2.133,0.367,0
AST-LAB-947,Lab Equipment,506,105,3.4,2,1.7,44.7,14.4,48.4,0.507,1.167,0.202,0
AST-WAT-790,Water Pump,303,169,17.0,2,4.1,77.3,48.3,49.8,2.114,1.878,1.683,0
AST-HVA-551,HVAC,1580,104,82.6,10,2.98,63.5,28.6,50.2,1.263,1.156,1.568,1
AST-ELE-268,Elevator,1231,75,94.9,7,3.67,64.1,28.4,45.8,1.569,0.833,2.313,0
AST-LAB-715,Lab Equipment,1926,180,145.8,14,5.37,73.1,18.6,63.9,2.618,2.0,2.271,1
AST-IT -186,IT Server,1231,55,19.8,9,1.55,47.4,15.9,70.4,0.489,0.611,0.483,0
AST-ELE-999,Elevator,1615,222,26.3,8,7.53,98.6,39.7,59.7,4.947,2.467,0.489,1
AST-LAB-436,Lab Equipment,1906,86,61.8,7,1.88,48.0,14.0,58.3,0.602,0.956,0.973,0
AST-MED-369,Medical,1640,202,6.1,5,5.21,62.8,16.6,62.8,2.18,2.244,0.112,1
AST-IT -295,IT Server,1129,199,16.1,8,4.73,74.5,23.0,56.5,2.35,2.211,0.428,0
AST-LAB-121,Lab Equipment,1556,50,52.2,8,2.71,53.0,11.0,59.4,0.959,0.556,1.006,0
AST-IT -659,IT Server,674,209,3.8,5,4.67,64.3,21.7,53.3,2.002,2.322,0.169,0
AST-IT -821,IT Server,2441,112,8.9,6,2.7,58.6,15.5,55.3,1.057,1.244,0.109,0
AST-LAB-843,Lab Equipment,235,140,0.0,0,2.95,53.9,14.5,36.6,1.06,1.556,0.0,0
AST-WAT-843,Water Pump,502,132,46.4,3,4.29,79.2,36.8,39.3,2.266,1.467,2.773,0
AST-MED-629,Medical,2307,10,226.5,14,3.21,60.3,9.1,80.2,1.29,0.111,2.945,1
AST-MED-754,Medical,110,50,0.0,0,1.0,35.0,6.9,25.7,0.233,0.556,0.0,0
AST-GEN-413,Generator,2186,114,43.5,12,3.64,83.0,39.6,40.3,2.015,1.267,0.597,1
AST-HVA-241,HVAC,1628,31,32.9,10,3.22,54.6,22.6,61.2,1.173,0.344,0.606,0
AST-GEN-987,Generator,1873,157,9.3,12,4.07,100.5,35.1,66.0,2.724,1.744,0.149,1
AST-GEN-261,Generator,883,226,18.9,7,6.83,106.1,56.5,50.5,4.83,2.511,0.642,1
AST-ELE-804,Elevator,1222,76,12.7,4,1.58,60.5,27.4,69.7,0.636,0.844,0.312,0
AST-HVA-802,HVAC,698,22,14.5,3,2.33,56.6,28.6,63.0,0.878,0.244,0.623,0
AST-MED-970,Medical,1355,85,12.1,10,2.11,40.3,9.0,54.4,0.567,0.944,0.268,0
AST-IT -725,IT Server,2473,8,215.6,18,2.86,59.7,17.7,51.0,1.14,0.089,2.615,0
AST-LAB-289,Lab Equipment,1433,103,19.2,6,1.97,53.5,11.3,43.4,0.704,1.144,0.402,0
AST-WAT-973,Water Pump,2311,125,57.6,10,4.27,79.8,37.6,46.8,2.273,1.389,0.748,1
AST-GEN-158,Generator,1592,165,20.1,7,4.14,93.0,49.9,36.2,2.568,1.833,0.379,1
AST-LAB-456,Lab Equipment,1859,222,99.4,14,6.84,80.4,21.4,53.2,3.667,2.467,1.604,1
AST-GEN-552,Generator,331,166,6.1,2,3.4,87.9,53.5,50.0,1.989,1.844,0.553,0
AST-HVA-906,HVAC,245,73,0.0,0,0.47,55.0,26.7,25.0,0.174,0.811,0.0,0
AST-LAB-597,Lab Equipment,1895,124,426.7,13,4.08,66.1,18.0,53.3,1.799,1.378,6.755,1
AST-LAB-720,Lab Equipment,1509,206,39.2,10,5.91,77.1,21.7,46.0,3.039,2.289,0.779,1
AST-ELE-759,Elevator,856,191,37.0,8,6.19,90.1,28.0,51.9,3.714,2.122,1.297,1
AST-GEN-377,Generator,2493,99,93.4,10,3.81,88.9,45.9,62.2,2.261,1.1,1.124,1
AST-LAB-181,Lab Equipment,2443,108,5.2,9,3.15,55.3,11.1,48.1,1.16,1.2,0.064,0
AST-MED-898,Medical,1879,150,8.2,17,3.72,48.7,13.6,20.0,1.206,1.667,0.131,0
AST-WAT-235,Water Pump,153,215,0.0,0,5.14,85.6,44.0,55.2,2.935,2.389,0.0,1
AST-MED-370,Medical,127,237,0.0,0,5.49,69.3,20.9,53.0,2.537,2.633,0.0,1
AST-ELE-739,Elevator,1167,231,84.2,5,6.74,98.3,35.6,82.2,4.415,2.567,2.165,1
AST-IT -854,IT Server,2194,36,47.0,15,2.12,57.6,12.8,61.2,0.814,0.4,0.643,0
AST-IT -557,IT Server,1683,147,86.8,12,3.92,73.3,20.3,68.7,1.918,1.633,1.547,1
AST-HVA-341,HVAC,1621,100,38.0,6,3.06,57.2,23.6,39.5,1.167,1.111,0.703,0
AST-WAT-659,Water Pump,2163,110,3.1,10,4.76,61.9,36.9,63.9,1.963,1.222,0.043,0
AST-IT -697,IT Server,1630,155,41.2,13,4.29,67.3,22.4,53.7,1.926,1.722,0.758,0
AST-IT -884,IT Server,1991,133,85.7,12,3.65,68.1,14.6,53.7,1.66,1.478,1.291,1
AST-IT -180,IT Server,1246,32,35.7,10,2.0,46.6,18.7,23.5,0.62,0.356,0.86,0
AST-GEN-431,Generator,2422,10,29.1,5,3.08,65.8,42.4,52.7,1.35,0.111,0.36,0
AST-IT -392,IT Server,246,176,3.6,1,3.45,61.6,18.9,72.6,1.417,1.956,0.439,0
AST-MED-366,Medical,1940,72,72.8,14,2.38,40.9,7.5,53.3,0.651,0.8,1.126,0
AST-HVA-563,HVAC,594,93,13.0,1,2.46,54.8,21.3,54.9,0.9,1.033,0.657,0
AST-MED-843,Medical,646,123,92.7,8,3.4,46.6,11.4,38.9,1.058,1.367,4.305,0
AST-HVA-162,HVAC,2494,86,1.8,15,2.8,58.3,21.2,20.0,1.089,0.956,0.022,0
AST-WAT-764,Water Pump,698,141,56.3,9,5.66,67.2,29.2,25.0,2.538,1.567,2.42,1
AST-HVA-567,HVAC,1330,24,74.2,6,2.21,62.8,29.5,58.7,0.926,0.267,1.674,0
AST-GEN-725,Generator,537,239,6.7,4,5.71,100.7,57.6,53.7,3.835,2.656,0.374,1
AST-WAT-107,Water Pump,1009,115,8.1,3,4.43,46.7,39.6,38.6,1.381,1.278,0.241,0
AST-IT -131,IT Server,965,81,4.8,2,1.5,55.2,21.0,55.6,0.551,0.9,0.149,0
AST-IT -723,IT Server,501,174,14.3,2,3.61,61.0,21.8,45.7,1.467,1.933,0.856,0
AST-IT -767,IT Server,1554,137,3.9,8,3.03,56.6,15.7,39.9,1.144,1.522,0.075,0
AST-LAB-100,Lab Equipment,1953,92,24.9,9,1.29,42.7,10.2,45.4,0.369,1.022,0.382,0
AST-GEN-689,Generator,912,215,3.6,3,5.43,90.1,65.7,39.0,3.258,2.389,0.118,1
AST-ELE-277,Elevator,1350,101,69.3,9,3.51,54.8,29.2,45.1,1.28,1.122,1.54,0
AST-LAB-957,Lab Equipment,1988,178,1.5,17,4.78,62.0,21.9,47.4,1.977,1.978,0.023,0
AST-WAT-792,Water Pump,1645,209,10.6,5,7.38,89.0,39.1,28.2,4.381,2.322,0.193,1
AST-WAT-590,Water Pump,2005,18,106.9,8,6.2,78.3,32.4,41.2,3.238,0.2,1.6,1
AST-GEN-516,Generator,1694,188,57.2,9,4.99,98.1,49.3,41.7,3.264,2.089,1.013,1
AST-WAT-971,Water Pump,2190,106,22.3,10,3.45,69.6,36.4,65.3,1.603,1.178,0.305,1
AST-GEN-914,Generator,957,196,36.3,8,5.63,95.8,62.7,41.9,3.599,2.178,1.138,1
AST-GEN-910,Generator,2217,31,11.2,11,2.06,79.6,48.9,66.2,1.095,0.344,0.152,0
AST-GEN-245,Generator,1709,34,10.9,8,2.93,75.6,33.9,53.5,1.476,0.378,0.191,0
AST-WAT-729,Water Pump,2142,108,32.1,21,4.4,70.0,33.6,46.5,2.05,1.2,0.45,1
AST-IT -358,IT Server,1678,102,77.3,13,2.55,47.5,12.7,41.8,0.808,1.133,1.382,0
AST-WAT-383,Water Pump,2352,125,36.4,12,3.83,64.6,34.3,47.7,1.649,1.389,0.464,0
AST-WAT-420,Water Pump,951,101,26.9,6,2.05,74.4,31.1,53.7,1.019,1.122,0.849,0
AST-WAT-354,Water Pump,1081,145,7.6,2,3.36,68.9,31.3,45.2,1.545,1.611,0.211,0
AST-MED-205,Medical,570,28,4.0,3,1.59,42.2,8.0,42.2,0.447,0.311,0.211,0
AST-LAB-274,Lab Equipment,228,232,0.1,1,6.48,74.1,24.8,57.4,3.203,2.578,0.013,1
AST-HVA-968,HVAC,342,180,9.6,2,5.12,63.9,31.1,55.9,2.181,2.0,0.842,1
AST-IT -730,IT Server,1052,230,10.2,4,5.87,71.1,29.1,54.9,2.784,2.556,0.291,1
AST-IT -267,IT Server,2211,3,294.1,11,2.56,55.7,14.1,36.5,0.951,0.033,3.991,0
AST-WAT-790,Water Pump,2443,42,34.5,14,3.58,73.9,39.0,68.0,1.766,0.467,0.424,0
AST-MED-352,Medical,1608,83,2.9,13,1.64,42.7,9.2,68.2,0.468,0.922,0.054,0
AST-ELE-463,Elevator,1665,135,287.5,10,5.74,76.6,24.9,48.5,2.929,1.5,5.18,1
AST-LAB-713,Lab Equipment,191,10,0.0,0,0.99,45.4,11.5,49.0,0.298,0.111,0.0,0
AST-IT -273,IT Server,924,49,33.0,4,1.37,63.7,15.6,40.2,0.58,0.544,1.071,0
AST-MED-236,Medical,1260,4,115.8,9,2.64,48.2,6.0,56.5,0.849,0.044,2.757,0
AST-HVA-420,HVAC,1898,84,66.5,15,3.5,69.3,22.1,30.4,1.616,0.933,1.051,0
AST-MED-811,Medical,625,119,24.5,3,2.21,46.3,12.0,54.3,0.682,1.322,1.176,0
AST-LAB-965,Lab Equipment,411,167,0.0,0,3.81,55.0,15.1,65.3,1.399,1.856,0.0,0
AST-LAB-559,Lab Equipment,2367,191,20.8,7,5.14,64.8,18.9,38.3,2.219,2.122,0.264,0
AST-WAT-347,Water Pump,956,62,23.0,4,4.3,51.2,25.8,52.4,1.469,0.689,0.722,0
AST-LAB-961,Lab Equipment,1302,232,239.6,13,7.35,83.0,21.1,52.3,4.067,2.578,5.521,1
AST-HVA-664,HVAC,1126,66,140.7,6,3.22,67.4,23.4,37.8,1.447,0.733,3.749,0
AST-LAB-503,Lab Equipment,1579,22,12.3,2,1.96,46.8,9.2,63.6,0.611,0.244,0.234,0
AST-WAT-834,Water Pump,747,227,18.1,5,7.86,98.0,45.5,59.5,5.131,2.522,0.727,1
AST-WAT-832,Water Pump,1520,14,4.3,13,2.41,67.7,32.8,49.1,1.09,0.156,0.085,0
AST-MED-166,Medical,86,55,0.0,0,1.0,40.9,7.5,52.8,0.273,0.611,0.0,0
AST-MED-164,Medical,2024,228,107.4,8,6.96,70.2,20.8,38.0,3.261,2.533,1.592,1
AST-GEN-753,Generator,1700,95,137.3,10,2.55,91.9,50.2,36.1,1.566,1.056,2.423,1
AST-GEN-361,Generator,1783,95,140.7,11,3.24,90.5,38.1,24.7,1.955,1.056,2.367,1
AST-MED-388,Medical,1789,192,28.7,6,4.73,61.5,16.1,32.8,1.939,2.133,0.481,1
AST-WAT-774,Water Pump,282,57,10.3,3,2.65,55.9,37.0,60.4,0.987,0.633,1.096,0
AST-IT -387,IT Server,1714,117,2.2,6,2.12,46.4,16.7,51.6,0.657,1.3,0.039,0
AST-LAB-366,Lab Equipment,1269,173,5.2,3,4.18,65.1,21.2,34.7,1.814,1.922,0.123,1
AST-WAT-716,Water Pump,2131,159,4.7,17,4.15,68.4,34.4,46.2,1.892,1.767,0.066,1
AST-IT -716,IT Server,499,229,0.0,0,5.11,74.6,26.7,52.5,2.543,2.544,0.0,1
AST-GEN-947,Generator,1397,55,5.0,5,3.04,69.1,49.7,49.2,1.403,0.611,0.107,0
AST-WAT-755,Water Pump,1103,212,7.8,6,6.38,89.0,34.9,58.0,3.783,2.356,0.212,1
AST-ELE-832,Elevator,1790,33,171.6,11,3.67,65.8,31.5,55.7,1.608,0.367,2.876,0
AST-IT -784,IT Server,1761,207,55.8,11,5.36,75.4,27.4,80.8,2.695,2.3,0.951,1
AST-HVA-608,HVAC,2123,22,153.9,12,4.34,69.7,25.2,61.3,2.016,0.244,2.175,0
AST-GEN-900,Generator,2105,73,58.8,7,3.64,64.1,38.7,39.6,1.556,0.811,0.838,0
AST-LAB-914,Lab Equipment,1394,217,23.4,7,6.1,68.9,22.3,23.5,2.803,2.411,0.504,1
AST-ELE-883,Elevator,1083,199,28.7,2,5.58,85.7,28.5,48.3,3.189,2.211,0.795,1
AST-ELE-379,Elevator,391,129,6.2,3,3.12,68.0,25.4,60.0,1.412,1.433,0.476,0
AST-MED-118,Medical,1563,179,5.0,12,4.16,53.0,14.1,56.7,1.471,1.989,0.096,0
AST-GEN-785,Generator,1096,14,0.4,4,2.03,63.1,49.6,59.3,0.852,0.156,0.011,0
AST-ELE-422,Elevator,1133,107,48.9,14,3.28,66.8,30.0,52.8,1.462,1.189,1.295,0
AST-HVA-234,HVAC,273,103,21.9,3,2.89,54.6,25.6,63.0,1.052,1.144,2.407,0
AST-ELE-742,Elevator,1794,28,192.8,10,3.32,70.8,22.6,33.4,1.565,0.311,3.224,1
AST-WAT-839,Water Pump,1458,198,8.7,5,6.65,85.5,39.4,58.1,3.789,2.2,0.179,1
AST-GEN-754,Generator,1830,40,24.1,12,4.22,74.2,43.6,35.5,2.088,0.444,0.395,0
AST-WAT-101,Water Pump,980,31,10.7,9,3.16,55.4,35.1,64.2,1.169,0.344,0.328,0
AST-MED-487,Medical,1297,59,2.4,5,1.75,39.3,8.2,39.3,0.46,0.656,0.056,0
AST-IT -901,IT Server,1055,70,1.3,3,1.47,46.6,15.4,64.5,0.456,0.778,0.037,0
AST-WAT-230,Water Pump,2270,5,6.4,7,3.2,61.9,37.2,54.5,1.323,0.056,0.085,0
AST-MED-788,Medical,99,16,0.0,0,1.15,33.6,7.4,27.2,0.257,0.178,0.0,0
AST-GEN-898,Generator,893,28,19.0,5,3.45,74.8,38.4,37.5,1.718,0.311,0.638,0
AST-HVA-583,HVAC,2324,128,49.7,14,4.69,51.5,26.8,33.9,1.613,1.422,0.642,1
AST-WAT-450,Water Pump,803,149,8.5,3,4.49,67.6,49.5,53.2,2.023,1.656,0.318,1
AST-HVA-345,HVAC,1142,163,61.7,11,5.4,73.7,25.5,31.0,2.654,1.811,1.621,1
AST-ELE-314,Elevator,792,191,36.0,4,6.26,73.4,31.2,49.8,3.065,2.122,1.364,1
AST-LAB-245,Lab Equipment,132,229,19.4,3,5.51,81.6,20.6,41.2,2.998,2.544,4.409,1
AST-MED-887,Medical,1536,181,19.9,5,4.38,57.9,15.7,60.6,1.693,2.011,0.389,0
AST-ELE-491,Elevator,634,228,33.5,4,6.43,82.0,42.5,61.8,3.518,2.533,1.585,1
AST-IT -609,IT Server,1551,99,59.9,11,2.19,61.2,15.4,42.8,0.895,1.1,1.159,0
AST-ELE-553,Elevator,2267,178,65.8,10,6.53,78.0,39.8,50.3,3.398,1.978,0.871,1
AST-WAT-334,Water Pump,2464,63,12.5,17,4.73,74.6,29.7,55.7,2.35,0.7,0.152,0
AST-WAT-396,Water Pump,880,19,30.4,3,1.75,60.4,31.6,50.6,0.705,0.211,1.036,0
AST-ELE-459,Elevator,355,139,3.8,1,3.89,58.7,32.7,45.5,1.521,1.544,0.321,0
AST-MED-880,Medical,1852,141,43.2,13,3.08,56.9,13.6,49.3,1.167,1.567,0.7,0
AST-GEN-904,Generator,2198,219,16.0,7,6.3,109.4,52.7,65.5,4.595,2.433,0.218,1
AST-WAT-679,Water Pump,1423,124,49.3,9,3.99,77.8,29.4,60.2,2.071,1.378,1.039,1
AST-WAT-950,Water Pump,2117,63,53.7,7,2.41,69.1,29.9,71.9,1.111,0.7,0.761,0
AST-IT -303,IT Server,79,175,0.0,0,3.61,61.0,22.9,46.8,1.467,1.944,0.0,0
AST-IT -716,IT Server,2333,111,44.9,9,2.48,66.3,17.4,51.5,1.095,1.233,0.577,0
AST-ELE-758,Elevator,2440,220,140.0,19,7.46,97.1,47.8,47.4,4.831,2.444,1.721,1
AST-IT -399,IT Server,1685,194,53.0,8,5.26,58.8,21.4,67.5,2.061,2.156,0.944,0
AST-ELE-848,Elevator,102,214,7.9,1,6.87,81.6,39.6,47.2,3.738,2.378,2.324,1
AST-MED-449,Medical,1748,41,110.5,14,2.91,57.4,8.7,73.2,1.114,0.456,1.896,0
AST-ELE-864,Elevator,1574,164,131.0,7,5.34,83.7,33.6,38.5,2.977,1.822,2.497,1
AST-GEN-260,Generator,1862,26,114.1,7,4.67,67.7,47.1,59.2,2.111,0.289,1.838,0
AST-WAT-754,Water Pump,2109,115,8.5,7,3.8,74.7,27.8,50.8,1.892,1.278,0.121,0
AST-LAB-942,Lab Equipment,1374,14,3.3,6,2.05,53.1,14.1,32.4,0.725,0.156,0.072,0
AST-IT -991,IT Server,160,171,0.6,1,3.53,55.4,23.9,26.8,1.304,1.9,0.113,0
AST-LAB-449,Lab Equipment,549,12,0.9,1,1.46,38.3,13.7,50.4,0.374,0.133,0.049,0
AST-WAT-699,Water Pump,222,227,2.3,1,7.35,95.4,42.9,20.0,4.677,2.522,0.311,1
AST-MED-313,Medical,2409,6,55.2,14,2.19,48.4,8.8,66.9,0.706,0.067,0.687,0
AST-WAT-365,Water Pump,2213,65,3.4,10,2.29,62.0,24.4,57.7,0.946,0.722,0.046,0
AST-LAB-294,Lab Equipment,717,11,12.1,5,1.47,42.5,11.9,43.7,0.418,0.122,0.506,0
AST-ELE-913,Elevator,1076,212,16.6,6,5.95,78.6,37.8,37.7,3.118,2.356,0.463,0
AST-MED-113,Medical,1986,61,3.6,9,1.61,42.8,9.5,47.8,0.46,0.678,0.054,0
AST-IT -595,IT Server,360,233,6.7,1,5.5,67.3,28.1,42.9,2.467,2.589,0.558,0
AST-IT -866,IT Server,31,31,0.0,0,1.07,45.5,14.7,56.5,0.325,0.344,0.0,0
AST-HVA-875,HVAC,832,194,0.5,5,5.68,74.4,29.1,50.4,2.818,2.156,0.018,1
AST-GEN-725,Generator,324,189,3.6,1,4.82,92.0,45.8,43.0,2.955,2.1,0.333,1
AST-WAT-745,Water Pump,1064,238,9.6,3,9.48,84.4,42.4,53.1,5.335,2.644,0.271,1
AST-LAB-184,Lab Equipment,1636,107,1.1,7,2.44,53.6,13.9,44.5,0.871,1.189,0.02,0
AST-MED-595,Medical,301,8,10.0,2,1.76,38.2,9.1,37.0,0.449,0.089,0.997,0
AST-IT -325,IT Server,1449,47,8.7,11,1.33,61.5,12.3,51.9,0.546,0.522,0.18,0
AST-LAB-475,Lab Equipment,583,180,12.9,3,4.94,66.3,19.6,53.1,2.183,2.0,0.664,0
AST-IT -353,IT Server,465,176,0.7,7,3.53,60.4,21.7,42.6,1.422,1.956,0.045,0
AST-WAT-869,Water Pump,819,3,66.2,6,2.29,62.3,34.5,47.1,0.952,0.033,2.425,0
AST-HVA-854,HVAC,1612,21,8.4,6,2.63,52.7,22.5,42.4,0.925,0.233,0.156,0
AST-IT -326,IT Server,761,24,31.3,5,1.5,43.7,13.7,46.1,0.437,0.267,1.234,0
AST-IT -147,IT Server,273,215,9.0,2,4.93,70.2,21.6,61.0,2.31,2.389,0.989,0
AST-MED-171,Medical,1599,225,53.8,15,6.18,79.8,18.8,49.1,3.285,2.5,1.009,1
AST-ELE-374,Elevator,893,10,65.2,4,2.63,70.2,36.9,55.5,1.231,0.111,2.19,0
AST-HVA-922,HVAC,1245,38,38.3,10,3.27,54.4,24.7,49.6,1.187,0.422,0.923,0
AST-ELE-340,Elevator,424,102,5.3,1,2.64,56.0,25.8,60.4,0.986,1.133,0.375,0
AST-GEN-233,Generator,1261,98,16.8,6,4.01,77.1,43.2,61.3,2.061,1.089,0.4,0
AST-MED-387,Medical,1972,30,35.1,13,2.01,39.7,8.6,52.0,0.532,0.333,0.534,0
AST-HVA-909,HVAC,1641,16,10.4,8,3.36,64.6,16.4,23.7,1.446,0.178,0.19,0
AST-ELE-342,Elevator,2042,233,11.0,16,6.98,83.4,42.7,63.3,3.882,2.589,0.162,1
AST-IT -733,IT Server,703,19,1.6,2,1.06,38.2,18.2,37.3,0.269,0.211,0.068,0
AST-IT -220,IT Server,191,16,12.9,3,0.86,49.3,11.1,40.4,0.284,0.178,2.026,0
